path,bytes,sha256
".gitignore",278,4838cd5452fa7ff4bb5d025109328df2c2a0ab08ab65eca3df2396337c025862
".htaccess",1407,6b6232044b889399f6c21f7c03379d9d88c1639fc89f0eef431df42166648f95
"README.md",4595,a6754cc70d4949b3e7bc939ecb37a05fc5193bb64e4f55f20a2910dce4e52516
"SETUP.md",11523,bc73554cdadb600c62b0ef74acb21d4b29e2648e06bacc8694f1ed5cc2091ea9
"app/.htaccess",19,fa28d421a28ed9b6f4b997d5119c2b8adbacff6e2dd119a179b71230f9664934
"app/app-download.php",6781,37c9d82b828901ca88d34798b3a525da453da11e2206d860f548f04d4162874f
"app/bootstrap.php",8803,986a40377f3ebb301cad68b1ef859ef4b47b4ddba6704f5476dc25120c2065b9
"app/content-manager.php",30654,f36c68b0f8bd2375df5f0998910aa92f5ce45ea9a6c636b71aa9df95e7cd8d68
"app/emails/admin-password-otp.php",622,937abc649d810b4ae22ce8e5a9da29e48b5db32ff1fe16c0b6bbb11f6724c3d8
"app/emails/base.php",908,c322c9b0d11c47a16c326c9abb313a2865664d523ac588095348e19a81240ae6
"app/emails/expiry.php",515,2f45f192fb7f41babf008e513395955ae72112357770b3874524329635f127fa
"app/emails/password-reset.php",544,0341038b75609ebdad264e793be3ef8a7c9e8ae2b9398f7e89b28d77838b4bba
"app/emails/purchase.php",677,6a7634b283c8c662a3cce037de60d232e06692cbdce29995668d12c102f43db3
"app/emails/welcome.php",499,57576667f98c058cfdda542c1b809975a1952bdf54bf9804561b383c26a2907c
"app/maintenance.php",11332,308242aac84411cd89ce9dcb884f64de296c761fb7282ec807034119d99b764e
"app/portal.php",117885,53ce66083abfa587e30ebe2ef4d27f2d98683fbdb3d0e7c90a6d7f4cd881b94f
"app/resource-library.php",35575,2b2f30a1ee984e4b74e3971aa14a60c195d8571ac85db9303c298f4f97b23cb4
"app/resource-membership.php",31075,07371a1152bedf48f0bcf1850117b77dfcbb8303aaeea5c13ab461300ebcfd4d
"app/site.php",109975,e761a2a3066d323ce4c1d9df8517bea875afe38c0b1a8d7c6da137acd636110a
"app/tool-experience.php",17491,42caa6a44524b0a441bb4cbac11f4711567df3804f73cf55da8485feb5aff420
"app/tool-suite.php",68607,e7abdc58b5ad4592ff3e35edab7cc56d524adf8c6ab97ade4786fc960f4d6c67
"assets/css/app-download.css",3588,7396204cb3c17011ff5ea679d0b5dd9b721d22e3a38d8c99556c85b1489efe00
"assets/css/app.css",51123,e08597c88c2c287ca55057c1573e54ebda234c093b87e927ac8a85e03b04d41e
"assets/css/resource-library.css",2315,7abc648f5712ec6bdcaf2058053a799520f32e56a7d9451f1e75058adde3f256
"assets/css/tool-experience.css",2346,a78b70fce303091513a293d0f53a8fca94630ffa80087633c34cc91beb1f2564
"assets/img/favicon.png",13042,7e2a57318af9db98641aaeaac89eacb214e16e8391fd2d84ed009289ba2787a3
"assets/img/favicon.svg",617,276684ca5f8c04e227377b40f3b82a83973a6583b79cbe921e79b800eef2d386
"assets/img/logo-dark.png",17633,7581879e020678420eb92a8d3171ac1e478eec388f739a4355dd363c5c3d624b
"assets/img/logo-dark.svg",1601,489594a3cad2d792649629faeb0d33fcdffa59fd91d7ef3e8678855346b3b1f2
"assets/img/logo.png",17638,02e784305ddb73c3464c5172b724729407d7f00b8552d3c8810d8ece182aab31
"assets/img/logo.svg",1601,858447e28bf0f0120a3e120cf2b1d13a02bcb7aa25cefc94cef95199b451438f
"assets/img/og.png",74032,1b3ee7fe9eba2e8a295edc2ad9a6192469ba9d5c3dc3128b58754d73814304c8
"assets/img/og.svg",2008,222f1a3ae9a7b6964b35f60e2db81b31a6b687d0435857f702a2e4564ed439ef
"assets/img/tools/career.svg",836,abd5c15e4ccc9896cd93a6721175f18bdee579629ae448f455042927209a9010
"assets/img/tools/image.svg",721,faa495299857f8f1b84df6a22038ab3215874b9087ca48cb8c50e3645db50e78
"assets/img/tools/pdf.svg",1064,52b20d63f38f8e509a734d3f31a9673b9727f6184cf790f5c488b5a78b3d13e1
"assets/img/tools/planner.svg",960,3b27b62713be3315c66fa503e1651f064a266b85c06275aad578c23b837d42b8
"assets/img/tools/study.svg",941,b3a9802af3b76ce0db6bcabb619324e845c374d0e1da4f79447a490c0227f255
"assets/js/app-download.js",2679,ee283700e5b9eac8ce0405cf70876edf3e390ebe8970cb4c3c6eabc2743ff116
"assets/js/app.js",15982,bbc8ac7f13dce63927d87f59fe487111eca7a5cbd1ecdde3b066f385fac3e05e
"assets/js/engineering-data.js",22470,daefa61a026276e331108441c7ed959be865f88edc5f50387165a24ba89460ff
"assets/js/local-file-tools.js",17672,a17b0509fa8da9be9072113b0a6792f6b6b5e79cf859b49b37c2ebb5d3c5062d
"assets/js/resource-library.js",6320,569fccfa4f5d283b39187f6fb80304aef600a6513de19a27b12e1f1b7033dc20
"assets/js/tool-experience.js",3536,e81fa5eaba91ed022e84fdf7988d9b6fd948c8502a8b429ddb7841f4d22e2bfa
"assets/js/tool-suite.js",29862,4929623fa33079b5e85a6757cd11ea4d0c72a6836c70256443994406cd234b63
"assets/js/vendor/pdf-lib.LICENSE.txt",1070,f2c9fc00fdb66eb99ac156ba52d734af66d8d309f65753ae809ad34ee2883bcb
"assets/js/vendor/pdf-lib.min.js",525099,0f9a5cad07941f0826586c94e089d89b918c46e5c17cf2d5a3c6f666e3bc694f
"config/.htaccess",19,fa28d421a28ed9b6f4b997d5119c2b8adbacff6e2dd119a179b71230f9664934
"config/config.example.php",2288,893f2bce79631be5cc9c47ff87ae9dd0f7a3dc1539377116edfb1cd1627126d8
"config/config.php",2288,893f2bce79631be5cc9c47ff87ae9dd0f7a3dc1539377116edfb1cd1627126d8
"cron/.htaccess",19,fa28d421a28ed9b6f4b997d5119c2b8adbacff6e2dd119a179b71230f9664934
"cron/subscription-reminders.php",926,78450ae08558b4969b5eca1dc5b4fe6391f38e5d9724f5af9670bb2ebd0c2d9c
"database/.htaccess",19,fa28d421a28ed9b6f4b997d5119c2b8adbacff6e2dd119a179b71230f9664934
"database/migrations/2026-09-28-resource-library.sql",2309,142a38e415f5966355a0f6b62f7b7160f3b63b81f8f1f2ebd285eb1614efa73f
"database/migrations/database-migration-2026-08-31.sql",169,53cae261a09e54b96031294071c8042f7456724784b402d2e15fceac8c00154b
"database/migrations/database-migration-direct-auth-2026-09-01.sql",419,e2d60adf26b3ebd07f54530c82c8202178b99c53cf95e0f2e28b623919dc6783
"database/migrations/database-migration-google-oauth-2026-08-31.sql",162,c41d665f044e17333fa1d052781f2f3113f9392af20af35a6594138ae90d3fc6
"database/migrations/database-migration-integrated-career-ai-2026-09-08.sql",877,1a34bf9d289c11e7c93b2d50e721f3c587ae32489aa37a3bd6bda035688b1232
"database/migrations/database-migration-local-file-tools-2026-09-08.sql",1672,a65ad3ebd29380a629a5c32063a0840e2c8ec4e3d48d7f08f3ba69945757072b
"database/migrations/database-migration-production-portal-2026-09-01.sql",5866,d67baf3fbdb9932704cfac86cee76d3c627a1d414060e24223387a2e95a82794
"database/migrations/database-migration-razorpay-2026-09-07.sql",439,7451cde68e2cb8643ab23aa33527129c480f58edd807bc78c0b73cb8ba0c6221
"database/migrations/database-migration-resource-pricing-admin-otp-2026-09-08.sql",900,c529e11d0a15bc87267962340a6138ecf84acb6b739b0a8de5632696547926f7
"database/migrations/database-migration-student-onboarding-2026-09-02.sql",1117,949cc4c14d6917001b673b4afce2805f98a9f38900d5bb124577f218acc7f8cf
"database/portfolio-settings.sql",959,d0f16626d9dd0487624d7a7f67c988a52949e876858af32a52718717ae47f191
"database/schema.sql",29889,04b8cdf029584d146d51aa34724924466a9e6af6574a6c3a0cd65664a1367704
"docs/.htaccess",19,fa28d421a28ed9b6f4b997d5119c2b8adbacff6e2dd119a179b71230f9664934
"docs/MIGRATION.md",2989,d1eba1739ac16711c82ce508686396459b3964736a4647e15afa000d63b285d3
"docs/VALIDATION.md",1449,e2cd9664ef70b94b9cd1a2ff01c7ad72ecf080401c64ae7c0907f45c8f57a09d
"docs/resource-inventory.csv",2615,98dcd31311a6967498687cf30ee972bba3d45288c3952332ed83b25f9bf6bb9d
"downloads/.gitkeep",0,e3b0c44298fc1c149afbf4c8996fb92427ae41e4649b934ca495991b7852b855
"includes/.htaccess",19,fa28d421a28ed9b6f4b997d5119c2b8adbacff6e2dd119a179b71230f9664934
"includes/resources-v2-legacy.php",29882,d87b8c23d797d94c577db90bf7d354312933f039a83ab4866a3f02fba365de61
"includes/resources-v2.php",1601,6635d7e4dd022bd3c4a9c55eaea632032ad3a7bf31526bc46fa166daab8cccaa
"index.php",19966,76f1178de93cb7e01bdd05d9d8ea436d82253b0c2916ba0bf678a041f274de22
"llms.txt",555,e2bb5b75e102b066c4b18d93201738b8c20eebc2aba9465cfcfd84b41be50403
"robots.txt",289,4458ef387e0a1ff0c99598d3e2981456bdbae64b759246b7839ba79110ada7ca
"sitemap.xml",5538,8569b93f746cdc0b0eb70fa0eef8f43fcdb57f7785d872754b3c263c3dc4ac89
"storage/.htaccess",19,fa28d421a28ed9b6f4b997d5119c2b8adbacff6e2dd119a179b71230f9664934
"storage/cache/.gitkeep",1,01ba4719c80b6fe911b091a7c05124b64eeece964e09c058ef8f9805daca546b
"storage/logs/.gitkeep",1,01ba4719c80b6fe911b091a7c05124b64eeece964e09c058ef8f9805daca546b
"storage/resource-library/.htaccess",19,fa28d421a28ed9b6f4b997d5119c2b8adbacff6e2dd119a179b71230f9664934
"storage/resource-library/545472366-Compiler-Design-Notes.pdf",4009066,eb8fff45f4d4ff2b515c5545d17a282c8a8d40dab2e42affff103e4fe45c574b
"storage/resource-library/870524229-Advanced-Data-Structures-and-Algorithms-Notes.pdf",186101,09c219ba11801b2f267819bb56dc2f1bcc8e3e5c2686b0cb9555d4fab782d1b3
"storage/resource-library/Cloud Computing All Unit Notes.pdf",6534933,257c7d1364c46144ccc88a2db51fdc4c2d8d58378716d682610f3a1b87e72681
"storage/resource-library/Computer Organization and Architecture.pdf",938101,06f12fc5b21cc16cd821cb58984392c6bf48cb01a517a31c1bdaa8b268ae701d
"storage/resource-library/Data Structures Handwritten Notes.pdf",13339784,2c2fdebbd58e0662172e9ee7e46740a3628e8d64bd8562a5514c21c6e2d61345
"storage/resource-library/Database Management System Notes PDF.pdf",4405869,eb7aa7885cffc04a47fce4c2932f5c2596d1ba769afc8a2690c6b8bce03ee452
"storage/resource-library/Design and Analysis of Algorithms DAA Notes.pdf",2724056,098d1c6a3b2cc62c6af0231c55cef2937b5c608c19101722d1bdccfa26b998a6
"storage/resource-library/Discrete Mathematics Notes PDF.pdf",11157308,1a14d131f6a2b8155d8bd60aa054c0707e3fa397c5aa5b2664a266c092edb1d7
"storage/resource-library/Distributed Systems Lecture Notes.pdf",4475226,ab6f62ca84f9a45549557f665b141d56f054938f3c55fb376b343c559d1535e8
"storage/resource-library/Engineering Mathematics I Lecture Notes.pdf",28330067,e54a6208865f754f296cdb134cbc4aa6a950f70ec0a83dab47b7a3a1c62f04a3
"storage/resource-library/Engineering Mathematics II.pdf",6819190,35b5b8336ba010087de3e7392898f1f7693b6d32d9d77c6428b55ec88dca95db
"storage/resource-library/Engineering-Mathematics-3.pdf",44699396,4b38863828c37ab1e32b94a066ce1cc60a57280360ce44eaf36d0cc0cc5d7994
"storage/resource-library/Human-Computer Interaction.pdf",328033,606ed09499af1763bbca2f79361951d012d6fd8b44e256fd0ffdb604d1c1e7a1
"storage/resource-library/Information Retrieval.pdf",566641,16acf25f5f95f69128caa3d8d3163cfd034c541e28f28f77fbb9fbefb73a43a5
"storage/resource-library/Java Object-Oriented Programming.pdf",2076751,6965ed62fbf9bcdf81b6952f5be2b8cad29b0b2be044d2feb0e65ed63ace2cff
"storage/resource-library/Java Programming Notes for B.Tech 2nd Sem.pdf",3062387,4bfb9fd40d520b509d93edd0564f1b0595e65189e6b05c2846fa5b3f310a34bf
"storage/resource-library/Operating System Handwritten Notes.pdf",9523943,b2b03886e3996e1a8c7b34d44db39963277bdace84b5e6b3767bbeb9cf96793d
"storage/resource-library/PROGRAMMING-FOR-PROBLEM-SOLVING-1.pdf",4425067,48ccbcb396104457a7a7ad10d35aeb2777a4a8c9733fcfb725df7e13003df6ca
"storage/resource-library/Python-Programming-A-Step-by-Step-Guide-For-Absolute-Beginners.pdf",2735084,7ad3207955af6019acd4991d09eb3e256c7597277e27af2ed43ec0239083a723
"storage/resource-library/README.txt",247,a84ecf5adc7daeec1b708df02597c29a165f775f2973d407fc73c617e1a05de9
"storage/resource-library/Theory of Computation Notes PDF.pdf",10299707,064b8fa57651ef5f124a1fe6d2ea8ff60a5a0f87db1c5f889fe8c0e5f8439356
"storage/resource-library/computer graphics.pdf",16695892,f24b64986e41ba5aa8c3910eee81f7b073fee892327ae8a4161046fd35fe5f7e
"storage/resource-library/previews/064b8fa57651ef5f124a1fe6d2ea8ff60a5a0f87db1c5f889fe8c0e5f8439356/1.jpg",239688,ec2ae15e4caa047782f150c911ea2a603fa3f1b5cceba92bdbab169353fcf8a4
"storage/resource-library/previews/064b8fa57651ef5f124a1fe6d2ea8ff60a5a0f87db1c5f889fe8c0e5f8439356/10.jpg",198985,6a1d62f0a54de3216658556effaecbde8d349516573fcfd369c34a5545ff1ff6
"storage/resource-library/previews/064b8fa57651ef5f124a1fe6d2ea8ff60a5a0f87db1c5f889fe8c0e5f8439356/11.jpg",185905,c470a7b4cc9cd5ba5d0675b8582dc2a198a2e3e2a8af70b972f2b0b553c29f8d
"storage/resource-library/previews/064b8fa57651ef5f124a1fe6d2ea8ff60a5a0f87db1c5f889fe8c0e5f8439356/12.jpg",181118,a973a864f20d8fd364213f387c4970fbf9778f512189044691824824d7800bd9
"storage/resource-library/previews/064b8fa57651ef5f124a1fe6d2ea8ff60a5a0f87db1c5f889fe8c0e5f8439356/13.jpg",148597,65b45be9158a423da93b60e31aa6f5f616bb2f53729a630cba6a1110cd45d5ff
"storage/resource-library/previews/064b8fa57651ef5f124a1fe6d2ea8ff60a5a0f87db1c5f889fe8c0e5f8439356/14.jpg",164382,6020bff0c5a2747cb053923f6a6f7e3ff63358448d322f644d29f174664c9078
"storage/resource-library/previews/064b8fa57651ef5f124a1fe6d2ea8ff60a5a0f87db1c5f889fe8c0e5f8439356/15.jpg",224481,aeb911a08b45a0887dcdf0b551ea44b798ed657db609b56248c852138ce3ef54
"storage/resource-library/previews/064b8fa57651ef5f124a1fe6d2ea8ff60a5a0f87db1c5f889fe8c0e5f8439356/16.jpg",145905,38eb06c389e4177888ce1f288d88e5d7216406e10cec8c33a4a688c7bc1fa8e6
"storage/resource-library/previews/064b8fa57651ef5f124a1fe6d2ea8ff60a5a0f87db1c5f889fe8c0e5f8439356/17.jpg",136888,ffeddf0ba56dc6af056121ca04dd9effb5215b2ea845cef07be88c2f44186277
"storage/resource-library/previews/064b8fa57651ef5f124a1fe6d2ea8ff60a5a0f87db1c5f889fe8c0e5f8439356/18.jpg",185257,ac30c9e7a0a1d6af0b8b7ff9e27228cb6958eb2bf2f9ec1edf2c3386ccbdd157
"storage/resource-library/previews/064b8fa57651ef5f124a1fe6d2ea8ff60a5a0f87db1c5f889fe8c0e5f8439356/19.jpg",157982,db869fa7a4520a3b01b1bd9b401160f130f09087b8aa6336c14c410bd88ce961
"storage/resource-library/previews/064b8fa57651ef5f124a1fe6d2ea8ff60a5a0f87db1c5f889fe8c0e5f8439356/2.jpg",219369,229ce67e62b84a52df16e5ab31ebc0b03f72941a58229ea98ee0f1403f575bda
"storage/resource-library/previews/064b8fa57651ef5f124a1fe6d2ea8ff60a5a0f87db1c5f889fe8c0e5f8439356/20.jpg",170159,27b535190837ca75cae62a95afc5973596c68d1cf2a3425e580a9062e0a731f1
"storage/resource-library/previews/064b8fa57651ef5f124a1fe6d2ea8ff60a5a0f87db1c5f889fe8c0e5f8439356/21.jpg",209954,c6e7fe115cfb43982c9bbdf74d52d7a0b4e1789204ea0fe71d55cc51497c3d79
"storage/resource-library/previews/064b8fa57651ef5f124a1fe6d2ea8ff60a5a0f87db1c5f889fe8c0e5f8439356/22.jpg",215339,a9274fb3e022c1b41a48def963e922b40196be99e4bac2f3dc52ed135e8b1564
"storage/resource-library/previews/064b8fa57651ef5f124a1fe6d2ea8ff60a5a0f87db1c5f889fe8c0e5f8439356/23.jpg",161856,6652b3f108450d1a4fe70942575be213f5a72f5daff928d113b69013f87af0e0
"storage/resource-library/previews/064b8fa57651ef5f124a1fe6d2ea8ff60a5a0f87db1c5f889fe8c0e5f8439356/24.jpg",96601,62dae0aa1a2139b8f5f9b52a4ff1388f824ee824532bb0ab7088a683c29a3182
"storage/resource-library/previews/064b8fa57651ef5f124a1fe6d2ea8ff60a5a0f87db1c5f889fe8c0e5f8439356/25.jpg",199144,5c182e31d3fad1ed345f85208560329ff46bb88a95fab198a8ad9c6dd35ba09a
"storage/resource-library/previews/064b8fa57651ef5f124a1fe6d2ea8ff60a5a0f87db1c5f889fe8c0e5f8439356/26.jpg",116073,23a2916c79e6e323c8e5429d1daf19f657ce5ef4e4910d862b52eeacf0895034
"storage/resource-library/previews/064b8fa57651ef5f124a1fe6d2ea8ff60a5a0f87db1c5f889fe8c0e5f8439356/27.jpg",200169,3195fad7935069f937e0003307de749ac5a5a2b779fe22cad1780f6ac0ae3c51
"storage/resource-library/previews/064b8fa57651ef5f124a1fe6d2ea8ff60a5a0f87db1c5f889fe8c0e5f8439356/28.jpg",216430,db9311e04e8a524fcf4d772a29832b461681139127c62cc98c2b125298fb9573
"storage/resource-library/previews/064b8fa57651ef5f124a1fe6d2ea8ff60a5a0f87db1c5f889fe8c0e5f8439356/29.jpg",174886,67041df6d1520945238ce79576f67a0a2895a59729987a66d709d841ff31f500
"storage/resource-library/previews/064b8fa57651ef5f124a1fe6d2ea8ff60a5a0f87db1c5f889fe8c0e5f8439356/3.jpg",165144,4345b7980e4c1ab5804969890a0cfa7b2b54949011b9c980dcbc2e8f79d6ea9b
"storage/resource-library/previews/064b8fa57651ef5f124a1fe6d2ea8ff60a5a0f87db1c5f889fe8c0e5f8439356/30.jpg",180845,c2d9a19ed3676dd5d89dc581ebe7bd86927501c8b457ab17ea94b4b856fb19c3
"storage/resource-library/previews/064b8fa57651ef5f124a1fe6d2ea8ff60a5a0f87db1c5f889fe8c0e5f8439356/31.jpg",215369,be716cd973b39a25cacaf9233bb51d9c692b618fe099aaa7162ed90bb96a9dc4
"storage/resource-library/previews/064b8fa57651ef5f124a1fe6d2ea8ff60a5a0f87db1c5f889fe8c0e5f8439356/32.jpg",187132,55645400d0acac5fab09feddc441c1633a40166fcfc3f94d48f9c0631a0038a7
"storage/resource-library/previews/064b8fa57651ef5f124a1fe6d2ea8ff60a5a0f87db1c5f889fe8c0e5f8439356/33.jpg",190281,a156da3a642bee5248ea4e125695a9849ba1a70b7c9ed99ca9b7bb2f27666c33
"storage/resource-library/previews/064b8fa57651ef5f124a1fe6d2ea8ff60a5a0f87db1c5f889fe8c0e5f8439356/34.jpg",157921,388d61edbb0a77f59c15c607230ab8e3a5117b14ebd5738eb6b0ff0f35e5aff7
"storage/resource-library/previews/064b8fa57651ef5f124a1fe6d2ea8ff60a5a0f87db1c5f889fe8c0e5f8439356/35.jpg",138954,966956bb713ee97ead39fe1e8d4d560f5d167e6e911a3c093d16039e24b9edba
"storage/resource-library/previews/064b8fa57651ef5f124a1fe6d2ea8ff60a5a0f87db1c5f889fe8c0e5f8439356/36.jpg",156883,85e7a8fe932eee74624b8ff409ff367441774435221ef3d7e74f11610fcadc11
"storage/resource-library/previews/064b8fa57651ef5f124a1fe6d2ea8ff60a5a0f87db1c5f889fe8c0e5f8439356/37.jpg",81124,8ad29527669ef580fbdd640edf3afab863ff98ba712d910afde72d8d90b20338
"storage/resource-library/previews/064b8fa57651ef5f124a1fe6d2ea8ff60a5a0f87db1c5f889fe8c0e5f8439356/38.jpg",220276,a8371cce982ba588fd0bc492ea34bbd350101f7e46b60599731e4a88157f5296
"storage/resource-library/previews/064b8fa57651ef5f124a1fe6d2ea8ff60a5a0f87db1c5f889fe8c0e5f8439356/39.jpg",225231,f985d6185a5c029785ddde5a3c3b19fe72c622acffdc26cc7fd1b5381f32528c
"storage/resource-library/previews/064b8fa57651ef5f124a1fe6d2ea8ff60a5a0f87db1c5f889fe8c0e5f8439356/4.jpg",231615,033e4ca147494bf73bbeef0c24b53009d040113709d06b6f5449365bdc2acaa1
"storage/resource-library/previews/064b8fa57651ef5f124a1fe6d2ea8ff60a5a0f87db1c5f889fe8c0e5f8439356/40.jpg",187039,c22f85b5bab8f61d5fd8e123dfd178c7de9e2d5a86e0a545d1566c8e5bd5dd27
"storage/resource-library/previews/064b8fa57651ef5f124a1fe6d2ea8ff60a5a0f87db1c5f889fe8c0e5f8439356/41.jpg",167319,6084534a4456b31eb529bea45cd33d7448555f36920e93d9efec4e3a7c8ad989
"storage/resource-library/previews/064b8fa57651ef5f124a1fe6d2ea8ff60a5a0f87db1c5f889fe8c0e5f8439356/42.jpg",84085,f52c9818008e7c0627f8e556cd2e3b8f901ae4824282908deae3ecba2ec676d1
"storage/resource-library/previews/064b8fa57651ef5f124a1fe6d2ea8ff60a5a0f87db1c5f889fe8c0e5f8439356/43.jpg",233372,66ded72ade9e809a0a8e93ceb85bd05d0f8adf48b5192c09b9af0cfdb86c54bf
"storage/resource-library/previews/064b8fa57651ef5f124a1fe6d2ea8ff60a5a0f87db1c5f889fe8c0e5f8439356/44.jpg",228426,30a6bef076c188dde2fe0fe849ed81a6637833870605ee4745ccc26b860e4b89
"storage/resource-library/previews/064b8fa57651ef5f124a1fe6d2ea8ff60a5a0f87db1c5f889fe8c0e5f8439356/45.jpg",180651,c3c8caf21410d6c63037d19300692fe56fa52c83f54c9eec34eaff7d6e648c6a
"storage/resource-library/previews/064b8fa57651ef5f124a1fe6d2ea8ff60a5a0f87db1c5f889fe8c0e5f8439356/46.jpg",83092,36d66296d6a9ee15f42db502c67639dcfff0ac730f540fac8ec21c3ffd474ce9
"storage/resource-library/previews/064b8fa57651ef5f124a1fe6d2ea8ff60a5a0f87db1c5f889fe8c0e5f8439356/47.jpg",184447,5d042d5bc054398a587f81d7731ec6de29b7fcf760b5ad29800daeecc9292759
"storage/resource-library/previews/064b8fa57651ef5f124a1fe6d2ea8ff60a5a0f87db1c5f889fe8c0e5f8439356/48.jpg",162454,ba5478ab94ee0edb8ad62d30f6400be4e652b4fa9c1fcec1b622d34d86ecf259
"storage/resource-library/previews/064b8fa57651ef5f124a1fe6d2ea8ff60a5a0f87db1c5f889fe8c0e5f8439356/49.jpg",214247,60d15e9fbacf15ce33f2820b9682022fe77153caf2518623304d770c5d81ca44
"storage/resource-library/previews/064b8fa57651ef5f124a1fe6d2ea8ff60a5a0f87db1c5f889fe8c0e5f8439356/5.jpg",221328,a1b8ac64b25b95ebac9230d2610fe4346027f17437ddd66db916b84e182b7b20
"storage/resource-library/previews/064b8fa57651ef5f124a1fe6d2ea8ff60a5a0f87db1c5f889fe8c0e5f8439356/50.jpg",179313,928d91803d983bdf56791c7fd7e9d861878b4ea6dfd47709d2c096624939d904
"storage/resource-library/previews/064b8fa57651ef5f124a1fe6d2ea8ff60a5a0f87db1c5f889fe8c0e5f8439356/51.jpg",135148,13c0d8f7342da719c7eed8c5042e4f5223ed8df3b27df63d11dc7bb7638146fa
"storage/resource-library/previews/064b8fa57651ef5f124a1fe6d2ea8ff60a5a0f87db1c5f889fe8c0e5f8439356/52.jpg",197805,9cfa256a4ac81549ebda0a96a2a032ff7dc1be2ea044dd26f0ec7e83a3975ee6
"storage/resource-library/previews/064b8fa57651ef5f124a1fe6d2ea8ff60a5a0f87db1c5f889fe8c0e5f8439356/53.jpg",203286,fbaa760c03feca61b90c396030d7d0b99c86479a9b459a0dbb22242e01ef83fb
"storage/resource-library/previews/064b8fa57651ef5f124a1fe6d2ea8ff60a5a0f87db1c5f889fe8c0e5f8439356/54.jpg",229097,78f9c9a07cae8c81568791bcc15afb30f2e1082110437bf6052ae67d05fbeac9
"storage/resource-library/previews/064b8fa57651ef5f124a1fe6d2ea8ff60a5a0f87db1c5f889fe8c0e5f8439356/55.jpg",180985,1747780390043c696c022061631afd3705ac5095328047607e92eb1a6d7e13d2
"storage/resource-library/previews/064b8fa57651ef5f124a1fe6d2ea8ff60a5a0f87db1c5f889fe8c0e5f8439356/56.jpg",241836,f322d84fef72448b181cc9b39e2e8fd80f50455cb1665d8e70ae27c8c6ff1f76
"storage/resource-library/previews/064b8fa57651ef5f124a1fe6d2ea8ff60a5a0f87db1c5f889fe8c0e5f8439356/57.jpg",149195,e8188ebdaf28fd6abed6ca8b28283e95e445763cee47dd2c9ba0829a6219cc1b
"storage/resource-library/previews/064b8fa57651ef5f124a1fe6d2ea8ff60a5a0f87db1c5f889fe8c0e5f8439356/58.jpg",205560,658b69e929a1567d3a2a927ca796d4c14144cd16f700244c08681bedf05fb2da
"storage/resource-library/previews/064b8fa57651ef5f124a1fe6d2ea8ff60a5a0f87db1c5f889fe8c0e5f8439356/59.jpg",203514,4193dc7178026c8a9b96b28662cd511c65359bea354b6f3bece4ff199b1fa690
"storage/resource-library/previews/064b8fa57651ef5f124a1fe6d2ea8ff60a5a0f87db1c5f889fe8c0e5f8439356/6.jpg",231506,343af3bdfa4f3ecf7d9b815d29e7d4552f58f0692d3d6fe2aeb9c0e1f8f6e5cf
"storage/resource-library/previews/064b8fa57651ef5f124a1fe6d2ea8ff60a5a0f87db1c5f889fe8c0e5f8439356/60.jpg",211337,eed54cb7174c04ef96ac078cceb5190f739c3c90401420a94ea52650790762f4
"storage/resource-library/previews/064b8fa57651ef5f124a1fe6d2ea8ff60a5a0f87db1c5f889fe8c0e5f8439356/61.jpg",215382,bd1105c293f21c125982afb091b03f7b56d6049016fa6637503f9d46edcd83af
"storage/resource-library/previews/064b8fa57651ef5f124a1fe6d2ea8ff60a5a0f87db1c5f889fe8c0e5f8439356/62.jpg",252923,52f0992463a8a4bf5abc4b1b762c9d98c0c2be28a4b08769e63ce171680b7cf5
"storage/resource-library/previews/064b8fa57651ef5f124a1fe6d2ea8ff60a5a0f87db1c5f889fe8c0e5f8439356/7.jpg",195701,934fbd3b6c91e0d4ecd2594fb3b0b06b304b41ab30925ad266380c40da885fed
"storage/resource-library/previews/064b8fa57651ef5f124a1fe6d2ea8ff60a5a0f87db1c5f889fe8c0e5f8439356/8.jpg",220872,e4cb66e83d918bf5e2a810bdaaa532f51ec5d8402a56cbcb60c7cb2171ddc97a
"storage/resource-library/previews/064b8fa57651ef5f124a1fe6d2ea8ff60a5a0f87db1c5f889fe8c0e5f8439356/9.jpg",257552,a1c71c3bd15a02e177124584ef71d10e37fc186e820cada3329ad5f868e0cab6
"storage/resource-library/previews/064b8fa57651ef5f124a1fe6d2ea8ff60a5a0f87db1c5f889fe8c0e5f8439356/manifest.json",13,755a36e1d15e5f67574ac18bbd468f24661ada292662ace0d4270e9686673df8
"storage/resource-library/previews/06f12fc5b21cc16cd821cb58984392c6bf48cb01a517a31c1bdaa8b268ae701d/1.jpg",135260,14d064443ad544f6dd184c60bcb9365990f820f1649a0cd104a2e9086db60123
"storage/resource-library/previews/06f12fc5b21cc16cd821cb58984392c6bf48cb01a517a31c1bdaa8b268ae701d/10.jpg",158680,804da7ab0be14693ff0bc1a8ba002668219c0273fde2af585f18082016cd1379
"storage/resource-library/previews/06f12fc5b21cc16cd821cb58984392c6bf48cb01a517a31c1bdaa8b268ae701d/11.jpg",202714,0cb8cd424289fc58594d0134df0e293b705e9f00e5dfef7b28360be4fea0302c
"storage/resource-library/previews/06f12fc5b21cc16cd821cb58984392c6bf48cb01a517a31c1bdaa8b268ae701d/12.jpg",119575,80321108dc0bb5909375e97f64655de23ecdbda6d99a5586ab1f080bef2b681f
"storage/resource-library/previews/06f12fc5b21cc16cd821cb58984392c6bf48cb01a517a31c1bdaa8b268ae701d/13.jpg",97207,4a3ac039bbdfd4bd2bce6a0e77b5ca6bbac615af53f01687df426b082a3e99fd
"storage/resource-library/previews/06f12fc5b21cc16cd821cb58984392c6bf48cb01a517a31c1bdaa8b268ae701d/14.jpg",145521,259b16357dc182276ba6ed37b8046ed135d73cf28f963cb24db91c1f10b14807
"storage/resource-library/previews/06f12fc5b21cc16cd821cb58984392c6bf48cb01a517a31c1bdaa8b268ae701d/15.jpg",100142,4ec62703724f80d70db0a41284338ab7b1535228a5c1b96dde5f72d8f3455fd1
"storage/resource-library/previews/06f12fc5b21cc16cd821cb58984392c6bf48cb01a517a31c1bdaa8b268ae701d/16.jpg",110182,6249a9a43b0fea623c74d379d5215cd62fa874528284203d8d14ae6c14f4d8f4
"storage/resource-library/previews/06f12fc5b21cc16cd821cb58984392c6bf48cb01a517a31c1bdaa8b268ae701d/17.jpg",31774,8c8e211c5586f28e0d9f534da841dcd18b24fcf2969abc723021b12a9ca3c47d
"storage/resource-library/previews/06f12fc5b21cc16cd821cb58984392c6bf48cb01a517a31c1bdaa8b268ae701d/18.jpg",99300,b03ee5be1558f3f44dcff6f952934f107a19985f1b2da8fca11a7f1422f3314d
"storage/resource-library/previews/06f12fc5b21cc16cd821cb58984392c6bf48cb01a517a31c1bdaa8b268ae701d/19.jpg",105487,59893053d9c20751953188313806bce94d18996f8d31f97cb3ec36e01b300f5c
"storage/resource-library/previews/06f12fc5b21cc16cd821cb58984392c6bf48cb01a517a31c1bdaa8b268ae701d/2.jpg",193603,6b05cf3346f3dc54d6b7411dda9dd26c8faf300c1380406c0ab45752f24615cc
"storage/resource-library/previews/06f12fc5b21cc16cd821cb58984392c6bf48cb01a517a31c1bdaa8b268ae701d/20.jpg",129622,fe71777f8e2f025cccf46b3855472fed8ac753fb246193efa0902593f8ef854e
"storage/resource-library/previews/06f12fc5b21cc16cd821cb58984392c6bf48cb01a517a31c1bdaa8b268ae701d/21.jpg",68755,bd72c9a8b8dd429a987ee0858ced30ee2af1af755345a11de0e37f9efd3c78ae
"storage/resource-library/previews/06f12fc5b21cc16cd821cb58984392c6bf48cb01a517a31c1bdaa8b268ae701d/22.jpg",120922,f50951b6f2a84e5c3477f635799fe5f34c2f1d897236ff992fd01f97d9dae738
"storage/resource-library/previews/06f12fc5b21cc16cd821cb58984392c6bf48cb01a517a31c1bdaa8b268ae701d/23.jpg",72642,78e8bcbdd62aa02676eb0084114fb9aadae119d9575a129fba3af324db51246a
"storage/resource-library/previews/06f12fc5b21cc16cd821cb58984392c6bf48cb01a517a31c1bdaa8b268ae701d/24.jpg",113315,04a521c1abaf3b489c1de71bedbb56d81f9469673e56010ee48e5257a37f4214
"storage/resource-library/previews/06f12fc5b21cc16cd821cb58984392c6bf48cb01a517a31c1bdaa8b268ae701d/25.jpg",56584,9bee8c07a9cd4c1409918650f39c61eae7da4b6628f2d5a595a451441fd4c65f
"storage/resource-library/previews/06f12fc5b21cc16cd821cb58984392c6bf48cb01a517a31c1bdaa8b268ae701d/26.jpg",84767,d7b9572376fbaa25c756e606c5770698dca6c6a39e573548efce334bc6764e39
"storage/resource-library/previews/06f12fc5b21cc16cd821cb58984392c6bf48cb01a517a31c1bdaa8b268ae701d/27.jpg",127456,12a3d1fd589f14e502928ef5ce139f5ae3ab6920a7038b8733246d700c4a6916
"storage/resource-library/previews/06f12fc5b21cc16cd821cb58984392c6bf48cb01a517a31c1bdaa8b268ae701d/28.jpg",125216,78164b72255a5b322abbcdd9db16b6eb73247be8ea5c9ca26c0175172710e7dd
"storage/resource-library/previews/06f12fc5b21cc16cd821cb58984392c6bf48cb01a517a31c1bdaa8b268ae701d/29.jpg",119647,b6ef35780bdc6566861d7c94ec27c3a7e24b24237c601247cf02ac8989032bfb
"storage/resource-library/previews/06f12fc5b21cc16cd821cb58984392c6bf48cb01a517a31c1bdaa8b268ae701d/3.jpg",87031,eff26b1a7286379858e8edd109d8af3d219d5711e7562481041f764b1b8aef55
"storage/resource-library/previews/06f12fc5b21cc16cd821cb58984392c6bf48cb01a517a31c1bdaa8b268ae701d/30.jpg",96531,ee0b71df9db624f197e406927918d2f1c2aa48bbd8bcb0f19c987fd788cbe274
"storage/resource-library/previews/06f12fc5b21cc16cd821cb58984392c6bf48cb01a517a31c1bdaa8b268ae701d/4.jpg",115437,9aacbcc2c308b9414bde2120856a59065fe8ba91d4b6ff99777bde6bcf6a4452
"storage/resource-library/previews/06f12fc5b21cc16cd821cb58984392c6bf48cb01a517a31c1bdaa8b268ae701d/5.jpg",138516,efc0506f512f04ff73d2e6c07ea4afcddbf1e843b95f87308f384d7cf92b0e40
"storage/resource-library/previews/06f12fc5b21cc16cd821cb58984392c6bf48cb01a517a31c1bdaa8b268ae701d/6.jpg",82498,01f28aead42d16caaedebcb9f9e4e8c4ff8b9fd02de43f84b0684467129e20cd
"storage/resource-library/previews/06f12fc5b21cc16cd821cb58984392c6bf48cb01a517a31c1bdaa8b268ae701d/7.jpg",73374,4931c3111b3a1913a3cfac98aa9ed595409ec48dd75b28c97c937c3c2853b3c1
"storage/resource-library/previews/06f12fc5b21cc16cd821cb58984392c6bf48cb01a517a31c1bdaa8b268ae701d/8.jpg",134582,fcef4ea26c117a743de89af5d4bd773ec183beaf9359f23a7aab035ebe56b506
"storage/resource-library/previews/06f12fc5b21cc16cd821cb58984392c6bf48cb01a517a31c1bdaa8b268ae701d/9.jpg",128585,3f8e7db5debae0f426b1613d2552b66702065b124b8b06cbb19c800b0c47e756
"storage/resource-library/previews/06f12fc5b21cc16cd821cb58984392c6bf48cb01a517a31c1bdaa8b268ae701d/manifest.json",13,6a48b832d2a24026aabc8ca753a569845b4c29dde497fc0b0d3cd10e94db2ec5
"storage/resource-library/previews/098d1c6a3b2cc62c6af0231c55cef2937b5c608c19101722d1bdccfa26b998a6/1.jpg",115987,17f986acfe23850a2a676a4056ac6a98e0aa77eab76e14f580bce2953ba3749c
"storage/resource-library/previews/098d1c6a3b2cc62c6af0231c55cef2937b5c608c19101722d1bdccfa26b998a6/10.jpg",15381,5f04cf1261c7d861bd746a6e6256bb10e9ee961acb51a8dd8fdedfe9ec15845c
"storage/resource-library/previews/098d1c6a3b2cc62c6af0231c55cef2937b5c608c19101722d1bdccfa26b998a6/100.jpg",100208,3e0cae237c6579dabfc9376af6cef16b4c1a7e0f1a921db726bbd103d9d43eac
"storage/resource-library/previews/098d1c6a3b2cc62c6af0231c55cef2937b5c608c19101722d1bdccfa26b998a6/101.jpg",105642,d26ead9c00c2a8f02a75e5480a663514290e6a8e34938b3a147ce3782f795c8e
"storage/resource-library/previews/098d1c6a3b2cc62c6af0231c55cef2937b5c608c19101722d1bdccfa26b998a6/102.jpg",133391,9005029d2af2ba42ed00134da941eb08b8e95c6f0339402caba53fba113d442b
"storage/resource-library/previews/098d1c6a3b2cc62c6af0231c55cef2937b5c608c19101722d1bdccfa26b998a6/103.jpg",18068,7fcda33bfb9f0912a3c03f121297edbc3287bc9e3aca5938a15ea8df35270278
"storage/resource-library/previews/098d1c6a3b2cc62c6af0231c55cef2937b5c608c19101722d1bdccfa26b998a6/104.jpg",112121,71f8f3fbdc8150b0dba40117662a1bdf2a82fbadcb8c0eedcdccc758c3a6449d
"storage/resource-library/previews/098d1c6a3b2cc62c6af0231c55cef2937b5c608c19101722d1bdccfa26b998a6/105.jpg",109199,c810783b8cb7196fc542f22b28d203dd76f274c09493ec2af62d6413ef5a222b
"storage/resource-library/previews/098d1c6a3b2cc62c6af0231c55cef2937b5c608c19101722d1bdccfa26b998a6/106.jpg",14538,7213c60447d69c13534a3eace4a18ce5e0b0763e2a62e77c58d298fce4a4bb49
"storage/resource-library/previews/098d1c6a3b2cc62c6af0231c55cef2937b5c608c19101722d1bdccfa26b998a6/107.jpg",118880,d0ef7e91f25e685bb8325a3f1df18ad6c2f0a7ed6f651268ec163ea6ec0da860
"storage/resource-library/previews/098d1c6a3b2cc62c6af0231c55cef2937b5c608c19101722d1bdccfa26b998a6/108.jpg",23483,dd268d34ef3f23ec603436a0b3ce5edb98c8297108c97930522d6d0af9a8807a
"storage/resource-library/previews/098d1c6a3b2cc62c6af0231c55cef2937b5c608c19101722d1bdccfa26b998a6/109.jpg",102574,b468e46cefa97bc0f8033021f59ec25c9800c9f1088fc30bca3c2b20c78ce57a
"storage/resource-library/previews/098d1c6a3b2cc62c6af0231c55cef2937b5c608c19101722d1bdccfa26b998a6/11.jpg",77018,e10f69904cfc05d5ce1dc8e32ea4924114146968137a510ce24a48b73bd5c362
"storage/resource-library/previews/098d1c6a3b2cc62c6af0231c55cef2937b5c608c19101722d1bdccfa26b998a6/110.jpg",106444,51b5077328bc352e212569abe1a358ddb191e476fcb872fea561df046a504e2a
"storage/resource-library/previews/098d1c6a3b2cc62c6af0231c55cef2937b5c608c19101722d1bdccfa26b998a6/111.jpg",14122,5458e220e96c643c537dc6ca5422609d764aa06192ce376ee5f9d6af112b4e6b
"storage/resource-library/previews/098d1c6a3b2cc62c6af0231c55cef2937b5c608c19101722d1bdccfa26b998a6/112.jpg",157100,541964c496f013989cefc1f863344e2c6e2bcb0f3bba41dde2166348320e8f5b
"storage/resource-library/previews/098d1c6a3b2cc62c6af0231c55cef2937b5c608c19101722d1bdccfa26b998a6/12.jpg",73884,04d77ec5a91f55d54df698a6d4f40bececdc64dfce4fbf702c4bee2869d94170
"storage/resource-library/previews/098d1c6a3b2cc62c6af0231c55cef2937b5c608c19101722d1bdccfa26b998a6/13.jpg",88354,6c0246c032514d80e4cb64349b3b065dad62431eaf8d1bfc95911b92e5788125
"storage/resource-library/previews/098d1c6a3b2cc62c6af0231c55cef2937b5c608c19101722d1bdccfa26b998a6/14.jpg",51321,a10b0e27131c34f9043de59c5a59079d6962d2070dd2f82f51448e96445eab38
"storage/resource-library/previews/098d1c6a3b2cc62c6af0231c55cef2937b5c608c19101722d1bdccfa26b998a6/15.jpg",74223,5d82776d8f660091f7e41c9b3ecf84a967c4d858e7955a4749b5f55da0f11445
"storage/resource-library/previews/098d1c6a3b2cc62c6af0231c55cef2937b5c608c19101722d1bdccfa26b998a6/16.jpg",17591,8a2754f0be32df111f5664eec7be047189c37ef8001c4f1f9c1efdc7ecf834fd
"storage/resource-library/previews/098d1c6a3b2cc62c6af0231c55cef2937b5c608c19101722d1bdccfa26b998a6/17.jpg",113645,88100e5416bf346f98d6322aa47fd07cc37fa448df8c840f672135bef719bd34
"storage/resource-library/previews/098d1c6a3b2cc62c6af0231c55cef2937b5c608c19101722d1bdccfa26b998a6/18.jpg",121608,dca8e7e931d72a19da29b7adaf1099e89b430ce4c64885bda582634f175230e9
"storage/resource-library/previews/098d1c6a3b2cc62c6af0231c55cef2937b5c608c19101722d1bdccfa26b998a6/19.jpg",17885,5fa0af1a60b98a092022f5aae8f3c2531eab0f429f535d81a08dc2a43f7ac206
"storage/resource-library/previews/098d1c6a3b2cc62c6af0231c55cef2937b5c608c19101722d1bdccfa26b998a6/2.jpg",103587,3a3a7badb6a05ad171a03c1c16168d7819de250458c35b63b22bccc96b245f60
"storage/resource-library/previews/098d1c6a3b2cc62c6af0231c55cef2937b5c608c19101722d1bdccfa26b998a6/20.jpg",119482,ea1323515240de991e2e968e486b1aa8f6f718c639c481ea3830acd25140b077
"storage/resource-library/previews/098d1c6a3b2cc62c6af0231c55cef2937b5c608c19101722d1bdccfa26b998a6/21.jpg",107259,ba18242804213b4b74f5db843ffaeb8dff4cf6505b39a9cb0a7098b96867cd9a
"storage/resource-library/previews/098d1c6a3b2cc62c6af0231c55cef2937b5c608c19101722d1bdccfa26b998a6/22.jpg",61801,722d1467e9a8668f1c9ccd3ce9829303ecc087c97a28213e35df54a26cdedb2f
"storage/resource-library/previews/098d1c6a3b2cc62c6af0231c55cef2937b5c608c19101722d1bdccfa26b998a6/23.jpg",69973,0204f7a4078bf96c363a343eabe3d05ec3dfa186d876a48d80fe674fb77e3ff3
"storage/resource-library/previews/098d1c6a3b2cc62c6af0231c55cef2937b5c608c19101722d1bdccfa26b998a6/24.jpg",102715,a7e3603f1bcf71d724722ac389681aa7d5964693b426746ce684ce69e12ddde2
"storage/resource-library/previews/098d1c6a3b2cc62c6af0231c55cef2937b5c608c19101722d1bdccfa26b998a6/25.jpg",86980,f6f228ee07328ba6b345966e8f58178afb41d26bdfb4914e8e689c71ee8a9954
"storage/resource-library/previews/098d1c6a3b2cc62c6af0231c55cef2937b5c608c19101722d1bdccfa26b998a6/26.jpg",92981,f2b4747a9328094a5d15e1abbc806a0c8ea15f9d7a248768052463a8f29349d1
"storage/resource-library/previews/098d1c6a3b2cc62c6af0231c55cef2937b5c608c19101722d1bdccfa26b998a6/27.jpg",15482,c3ac46c152b43aeba8fd5fdc5cbdb146ef03949f04d417a10d22172b24da27ca
"storage/resource-library/previews/098d1c6a3b2cc62c6af0231c55cef2937b5c608c19101722d1bdccfa26b998a6/28.jpg",74047,ae00ff0090e84edcf57e92b03e615ead4b139bfd3a376cfe8389cc2660359057
"storage/resource-library/previews/098d1c6a3b2cc62c6af0231c55cef2937b5c608c19101722d1bdccfa26b998a6/29.jpg",110559,8e75849ab9066c24cb88983dfaedfea36fcbea95cc12dd6e371bb4d4974ae06a
"storage/resource-library/previews/098d1c6a3b2cc62c6af0231c55cef2937b5c608c19101722d1bdccfa26b998a6/3.jpg",121631,5c3fa76b140ca7b744d348fad3cadaf1f53dd900c56dfcfdb93ce1ded80ea4f3
"storage/resource-library/previews/098d1c6a3b2cc62c6af0231c55cef2937b5c608c19101722d1bdccfa26b998a6/30.jpg",89553,cd3f2fe231b5b9676c8f8c66511593342415be936e7c1d955f312630d28dee79
"storage/resource-library/previews/098d1c6a3b2cc62c6af0231c55cef2937b5c608c19101722d1bdccfa26b998a6/31.jpg",65252,82fe918c79d59c29eb6ddff778add3890d922e19b2d611269843f905f4e7c76a
"storage/resource-library/previews/098d1c6a3b2cc62c6af0231c55cef2937b5c608c19101722d1bdccfa26b998a6/32.jpg",122469,cb8d40497464bc90e6b8150dfdb4609069ed24b4440744b27e47d6ed61006eb9
"storage/resource-library/previews/098d1c6a3b2cc62c6af0231c55cef2937b5c608c19101722d1bdccfa26b998a6/33.jpg",103091,58dcbc7bd53694be3e4b53d6d1c624ff11d64b80804b03ab550c82368338a1de
"storage/resource-library/previews/098d1c6a3b2cc62c6af0231c55cef2937b5c608c19101722d1bdccfa26b998a6/34.jpg",105976,c5758b65d68986a8c527f97255450403ea54068457b228a1c2cda58bfafac007
"storage/resource-library/previews/098d1c6a3b2cc62c6af0231c55cef2937b5c608c19101722d1bdccfa26b998a6/35.jpg",90269,f44504e2ceb4ab5d2353f68820fb10b1e32b51013456afe4802e6d9e14cf4254
"storage/resource-library/previews/098d1c6a3b2cc62c6af0231c55cef2937b5c608c19101722d1bdccfa26b998a6/36.jpg",101387,e7f19ff5a90bc385eb6e60590e96b672a630a9f7b5996386d300c1d5a2e577bb
"storage/resource-library/previews/098d1c6a3b2cc62c6af0231c55cef2937b5c608c19101722d1bdccfa26b998a6/37.jpg",78046,ac7fcc09036a32aaac462ef48621d4f9fe58843eb7a920829b0261e586d59e48
"storage/resource-library/previews/098d1c6a3b2cc62c6af0231c55cef2937b5c608c19101722d1bdccfa26b998a6/38.jpg",92621,e67ee6081e206cbb2b99cd322a99a4eb629948cc297f29942e955c07de019d23
"storage/resource-library/previews/098d1c6a3b2cc62c6af0231c55cef2937b5c608c19101722d1bdccfa26b998a6/39.jpg",123392,f79f45983dac100a25c3162b1e8341c0b2581d0f9e680ce971d977b11cc93823
"storage/resource-library/previews/098d1c6a3b2cc62c6af0231c55cef2937b5c608c19101722d1bdccfa26b998a6/4.jpg",19135,5ad772f3e91125492de56329d1c5198e100f3ffe8785eafda05c5cf89f792ca0
"storage/resource-library/previews/098d1c6a3b2cc62c6af0231c55cef2937b5c608c19101722d1bdccfa26b998a6/40.jpg",82866,8bcb7dfa859e98a1114de54d75c64ebfb150323c76ff0a7fd14eb4b226cdbfb4
"storage/resource-library/previews/098d1c6a3b2cc62c6af0231c55cef2937b5c608c19101722d1bdccfa26b998a6/41.jpg",81614,ed8d7d315ef73fac4deca8dd73fec7ef7f669364927d0d20c23693b79b5eeeab
"storage/resource-library/previews/098d1c6a3b2cc62c6af0231c55cef2937b5c608c19101722d1bdccfa26b998a6/42.jpg",79981,b6bf7ab1070b7660dddb5fbf892a92be42772d30234d4414f06531ad9ce88f06
"storage/resource-library/previews/098d1c6a3b2cc62c6af0231c55cef2937b5c608c19101722d1bdccfa26b998a6/43.jpg",69246,34492bf7ed0a4723332905052cc55615999b6ad6699e922b0220be780df144cf
"storage/resource-library/previews/098d1c6a3b2cc62c6af0231c55cef2937b5c608c19101722d1bdccfa26b998a6/44.jpg",75274,b7fb398f1fd7a8f1e6bf52d2ab28cb247c493b79c85bcfcefdd13153efa4bffc
"storage/resource-library/previews/098d1c6a3b2cc62c6af0231c55cef2937b5c608c19101722d1bdccfa26b998a6/45.jpg",103131,bcb2eb0f583e1f59ecd65255753822d137467ed41e3a2739b92bbc7596a3b364
"storage/resource-library/previews/098d1c6a3b2cc62c6af0231c55cef2937b5c608c19101722d1bdccfa26b998a6/46.jpg",103399,960ed8ed86940580cbfe1712025481a5e25133eeb7b88ddf518316e6841bf1af
"storage/resource-library/previews/098d1c6a3b2cc62c6af0231c55cef2937b5c608c19101722d1bdccfa26b998a6/47.jpg",100086,8bbf30072b65e1f40c46b6fc79d4623761dac0e78743e67ef0146afb7a236daf
"storage/resource-library/previews/098d1c6a3b2cc62c6af0231c55cef2937b5c608c19101722d1bdccfa26b998a6/48.jpg",143041,ca4de52e6163066400ac8f4120ebe926e85a248b6aee76219b5a6631e57f1da0
"storage/resource-library/previews/098d1c6a3b2cc62c6af0231c55cef2937b5c608c19101722d1bdccfa26b998a6/49.jpg",80505,913fbd8e196109c255ac7958eb745d834e48c78ac1156e7e6f8e338972ec8cd6
"storage/resource-library/previews/098d1c6a3b2cc62c6af0231c55cef2937b5c608c19101722d1bdccfa26b998a6/5.jpg",112003,84aa267fde5164eb2e34c5419bfdbd19a8fa568f3fa8ced44526e29b8681d1e2
"storage/resource-library/previews/098d1c6a3b2cc62c6af0231c55cef2937b5c608c19101722d1bdccfa26b998a6/50.jpg",154898,72a08bcdef9c87b8f59d00aaaf5956b210870b992fc24cae3fe6e9be450ded0d
"storage/resource-library/previews/098d1c6a3b2cc62c6af0231c55cef2937b5c608c19101722d1bdccfa26b998a6/51.jpg",89706,e41f86941332f1ab8c4102453198f5afe9efc8fac2000f6cdce6f9e937f476b6
"storage/resource-library/previews/098d1c6a3b2cc62c6af0231c55cef2937b5c608c19101722d1bdccfa26b998a6/52.jpg",75835,9613209242ab7f5a9c240cf66739d0098965760d998cdcdefb0219fe1352fa43
"storage/resource-library/previews/098d1c6a3b2cc62c6af0231c55cef2937b5c608c19101722d1bdccfa26b998a6/53.jpg",101989,f7445f097d88bf34606bd1a726e7a09bc1ba2340d01d575398265757d8b2ffa2
"storage/resource-library/previews/098d1c6a3b2cc62c6af0231c55cef2937b5c608c19101722d1bdccfa26b998a6/54.jpg",92682,34ecdd1682e2af8395ee611fb525af2730b540d70d508ec382e3e64a23dbcb08
"storage/resource-library/previews/098d1c6a3b2cc62c6af0231c55cef2937b5c608c19101722d1bdccfa26b998a6/55.jpg",35777,6e5109c6d55f92577c5a24cb6c3d76371d31cc4a7acf732b616537b95a35be2b
"storage/resource-library/previews/098d1c6a3b2cc62c6af0231c55cef2937b5c608c19101722d1bdccfa26b998a6/56.jpg",87868,7f2bdf27d850f9cf10058c73e3007978233ee86ce83cdeff02ed389bbb6dadf9
"storage/resource-library/previews/098d1c6a3b2cc62c6af0231c55cef2937b5c608c19101722d1bdccfa26b998a6/57.jpg",112156,d34d0100a2e80821a0d1aae6940b53d85fd8db5e62d88dc9c41c46816a5d903c
"storage/resource-library/previews/098d1c6a3b2cc62c6af0231c55cef2937b5c608c19101722d1bdccfa26b998a6/58.jpg",119012,2f68adfd94893644a171251c9b948d1341a12517bb86adbcb7886900685b4eab
"storage/resource-library/previews/098d1c6a3b2cc62c6af0231c55cef2937b5c608c19101722d1bdccfa26b998a6/59.jpg",121524,915d70c5ba80ded8ab55c141a12b53d87c1840aea3fa6f82d8b8d0848c4ab1c4
"storage/resource-library/previews/098d1c6a3b2cc62c6af0231c55cef2937b5c608c19101722d1bdccfa26b998a6/6.jpg",121473,82b4e9743e829bad8c4f1a0a8633d2b5a8789b8a6667810585e4a2ec18688deb
"storage/resource-library/previews/098d1c6a3b2cc62c6af0231c55cef2937b5c608c19101722d1bdccfa26b998a6/60.jpg",119335,456e85e19c358add6bbda2e8432d581c3b5fd820faea410a05f12c1109980540
"storage/resource-library/previews/098d1c6a3b2cc62c6af0231c55cef2937b5c608c19101722d1bdccfa26b998a6/61.jpg",100587,9d517044ede1941dc31d8d691f536edfa595f285241c81ae153c5aed91f1683a
"storage/resource-library/previews/098d1c6a3b2cc62c6af0231c55cef2937b5c608c19101722d1bdccfa26b998a6/62.jpg",118942,0670e286f074c961b6374e92177bea834511dfada19b33870feb6b39932dbde7
"storage/resource-library/previews/098d1c6a3b2cc62c6af0231c55cef2937b5c608c19101722d1bdccfa26b998a6/63.jpg",62984,cd1171dccf5d7f034e371235e5190c47c36813c57c80710a0cd9e93de101978f
"storage/resource-library/previews/098d1c6a3b2cc62c6af0231c55cef2937b5c608c19101722d1bdccfa26b998a6/64.jpg",101537,11abcc01dcff35a0e7440429c850eb4cbcba840e93c18a61d93ffbe48963cb0e
"storage/resource-library/previews/098d1c6a3b2cc62c6af0231c55cef2937b5c608c19101722d1bdccfa26b998a6/65.jpg",61651,01ecd62a59ab189b356c63facf099b137abc3c2325cb1b166c3344fa50cb4368
"storage/resource-library/previews/098d1c6a3b2cc62c6af0231c55cef2937b5c608c19101722d1bdccfa26b998a6/66.jpg",85553,f8bfef0b52071fb5867baeb840762753938e05882982077f1d5558e1abafb7ea
"storage/resource-library/previews/098d1c6a3b2cc62c6af0231c55cef2937b5c608c19101722d1bdccfa26b998a6/67.jpg",111818,0abea2312832c9b6a878f80374ebed8dea01948e63eacb82875a38c2c217312b
"storage/resource-library/previews/098d1c6a3b2cc62c6af0231c55cef2937b5c608c19101722d1bdccfa26b998a6/68.jpg",65939,b64ef5ec2d46a988353da48bdadee5a6fe952349d96d040e374dad3a380353e0
"storage/resource-library/previews/098d1c6a3b2cc62c6af0231c55cef2937b5c608c19101722d1bdccfa26b998a6/69.jpg",88132,4d69483dca0b3821c16b7c3ace3d9d6ba97739cd8b91f2f0e469f48ad6b5f0f6
"storage/resource-library/previews/098d1c6a3b2cc62c6af0231c55cef2937b5c608c19101722d1bdccfa26b998a6/7.jpg",76928,baf5e6f9666f4b0bbb9855ae5281ea830098f21a5a8f3d54a18c81b60106a00a
"storage/resource-library/previews/098d1c6a3b2cc62c6af0231c55cef2937b5c608c19101722d1bdccfa26b998a6/70.jpg",79444,8bf8f32e0cdf33a2cca253d69840388d9243295692c08e4d34e1f5e422c1c0a1
"storage/resource-library/previews/098d1c6a3b2cc62c6af0231c55cef2937b5c608c19101722d1bdccfa26b998a6/71.jpg",95070,f985eb44f8e74bfef10c6a7e119888248866228ab71f92d2a87cae29f0915ff1
"storage/resource-library/previews/098d1c6a3b2cc62c6af0231c55cef2937b5c608c19101722d1bdccfa26b998a6/72.jpg",79879,ec540554d71b43b2450f6d3e65d787f64d11118ab16ac909d33b48e89020f1e1
"storage/resource-library/previews/098d1c6a3b2cc62c6af0231c55cef2937b5c608c19101722d1bdccfa26b998a6/73.jpg",86374,9dd6a3ffb01f6823b7278b851af1249a3cad75489682fcb01d02fd93148d9973
"storage/resource-library/previews/098d1c6a3b2cc62c6af0231c55cef2937b5c608c19101722d1bdccfa26b998a6/74.jpg",101758,888c65b8b65f458a80a7ecdfa07ceca5dfecbe89e3eaf078c9e93832761c5e5a
"storage/resource-library/previews/098d1c6a3b2cc62c6af0231c55cef2937b5c608c19101722d1bdccfa26b998a6/75.jpg",14752,e755ef4faafb365bfa38f57edda0569a5573436150d8eea2c1c6897d4d03154b
"storage/resource-library/previews/098d1c6a3b2cc62c6af0231c55cef2937b5c608c19101722d1bdccfa26b998a6/76.jpg",79881,55330bc7144d0ee3cd7ecac4ce984a31a6e482b022b0f0c03fae747c419fb223
"storage/resource-library/previews/098d1c6a3b2cc62c6af0231c55cef2937b5c608c19101722d1bdccfa26b998a6/77.jpg",105204,abd7846fd26240be576d0f69c1fd67159cead5cbab4b098b063ca66d569c5430
"storage/resource-library/previews/098d1c6a3b2cc62c6af0231c55cef2937b5c608c19101722d1bdccfa26b998a6/78.jpg",47041,73e73f332ccf7fe2dea4f0a6301a4b5f37fe4ff9d9c9ec0e1869cd779059b85a
"storage/resource-library/previews/098d1c6a3b2cc62c6af0231c55cef2937b5c608c19101722d1bdccfa26b998a6/79.jpg",78694,caa32349f6a82f7c28ac4387dd033b6afb53f40bf1202af93238311e25318e8a
"storage/resource-library/previews/098d1c6a3b2cc62c6af0231c55cef2937b5c608c19101722d1bdccfa26b998a6/8.jpg",62623,a73de40d59ff16c6485cc403c842c7cac8e1845575bf38ee075b36da0b1ad61a
"storage/resource-library/previews/098d1c6a3b2cc62c6af0231c55cef2937b5c608c19101722d1bdccfa26b998a6/80.jpg",94558,add9dc9a096b8f1a3406a431fbaff2954e2a7776cb0403a2e1ae979d6371b92d
"storage/resource-library/previews/098d1c6a3b2cc62c6af0231c55cef2937b5c608c19101722d1bdccfa26b998a6/81.jpg",78412,cced59792dda74ba768dd86ba115a5bcbe4c9a046c57d8366c2e2cd87d318386
"storage/resource-library/previews/098d1c6a3b2cc62c6af0231c55cef2937b5c608c19101722d1bdccfa26b998a6/82.jpg",57670,f76732f9bc550e9f788505e776b4227010cb6324ba8f0c016f09076c4e89b4bf
"storage/resource-library/previews/098d1c6a3b2cc62c6af0231c55cef2937b5c608c19101722d1bdccfa26b998a6/83.jpg",29193,c3ddd031986986006b8b2b67057e7a64683efb89691032ebaef4517beee163b3
"storage/resource-library/previews/098d1c6a3b2cc62c6af0231c55cef2937b5c608c19101722d1bdccfa26b998a6/84.jpg",127112,41d9b87a0d94160db6a2dc3ff9d5c0f6d95391760642c79ab7a096bbc1cba8a8
"storage/resource-library/previews/098d1c6a3b2cc62c6af0231c55cef2937b5c608c19101722d1bdccfa26b998a6/85.jpg",77015,186a6ffc2d1f7e135969737061c8177a5d4cd45241519b9d0fa93d7ea0bd1c0c
"storage/resource-library/previews/098d1c6a3b2cc62c6af0231c55cef2937b5c608c19101722d1bdccfa26b998a6/86.jpg",45728,105284f731b2964a4888c45d996084bdc795747808444ab24b1c5adf97f89e24
"storage/resource-library/previews/098d1c6a3b2cc62c6af0231c55cef2937b5c608c19101722d1bdccfa26b998a6/87.jpg",88554,e8d50298609ad7dcfedc0e15d084b3dde67b9b29a82104b6f2e78164d5344d48
"storage/resource-library/previews/098d1c6a3b2cc62c6af0231c55cef2937b5c608c19101722d1bdccfa26b998a6/88.jpg",102482,b21eca9e11a916ef341e2629946fec5302a82b21ea868a0a2bdd6db98324bf35
"storage/resource-library/previews/098d1c6a3b2cc62c6af0231c55cef2937b5c608c19101722d1bdccfa26b998a6/89.jpg",113994,09743dd248cd5ef87842489160bd96e3df40e96175fa36b61baa9db3213c4a0a
"storage/resource-library/previews/098d1c6a3b2cc62c6af0231c55cef2937b5c608c19101722d1bdccfa26b998a6/9.jpg",97212,fdb7498f9f6f79bd0bdce9979a3686f380ce8f5fa03c7b95deda707946865276
"storage/resource-library/previews/098d1c6a3b2cc62c6af0231c55cef2937b5c608c19101722d1bdccfa26b998a6/90.jpg",106555,b9bd686bb537c34d0f948c4ba3ea13da97bd9a0d4c595ecad7f4a9d6aeb31a0d
"storage/resource-library/previews/098d1c6a3b2cc62c6af0231c55cef2937b5c608c19101722d1bdccfa26b998a6/91.jpg",159791,53d9a6da68e26279da5ab520f7dcb2bac85367c0d0e7347acd2e7a3f2d236c21
"storage/resource-library/previews/098d1c6a3b2cc62c6af0231c55cef2937b5c608c19101722d1bdccfa26b998a6/92.jpg",142360,841cfdd844908bd589f90430d818bf2ba81acc75225cb3dbc0fba34031e25c0b
"storage/resource-library/previews/098d1c6a3b2cc62c6af0231c55cef2937b5c608c19101722d1bdccfa26b998a6/93.jpg",128879,0dfb7e9c0204e40b33d8e122dc2d69db49ada58a78b4769d7d360479a8876ab6
"storage/resource-library/previews/098d1c6a3b2cc62c6af0231c55cef2937b5c608c19101722d1bdccfa26b998a6/94.jpg",95945,48c549c11e29bee9daf8ba67acd0c8df90281d3ba01784b99a3a35ec83d39d71
"storage/resource-library/previews/098d1c6a3b2cc62c6af0231c55cef2937b5c608c19101722d1bdccfa26b998a6/95.jpg",116347,024a02375c8c7e3493b728184d0cc9014368cf068e520714f48062d1c1d734ea
"storage/resource-library/previews/098d1c6a3b2cc62c6af0231c55cef2937b5c608c19101722d1bdccfa26b998a6/96.jpg",135501,25005817988e42443cfa1beb26420518d2d76a3ba4b336681ca4ac13b9732d9d
"storage/resource-library/previews/098d1c6a3b2cc62c6af0231c55cef2937b5c608c19101722d1bdccfa26b998a6/97.jpg",110845,1167dfa22c3b50b2828fea71b5d6a7b728138683c997c1eec49f6cc8bb0c9db9
"storage/resource-library/previews/098d1c6a3b2cc62c6af0231c55cef2937b5c608c19101722d1bdccfa26b998a6/98.jpg",94924,b6a57730a754a67499987b2478c89518d97ec73bad6c6b5c778cbd54a5986c17
"storage/resource-library/previews/098d1c6a3b2cc62c6af0231c55cef2937b5c608c19101722d1bdccfa26b998a6/99.jpg",117917,ae78540bd2829fb5fcda109b3bbe94efb133e390d47c6216ce39db7ecbc39ba3
"storage/resource-library/previews/098d1c6a3b2cc62c6af0231c55cef2937b5c608c19101722d1bdccfa26b998a6/manifest.json",14,a6ca84d7430f66d2c278e60830e546966fbfc47a22c4797b471961fa8eb5101e
"storage/resource-library/previews/09c219ba11801b2f267819bb56dc2f1bcc8e3e5c2686b0cb9555d4fab782d1b3/1.jpg",169472,bd42edeb08f3847a90fcba539ba2418c51224d1011e88d6d3fced1cd8e88bcd6
"storage/resource-library/previews/09c219ba11801b2f267819bb56dc2f1bcc8e3e5c2686b0cb9555d4fab782d1b3/10.jpg",168621,5d1f4324f6c330ed0712287e12b7e15c5cadb60f24fc45bc2e25d386da226dfe
"storage/resource-library/previews/09c219ba11801b2f267819bb56dc2f1bcc8e3e5c2686b0cb9555d4fab782d1b3/11.jpg",158196,53faa5a0e04a593ad229f13dd2e693798cb53689c8583f051c175bda681c53cb
"storage/resource-library/previews/09c219ba11801b2f267819bb56dc2f1bcc8e3e5c2686b0cb9555d4fab782d1b3/12.jpg",172022,6cc5fa805897c6db9fe4cbc70a33dba0e78c4288624db5bb28cb3d192446ee62
"storage/resource-library/previews/09c219ba11801b2f267819bb56dc2f1bcc8e3e5c2686b0cb9555d4fab782d1b3/13.jpg",132524,84a2ee728da9fe83bd82b7e004bbb0c6ffdd17c416366208a4991eda57bfab8b
"storage/resource-library/previews/09c219ba11801b2f267819bb56dc2f1bcc8e3e5c2686b0cb9555d4fab782d1b3/14.jpg",143186,f4923e8ec669923e706468a8ab89da3a20622955cea093eb132b4d7a21acc30b
"storage/resource-library/previews/09c219ba11801b2f267819bb56dc2f1bcc8e3e5c2686b0cb9555d4fab782d1b3/15.jpg",123150,ba6a213556d4f1d7d69b21e1d06f88ca8f0399d43d820f467a0f8e97b37a68ba
"storage/resource-library/previews/09c219ba11801b2f267819bb56dc2f1bcc8e3e5c2686b0cb9555d4fab782d1b3/16.jpg",147104,a2bfa139f08383c6d6cec56a122e87cff3966fa28357ccc426b127afe4aead32
"storage/resource-library/previews/09c219ba11801b2f267819bb56dc2f1bcc8e3e5c2686b0cb9555d4fab782d1b3/17.jpg",136639,4e021355ae4d922bdc7f3ef11bec79bae296c07b2578a4c71711ad4c4dbf19dc
"storage/resource-library/previews/09c219ba11801b2f267819bb56dc2f1bcc8e3e5c2686b0cb9555d4fab782d1b3/18.jpg",139976,8e59882ba7760a048cfab456aaecdb5f221075da05db11c7dbaf1788d46d1f79
"storage/resource-library/previews/09c219ba11801b2f267819bb56dc2f1bcc8e3e5c2686b0cb9555d4fab782d1b3/19.jpg",106603,5b9592b54775e81dbada0044817f501223f762a23874fc9cd7d35a2fde088054
"storage/resource-library/previews/09c219ba11801b2f267819bb56dc2f1bcc8e3e5c2686b0cb9555d4fab782d1b3/2.jpg",167028,9d192b6c080f4b2a051014b0fc6eca63ee7e628b2f7735483ab854e0cb8f8f85
"storage/resource-library/previews/09c219ba11801b2f267819bb56dc2f1bcc8e3e5c2686b0cb9555d4fab782d1b3/20.jpg",110589,2b02618681f02e386886b4bb601c12d9e38517ffa8f43ebaa37f2f76ae09bcdf
"storage/resource-library/previews/09c219ba11801b2f267819bb56dc2f1bcc8e3e5c2686b0cb9555d4fab782d1b3/21.jpg",144447,2e9ed60dc3e88de6a40849b63b87fc6faa5bcea2e90a15fdb64e7d8759fab6c4
"storage/resource-library/previews/09c219ba11801b2f267819bb56dc2f1bcc8e3e5c2686b0cb9555d4fab782d1b3/22.jpg",128017,8f96eedaa63c115445b39397f7775113dc477075879ac082b1b654a0981924fd
"storage/resource-library/previews/09c219ba11801b2f267819bb56dc2f1bcc8e3e5c2686b0cb9555d4fab782d1b3/23.jpg",128769,7390af1142b718d86591e736fc06f715a33a21e07d09d5f10ee8b75a99ec2a65
"storage/resource-library/previews/09c219ba11801b2f267819bb56dc2f1bcc8e3e5c2686b0cb9555d4fab782d1b3/24.jpg",166936,5b942277423f66a028fac28a30068161ea4d3f2ff0e73e2aacd96a0281347650
"storage/resource-library/previews/09c219ba11801b2f267819bb56dc2f1bcc8e3e5c2686b0cb9555d4fab782d1b3/25.jpg",117037,01ac2cb399b21a9956bda94f4ada9f424ade2ba33ea969e8594a33c5a8a5d24b
"storage/resource-library/previews/09c219ba11801b2f267819bb56dc2f1bcc8e3e5c2686b0cb9555d4fab782d1b3/26.jpg",154609,a8773f0e33635faadc862816ee32d41f07618188f26d3e5bcd9b21f5b491c943
"storage/resource-library/previews/09c219ba11801b2f267819bb56dc2f1bcc8e3e5c2686b0cb9555d4fab782d1b3/27.jpg",110438,d2ab44101ed740c081a13804720d2c5b0e07531bc962c2b25a3bd7edda5966f3
"storage/resource-library/previews/09c219ba11801b2f267819bb56dc2f1bcc8e3e5c2686b0cb9555d4fab782d1b3/28.jpg",176025,f0d2453a4326bfe21736125da5734cd908335c169c2e84274d0c28a7ec895cd9
"storage/resource-library/previews/09c219ba11801b2f267819bb56dc2f1bcc8e3e5c2686b0cb9555d4fab782d1b3/29.jpg",129379,13d8d6b3002d7bef4d474c6f2dbb6ad4619b52dac7f7f40cfe4c2e0923bb8522
"storage/resource-library/previews/09c219ba11801b2f267819bb56dc2f1bcc8e3e5c2686b0cb9555d4fab782d1b3/3.jpg",161763,e5c2467bab8c7c77f90bc8e82a5674da45a041e43baf4ba9fe78c4bf80447f23
"storage/resource-library/previews/09c219ba11801b2f267819bb56dc2f1bcc8e3e5c2686b0cb9555d4fab782d1b3/30.jpg",135244,bab90a0b6fe7d9d849aaa63fb0be5f7500447d98dc1f3ede82ddc791f8100528
"storage/resource-library/previews/09c219ba11801b2f267819bb56dc2f1bcc8e3e5c2686b0cb9555d4fab782d1b3/31.jpg",157934,b76c733d9f1294cfc52135d9b92b7a289b9caffde1d6eb95761b96492092f37a
"storage/resource-library/previews/09c219ba11801b2f267819bb56dc2f1bcc8e3e5c2686b0cb9555d4fab782d1b3/32.jpg",146525,c32c3c3102532f8481b056c9cf1e15913e768d58ea86e5c13595a5bca2356d4f
"storage/resource-library/previews/09c219ba11801b2f267819bb56dc2f1bcc8e3e5c2686b0cb9555d4fab782d1b3/33.jpg",152648,e08641ffda89bee82200d9dda53b9fafc59a6bcbb2e9576808b48573492f2f4e
"storage/resource-library/previews/09c219ba11801b2f267819bb56dc2f1bcc8e3e5c2686b0cb9555d4fab782d1b3/34.jpg",145655,1c842b9e457047dc1fad600b44cf4baf5c02f79a7be6a49d3919142ab45b6a58
"storage/resource-library/previews/09c219ba11801b2f267819bb56dc2f1bcc8e3e5c2686b0cb9555d4fab782d1b3/35.jpg",152585,f4eccb28c5ed855a686c37943132398754f52c3288cc4d0ec880e86574cd2ebf
"storage/resource-library/previews/09c219ba11801b2f267819bb56dc2f1bcc8e3e5c2686b0cb9555d4fab782d1b3/36.jpg",104630,a9fb545a104fffa2d9501dd787b1d1271b9db7adc956bb5625f0c5e55e254f89
"storage/resource-library/previews/09c219ba11801b2f267819bb56dc2f1bcc8e3e5c2686b0cb9555d4fab782d1b3/37.jpg",117042,3b9afa174ae7e497c2f8d1227e520a4514086ba5d85b12abe8a619e5af2226d4
"storage/resource-library/previews/09c219ba11801b2f267819bb56dc2f1bcc8e3e5c2686b0cb9555d4fab782d1b3/38.jpg",147364,cf9ad923aca41d66155f7ad59f08e8049b87d6955bb37240606439f0efb23f51
"storage/resource-library/previews/09c219ba11801b2f267819bb56dc2f1bcc8e3e5c2686b0cb9555d4fab782d1b3/39.jpg",147815,58c66835ff5679eaa931eed27ccbcd1df27119228da6452ff864beeaad8f63ee
"storage/resource-library/previews/09c219ba11801b2f267819bb56dc2f1bcc8e3e5c2686b0cb9555d4fab782d1b3/4.jpg",158280,c218181f2ebbe305cd14987ac9be8f3f2b6f0cca3e38b43c3f2e0be84d495f00
"storage/resource-library/previews/09c219ba11801b2f267819bb56dc2f1bcc8e3e5c2686b0cb9555d4fab782d1b3/40.jpg",183640,5fdbbc95a42a3e5466e36b8b0d3158a2f0837efad2445ec25f1f1e98281fe230
"storage/resource-library/previews/09c219ba11801b2f267819bb56dc2f1bcc8e3e5c2686b0cb9555d4fab782d1b3/41.jpg",154961,b9f65dd946e18b673cc5faa10c6d0481565cb5f68b4758a961faa29a33cae758
"storage/resource-library/previews/09c219ba11801b2f267819bb56dc2f1bcc8e3e5c2686b0cb9555d4fab782d1b3/5.jpg",110661,24982e6ea455b161d9f22feba5c26504f1931f2302a965fbfc8737f76a064b7d
"storage/resource-library/previews/09c219ba11801b2f267819bb56dc2f1bcc8e3e5c2686b0cb9555d4fab782d1b3/6.jpg",105916,9d4f7ceb2f2b604a8d1e5849230fd18c38ac5e2348db49a0f7ea17e97e9b03c6
"storage/resource-library/previews/09c219ba11801b2f267819bb56dc2f1bcc8e3e5c2686b0cb9555d4fab782d1b3/7.jpg",136427,b5ce8f6a1836638c2198031863ca46330fbee3d0d688e6a97732d4afb1adbb4b
"storage/resource-library/previews/09c219ba11801b2f267819bb56dc2f1bcc8e3e5c2686b0cb9555d4fab782d1b3/8.jpg",150854,53c598e09cded1b1600bb916f1e1a9860581fa92a30e6f7a78b6ebb90bbd37a6
"storage/resource-library/previews/09c219ba11801b2f267819bb56dc2f1bcc8e3e5c2686b0cb9555d4fab782d1b3/9.jpg",123872,735e78f2d21f8dd9a7823df7b10fc124f3e59a1085841fea2ee404c993f8174a
"storage/resource-library/previews/09c219ba11801b2f267819bb56dc2f1bcc8e3e5c2686b0cb9555d4fab782d1b3/manifest.json",13,c8ba058d356fde9485d2e9385e786accbc0d83c85c63e0238121d23c5cbe285b
"storage/resource-library/previews/16acf25f5f95f69128caa3d8d3163cfd034c541e28f28f77fbb9fbefb73a43a5/1.jpg",27690,bbf3b896c679695c2c13dcd7aba877f7fbe3877f65265a5f450b5ff331752302
"storage/resource-library/previews/16acf25f5f95f69128caa3d8d3163cfd034c541e28f28f77fbb9fbefb73a43a5/10.jpg",184611,d78ab48b3a64a00274d62e58adae47602b84f4d0a0f409a326d20098d03890e9
"storage/resource-library/previews/16acf25f5f95f69128caa3d8d3163cfd034c541e28f28f77fbb9fbefb73a43a5/100.jpg",168095,5f800cac99956119f3e5040565ee53ec756eb9c79dfa8b60e8dd9c74ac746c4b
"storage/resource-library/previews/16acf25f5f95f69128caa3d8d3163cfd034c541e28f28f77fbb9fbefb73a43a5/101.jpg",126237,374f81c11b13a728b78202c5adb0d57a04bf1857960ec1c4fbdc4d35aa81cdea
"storage/resource-library/previews/16acf25f5f95f69128caa3d8d3163cfd034c541e28f28f77fbb9fbefb73a43a5/102.jpg",151974,ee24d4ed64c6ff7387f2c7f607f8a3c7b63a7cdbca3dbf09a0733657c86ad543
"storage/resource-library/previews/16acf25f5f95f69128caa3d8d3163cfd034c541e28f28f77fbb9fbefb73a43a5/103.jpg",167506,b650ef1eb3a0a538e3f46ee6af203b750b65c7981b0b99d3ab67ef5f951689e8
"storage/resource-library/previews/16acf25f5f95f69128caa3d8d3163cfd034c541e28f28f77fbb9fbefb73a43a5/104.jpg",220101,a4d5c12c64132ab7dfb3bddc4fef38b7064c1dd35f849b7be0c4dceae53743cb
"storage/resource-library/previews/16acf25f5f95f69128caa3d8d3163cfd034c541e28f28f77fbb9fbefb73a43a5/105.jpg",263470,bd1720da36424140891d4a2dc0f9aba69dd5981595e2d84e6a0fb17669e05e55
"storage/resource-library/previews/16acf25f5f95f69128caa3d8d3163cfd034c541e28f28f77fbb9fbefb73a43a5/106.jpg",243584,ffb564347c0d82a6f987096050d73f8db7532d7f2ed2356f10f73470446b6672
"storage/resource-library/previews/16acf25f5f95f69128caa3d8d3163cfd034c541e28f28f77fbb9fbefb73a43a5/107.jpg",197488,5eb1a84d586c9f7f1dfcc7ddc8b69789a0ce3938eb6c41f87a232c45907f477a
"storage/resource-library/previews/16acf25f5f95f69128caa3d8d3163cfd034c541e28f28f77fbb9fbefb73a43a5/108.jpg",236850,9000a7c681fe706ccbd9bf3805dcba1753029f7a4d290073c7d162d593995856
"storage/resource-library/previews/16acf25f5f95f69128caa3d8d3163cfd034c541e28f28f77fbb9fbefb73a43a5/109.jpg",272657,d42f8907270aee150d961d67877b7e823d97042ffd62cb6b0a7f33b55f0c9be3
"storage/resource-library/previews/16acf25f5f95f69128caa3d8d3163cfd034c541e28f28f77fbb9fbefb73a43a5/11.jpg",276401,79fe9090ea84fa698d96747ba7b43b42cbd4d3a10b7d6453a6a7e72de06c7648
"storage/resource-library/previews/16acf25f5f95f69128caa3d8d3163cfd034c541e28f28f77fbb9fbefb73a43a5/110.jpg",199149,cc842c0c99fc2ad0e6779359dae55bcc49ca3e86e1e040b39e7b11a257c809cd
"storage/resource-library/previews/16acf25f5f95f69128caa3d8d3163cfd034c541e28f28f77fbb9fbefb73a43a5/111.jpg",178468,da37c093316cd71729973ef6beff01575237fe362e7ad9e7aebd9d05c4300d3b
"storage/resource-library/previews/16acf25f5f95f69128caa3d8d3163cfd034c541e28f28f77fbb9fbefb73a43a5/112.jpg",167744,dfb8b7077ba663a8cfab9fea592283d3a267c2f6904c7adf8a8f34c0d5100625
"storage/resource-library/previews/16acf25f5f95f69128caa3d8d3163cfd034c541e28f28f77fbb9fbefb73a43a5/113.jpg",149961,59f6877075010b9b045cde9db0a301676641726e1609e1e178e534f9470e8377
"storage/resource-library/previews/16acf25f5f95f69128caa3d8d3163cfd034c541e28f28f77fbb9fbefb73a43a5/114.jpg",250302,125de1f951e4bcbb895b74a4c6054c0d71f1c5fba28de0b14432946874b02f85
"storage/resource-library/previews/16acf25f5f95f69128caa3d8d3163cfd034c541e28f28f77fbb9fbefb73a43a5/115.jpg",185213,2c3b6c2b45341391343ff3e811b424d483b80307c8b8d2677c35b39739d6d227
"storage/resource-library/previews/16acf25f5f95f69128caa3d8d3163cfd034c541e28f28f77fbb9fbefb73a43a5/116.jpg",144280,87e982e23ddbe1589e075efc1c6c3af4f2044703493d3e87048932bd911fef02
"storage/resource-library/previews/16acf25f5f95f69128caa3d8d3163cfd034c541e28f28f77fbb9fbefb73a43a5/117.jpg",14291,8d3bc6b94240bfd0fb18baf170604792e5a8bd30369fc06c9578335ce16a4988
"storage/resource-library/previews/16acf25f5f95f69128caa3d8d3163cfd034c541e28f28f77fbb9fbefb73a43a5/118.jpg",230754,6f948db0c52e50ee85d0eeb92f6a76360f6ec0f671d2d57cbb8b4dd40f555aba
"storage/resource-library/previews/16acf25f5f95f69128caa3d8d3163cfd034c541e28f28f77fbb9fbefb73a43a5/119.jpg",268842,477b9a5227f43eff1087b23f64b49a3b32b05de214557dfd3c13dad4ba9e7dfa
"storage/resource-library/previews/16acf25f5f95f69128caa3d8d3163cfd034c541e28f28f77fbb9fbefb73a43a5/12.jpg",294250,55f04c46bd085f1ce6b76863bf2a23c7fa1cee2e4a89a409a5fd766390bf1fcc
"storage/resource-library/previews/16acf25f5f95f69128caa3d8d3163cfd034c541e28f28f77fbb9fbefb73a43a5/120.jpg",211041,ee428e004b047bcf8b460f09e12cf0cc01bedde41e94479bbf62162d5b7ea10a
"storage/resource-library/previews/16acf25f5f95f69128caa3d8d3163cfd034c541e28f28f77fbb9fbefb73a43a5/121.jpg",115984,408595a71bc98aef13d4da14499e8b85c389e95cd67e9bcd41a348ebcdd37e98
"storage/resource-library/previews/16acf25f5f95f69128caa3d8d3163cfd034c541e28f28f77fbb9fbefb73a43a5/122.jpg",102051,d3881c8bac0032d912c79ec9f06d98624c66fec0459b62b97a4a7ed74e57be10
"storage/resource-library/previews/16acf25f5f95f69128caa3d8d3163cfd034c541e28f28f77fbb9fbefb73a43a5/123.jpg",107325,cf20bd83e69f2914aadeb56ce5d42a9026512bd6eb2afab2e77f15acb3e7bca9
"storage/resource-library/previews/16acf25f5f95f69128caa3d8d3163cfd034c541e28f28f77fbb9fbefb73a43a5/124.jpg",122358,ebd53692c9bd296bd3e5c48d5528e5c76c797d92ba9535bb994d0f4bbfebc87e
"storage/resource-library/previews/16acf25f5f95f69128caa3d8d3163cfd034c541e28f28f77fbb9fbefb73a43a5/125.jpg",170937,06906b3951e2adfce955dc25f7b7e4f1f5a44809ff4c1862d127ba2e1114020a
"storage/resource-library/previews/16acf25f5f95f69128caa3d8d3163cfd034c541e28f28f77fbb9fbefb73a43a5/126.jpg",199085,4992a68580bed49f744774a632dc4caf0bdaa235b2522fc51bd8d557e4d55362
"storage/resource-library/previews/16acf25f5f95f69128caa3d8d3163cfd034c541e28f28f77fbb9fbefb73a43a5/127.jpg",143580,d3c5ddf0f673388a1088a0656d210db346ad2923f53eb0c4e325a1b7c30da30c
"storage/resource-library/previews/16acf25f5f95f69128caa3d8d3163cfd034c541e28f28f77fbb9fbefb73a43a5/128.jpg",209907,a43e72acf02a674db14362e52b2b15812550a1279405452100b283130a5db998
"storage/resource-library/previews/16acf25f5f95f69128caa3d8d3163cfd034c541e28f28f77fbb9fbefb73a43a5/129.jpg",232118,26d182af8bcdca56f4bd450c0cf0d924e0ddd50ac80d29cbeb0147a7378baaeb
"storage/resource-library/previews/16acf25f5f95f69128caa3d8d3163cfd034c541e28f28f77fbb9fbefb73a43a5/13.jpg",229613,55ab64067ee664b620207ad23736543bf30ab6169066567bd3409207eecbc834
"storage/resource-library/previews/16acf25f5f95f69128caa3d8d3163cfd034c541e28f28f77fbb9fbefb73a43a5/130.jpg",200660,7e06ff0fda35276a4270ddd5e0c1170bff75b6ec2bc3ce16a6affb6d068b3fe6
"storage/resource-library/previews/16acf25f5f95f69128caa3d8d3163cfd034c541e28f28f77fbb9fbefb73a43a5/131.jpg",173283,3757b70bd859efd58185e3041a3b0a4c4699e10811ffc742decb5fd2bb8b7b21
"storage/resource-library/previews/16acf25f5f95f69128caa3d8d3163cfd034c541e28f28f77fbb9fbefb73a43a5/132.jpg",115625,52d8d57ccd93b6049ed0e1e81153e1587606b0369ac677a692c8429d1e7e4eb6
"storage/resource-library/previews/16acf25f5f95f69128caa3d8d3163cfd034c541e28f28f77fbb9fbefb73a43a5/133.jpg",152964,8dbf1f176e493cc075bc40b97a4a8acda5b8b4c941bdc8bbb97cb158c02d2abb
"storage/resource-library/previews/16acf25f5f95f69128caa3d8d3163cfd034c541e28f28f77fbb9fbefb73a43a5/134.jpg",139875,3031592ffe7f45fb83533aff89e3c0a569579e807197924f1d6ff589d260ed23
"storage/resource-library/previews/16acf25f5f95f69128caa3d8d3163cfd034c541e28f28f77fbb9fbefb73a43a5/135.jpg",227331,58c414d746606778c8df36cd46f19e0910bbf914e176e5d15acb070a42cf0392
"storage/resource-library/previews/16acf25f5f95f69128caa3d8d3163cfd034c541e28f28f77fbb9fbefb73a43a5/136.jpg",146144,78fe27188d28579965dc78cb6a81065d401724a78935e8b0bb8546cf2d1d3295
"storage/resource-library/previews/16acf25f5f95f69128caa3d8d3163cfd034c541e28f28f77fbb9fbefb73a43a5/137.jpg",193356,56d1880092ad7e2ea82ef3a26ce509fc768c459741209ab61e9dbc495f312013
"storage/resource-library/previews/16acf25f5f95f69128caa3d8d3163cfd034c541e28f28f77fbb9fbefb73a43a5/138.jpg",185180,81879de33a023985b35e595cebcb9546198d9901a96cf7cbcc859fc5f8fb55bc
"storage/resource-library/previews/16acf25f5f95f69128caa3d8d3163cfd034c541e28f28f77fbb9fbefb73a43a5/139.jpg",137806,4e620e29db71d74accfd7db1b5c4c2d9a6f1879018001069e356c3bd9cf02c76
"storage/resource-library/previews/16acf25f5f95f69128caa3d8d3163cfd034c541e28f28f77fbb9fbefb73a43a5/14.jpg",180372,a980a0a37bbbaab420b8f88d423a0223fe38595fdd8ce2d45b2349baba8925c5
"storage/resource-library/previews/16acf25f5f95f69128caa3d8d3163cfd034c541e28f28f77fbb9fbefb73a43a5/140.jpg",138430,514f4ae49e6ec17f2f79d679c84ae3c66069bb5ef46d29b09782356c3d873bdb
"storage/resource-library/previews/16acf25f5f95f69128caa3d8d3163cfd034c541e28f28f77fbb9fbefb73a43a5/141.jpg",241431,f9ca281436a17286e1baf8556dea51b87bdb0629d595ae4a05cfef93567ab09b
"storage/resource-library/previews/16acf25f5f95f69128caa3d8d3163cfd034c541e28f28f77fbb9fbefb73a43a5/142.jpg",199724,af5238e4620339df46076f971bfcd5d791f356aa2edd44fc0f212cd05bbe14fa
"storage/resource-library/previews/16acf25f5f95f69128caa3d8d3163cfd034c541e28f28f77fbb9fbefb73a43a5/143.jpg",252975,2b29ca32371041af491f18a021c5020aa473aec80990382bcb26b445d0827734
"storage/resource-library/previews/16acf25f5f95f69128caa3d8d3163cfd034c541e28f28f77fbb9fbefb73a43a5/144.jpg",194994,a4a715eca0113c9765cd79b4afcfba9f1f5c8979957f84a0d9e782e8986ca82b
"storage/resource-library/previews/16acf25f5f95f69128caa3d8d3163cfd034c541e28f28f77fbb9fbefb73a43a5/145.jpg",199534,71175be8d4ba4e5a6643742ebdc6ea314453a4006971279e1e9a23e4bb249a40
"storage/resource-library/previews/16acf25f5f95f69128caa3d8d3163cfd034c541e28f28f77fbb9fbefb73a43a5/146.jpg",66920,b29e5e3631be71f8844d618fbd3db355e928e700a2a72959abe9eb3db7611000
"storage/resource-library/previews/16acf25f5f95f69128caa3d8d3163cfd034c541e28f28f77fbb9fbefb73a43a5/147.jpg",14526,39c491818852bb343686e730e89c607dbf6def17e2e9c4ee16124bc76fb3f402
"storage/resource-library/previews/16acf25f5f95f69128caa3d8d3163cfd034c541e28f28f77fbb9fbefb73a43a5/148.jpg",237031,f3d6e093f3160185de18ff065913949e9bbb499c846fe9cbae1949a3e737e349
"storage/resource-library/previews/16acf25f5f95f69128caa3d8d3163cfd034c541e28f28f77fbb9fbefb73a43a5/149.jpg",239956,f43aab8917cc77423f42b5513889d7d543743acc29071987f956d3acab4870c5
"storage/resource-library/previews/16acf25f5f95f69128caa3d8d3163cfd034c541e28f28f77fbb9fbefb73a43a5/15.jpg",31725,597f131aba61f0801d2f0a5fa4e7c1d5ddda4e72942b88c1f37a2bac12b33610
"storage/resource-library/previews/16acf25f5f95f69128caa3d8d3163cfd034c541e28f28f77fbb9fbefb73a43a5/150.jpg",219430,ea2e22a1f507f4019a0fa15a35a11d073e47191e15c624b01cecd28481ac2220
"storage/resource-library/previews/16acf25f5f95f69128caa3d8d3163cfd034c541e28f28f77fbb9fbefb73a43a5/151.jpg",252922,2e87096c6b7f73050dfb0483cbcb69608764e3ce59caeb2eb46568f210569bd0
"storage/resource-library/previews/16acf25f5f95f69128caa3d8d3163cfd034c541e28f28f77fbb9fbefb73a43a5/152.jpg",277183,6f0896b31d722fdb2ba4c92c991752938863877f5498dc3d62933a89810793f1
"storage/resource-library/previews/16acf25f5f95f69128caa3d8d3163cfd034c541e28f28f77fbb9fbefb73a43a5/153.jpg",98487,14d9e7fc4eebba1a7e4504d066466af2ac6ea6f0da3284c5b37c99663d59e8f2
"storage/resource-library/previews/16acf25f5f95f69128caa3d8d3163cfd034c541e28f28f77fbb9fbefb73a43a5/16.jpg",240609,cecfbc129d7bea3278333c8d69e12d1569774dadbd94e6a98abbf70c7f81a7bf
"storage/resource-library/previews/16acf25f5f95f69128caa3d8d3163cfd034c541e28f28f77fbb9fbefb73a43a5/17.jpg",171657,7f1aab8b0c16bbef1d8765145f5dfbd3c6c1458c517ea3224540a45205baf544
"storage/resource-library/previews/16acf25f5f95f69128caa3d8d3163cfd034c541e28f28f77fbb9fbefb73a43a5/18.jpg",253708,9ffc423b1a448474038b4bfb9d919b5b7b7bbda7e73863f5978f782fbbe4a8cd
"storage/resource-library/previews/16acf25f5f95f69128caa3d8d3163cfd034c541e28f28f77fbb9fbefb73a43a5/19.jpg",271942,88e67e9c86581064d333b83a1e7f1057e1d872ded577dc65d524b9640c5af5e6
"storage/resource-library/previews/16acf25f5f95f69128caa3d8d3163cfd034c541e28f28f77fbb9fbefb73a43a5/2.jpg",127057,9d8a8510e70967d88478156437ad1878d8e82780d1dc3d40f70d2381f57c4a8c
"storage/resource-library/previews/16acf25f5f95f69128caa3d8d3163cfd034c541e28f28f77fbb9fbefb73a43a5/20.jpg",287224,f14fb60eb0490993bd85e400c5e9200a1a1697ae887c7e1b58fe84979fa682ac
"storage/resource-library/previews/16acf25f5f95f69128caa3d8d3163cfd034c541e28f28f77fbb9fbefb73a43a5/21.jpg",283796,f27bfae3f93e0aebe3786ab38fc6e8bab0c75b796ff416522decd8e73be08bc6
"storage/resource-library/previews/16acf25f5f95f69128caa3d8d3163cfd034c541e28f28f77fbb9fbefb73a43a5/22.jpg",238616,630b2449e0ef21b2cb4eebccb7f5ebac807c9575473922dd9f648bb18fe0e0f0
"storage/resource-library/previews/16acf25f5f95f69128caa3d8d3163cfd034c541e28f28f77fbb9fbefb73a43a5/23.jpg",259451,192973ed9bab929cd204911eeeced625eaf10a8f582e969f7b061c6db900e85b
"storage/resource-library/previews/16acf25f5f95f69128caa3d8d3163cfd034c541e28f28f77fbb9fbefb73a43a5/24.jpg",260634,85678197724a42d97abd3aa9cd77fe00fc60f87981aa2d1e93ee8efd6bb21a9d
"storage/resource-library/previews/16acf25f5f95f69128caa3d8d3163cfd034c541e28f28f77fbb9fbefb73a43a5/25.jpg",219958,d85037b040b9bdc5852b06826c0ed7c88971f4184c8379c548dcf47aa65eeaf8
"storage/resource-library/previews/16acf25f5f95f69128caa3d8d3163cfd034c541e28f28f77fbb9fbefb73a43a5/26.jpg",205046,6ea6965f17ae50ffa22cb5de4981379feee5c5e3ccdb9743918b94107dcfafa4
"storage/resource-library/previews/16acf25f5f95f69128caa3d8d3163cfd034c541e28f28f77fbb9fbefb73a43a5/27.jpg",145126,16d723a110a9ce63b8a52f71918240325d599d973048d31091f01d69e32d3780
"storage/resource-library/previews/16acf25f5f95f69128caa3d8d3163cfd034c541e28f28f77fbb9fbefb73a43a5/28.jpg",14291,8d3bc6b94240bfd0fb18baf170604792e5a8bd30369fc06c9578335ce16a4988
"storage/resource-library/previews/16acf25f5f95f69128caa3d8d3163cfd034c541e28f28f77fbb9fbefb73a43a5/29.jpg",225268,537d61614d1b6a766054666865cc8b96754d5d60910ceb9607e9742bc918a332
"storage/resource-library/previews/16acf25f5f95f69128caa3d8d3163cfd034c541e28f28f77fbb9fbefb73a43a5/3.jpg",134376,6090049081bad8b791812d44a17e204004b2d65cbf42b73db5ab5e5f17868767
"storage/resource-library/previews/16acf25f5f95f69128caa3d8d3163cfd034c541e28f28f77fbb9fbefb73a43a5/30.jpg",280724,0b767536a19de5f345d91925949b6fb77629bd96838fafdff4173caf0522f46c
"storage/resource-library/previews/16acf25f5f95f69128caa3d8d3163cfd034c541e28f28f77fbb9fbefb73a43a5/31.jpg",163625,8ab7327775743da20446dbfdb13bdb7a1e6357a8f1f7692c0af23810e976def3
"storage/resource-library/previews/16acf25f5f95f69128caa3d8d3163cfd034c541e28f28f77fbb9fbefb73a43a5/32.jpg",121162,eaa118efab5be185f50693335ce1219c1e5b0c465a22d6dcd98f1827d7b8a83c
"storage/resource-library/previews/16acf25f5f95f69128caa3d8d3163cfd034c541e28f28f77fbb9fbefb73a43a5/33.jpg",206063,84e8f2ec190ef622fc67699502e958bdb02012881fb97ca00d4a0beab92ea8b0
"storage/resource-library/previews/16acf25f5f95f69128caa3d8d3163cfd034c541e28f28f77fbb9fbefb73a43a5/34.jpg",167740,e814f5517f1d1113df901c5d5720168d55179b472334ac5b2db66159528e6537
"storage/resource-library/previews/16acf25f5f95f69128caa3d8d3163cfd034c541e28f28f77fbb9fbefb73a43a5/35.jpg",159555,83ed2fe40982f6f83a31c0a3a1db7ceb67c12d3bbaaf6f2c9f0a086bef21267c
"storage/resource-library/previews/16acf25f5f95f69128caa3d8d3163cfd034c541e28f28f77fbb9fbefb73a43a5/36.jpg",170533,07a64b9470c0e9f6944ec7a339b1d0fbd4ca49af9049eed355cd740409a65ec6
"storage/resource-library/previews/16acf25f5f95f69128caa3d8d3163cfd034c541e28f28f77fbb9fbefb73a43a5/37.jpg",263550,bc820ed51e107f11e52337ace365da3a7f643ca6133f1698d05782a5a332ca4d
"storage/resource-library/previews/16acf25f5f95f69128caa3d8d3163cfd034c541e28f28f77fbb9fbefb73a43a5/38.jpg",127453,263697339bd068e5d3ad634de0a416dbe9e792685a322cb38d6e1fc235f88e01
"storage/resource-library/previews/16acf25f5f95f69128caa3d8d3163cfd034c541e28f28f77fbb9fbefb73a43a5/39.jpg",113978,fa6ff1ff9da3a4dd28a2a0ab8848ebdbabb36beb0fa8dae4a758141f9c94e312
"storage/resource-library/previews/16acf25f5f95f69128caa3d8d3163cfd034c541e28f28f77fbb9fbefb73a43a5/4.jpg",129761,a3a388d3b0660394f8d22b3e413edadaf6cd1b549c9280fb989828ae024560b6
"storage/resource-library/previews/16acf25f5f95f69128caa3d8d3163cfd034c541e28f28f77fbb9fbefb73a43a5/40.jpg",68676,5a681a65392671d8231c066b8fbf5579c2bb7514232cfa02fe750574e33d95c7
"storage/resource-library/previews/16acf25f5f95f69128caa3d8d3163cfd034c541e28f28f77fbb9fbefb73a43a5/41.jpg",219971,e1c9a0cf3725aa8178622bdb6264e3c294c1fd51b455c1ffd3b37d5734b44796
"storage/resource-library/previews/16acf25f5f95f69128caa3d8d3163cfd034c541e28f28f77fbb9fbefb73a43a5/42.jpg",257892,d907d31aa08eaec96fc442d1a7cacd07d2f7911b6a91d9ab910ec2e3b291a6be
"storage/resource-library/previews/16acf25f5f95f69128caa3d8d3163cfd034c541e28f28f77fbb9fbefb73a43a5/43.jpg",200260,aa20d4695cfee31c1e3bdc04e4cefc0d65408204ffe04ca4a5c82fcdb17533c9
"storage/resource-library/previews/16acf25f5f95f69128caa3d8d3163cfd034c541e28f28f77fbb9fbefb73a43a5/44.jpg",140388,13d3fc6c69574b7daf33374fb30d443ac4f70d3a574359dda12c213528ffd973
"storage/resource-library/previews/16acf25f5f95f69128caa3d8d3163cfd034c541e28f28f77fbb9fbefb73a43a5/45.jpg",89468,9b1e1bf2f583e63cadda5e02ebf8b38d12a68c70672e0e5b88bb400d88c412e6
"storage/resource-library/previews/16acf25f5f95f69128caa3d8d3163cfd034c541e28f28f77fbb9fbefb73a43a5/46.jpg",275844,260a7efb087ed6462a80ce734b31cc7ce61b9f392131af336af9de4defcfdf6f
"storage/resource-library/previews/16acf25f5f95f69128caa3d8d3163cfd034c541e28f28f77fbb9fbefb73a43a5/47.jpg",258235,e8d683b6ab4355080b0a2d776ccc5dfbc196811cca077fb1f39f07ec57a3d1e0
"storage/resource-library/previews/16acf25f5f95f69128caa3d8d3163cfd034c541e28f28f77fbb9fbefb73a43a5/48.jpg",233300,a94457bc40310120d5f8c373e8f768189df475857ee2fa5fada0dd701445a458
"storage/resource-library/previews/16acf25f5f95f69128caa3d8d3163cfd034c541e28f28f77fbb9fbefb73a43a5/49.jpg",219097,01909a697d91c5eec46ececdfc9dca5e5c3021ca576fd9f3c2b8997bfcd85914
"storage/resource-library/previews/16acf25f5f95f69128caa3d8d3163cfd034c541e28f28f77fbb9fbefb73a43a5/5.jpg",142261,afc891331326628ac0d09c90181e0f73f16cc16a1036cff729af1e52cb79e6af
"storage/resource-library/previews/16acf25f5f95f69128caa3d8d3163cfd034c541e28f28f77fbb9fbefb73a43a5/50.jpg",190482,7df67937ab0e8b6ed5cb3ce60cc8ecd9a2caf936d8a91d0652e90fe399c146f7
"storage/resource-library/previews/16acf25f5f95f69128caa3d8d3163cfd034c541e28f28f77fbb9fbefb73a43a5/51.jpg",190274,3c895647a87d095c1e3de10d868694ca168f841c83773079836a576280f3e692
"storage/resource-library/previews/16acf25f5f95f69128caa3d8d3163cfd034c541e28f28f77fbb9fbefb73a43a5/52.jpg",182524,8ad7ea3d329116eeb1d90e3d4971b4a49039763c6574a064c3fcdd4eb9525c38
"storage/resource-library/previews/16acf25f5f95f69128caa3d8d3163cfd034c541e28f28f77fbb9fbefb73a43a5/53.jpg",80288,7c7d49bf9a5cd7c6ae4f65d4d18720673fd1b00d5c2bb85cde8b3f428bdec54c
"storage/resource-library/previews/16acf25f5f95f69128caa3d8d3163cfd034c541e28f28f77fbb9fbefb73a43a5/54.jpg",14291,8d3bc6b94240bfd0fb18baf170604792e5a8bd30369fc06c9578335ce16a4988
"storage/resource-library/previews/16acf25f5f95f69128caa3d8d3163cfd034c541e28f28f77fbb9fbefb73a43a5/55.jpg",244516,f8c090446389d8a9fdd6a846794d6deea626844ce0b01e51e689800a5805a2f9
"storage/resource-library/previews/16acf25f5f95f69128caa3d8d3163cfd034c541e28f28f77fbb9fbefb73a43a5/56.jpg",274755,e41f662f5a7752f7f85144d7950f37fbdded2c115b614ab646deb66f8a38988a
"storage/resource-library/previews/16acf25f5f95f69128caa3d8d3163cfd034c541e28f28f77fbb9fbefb73a43a5/57.jpg",165689,da42cf20a6741694aaab52fb71c3c06f00416f19e5b061ba60e2ce2161036141
"storage/resource-library/previews/16acf25f5f95f69128caa3d8d3163cfd034c541e28f28f77fbb9fbefb73a43a5/58.jpg",167735,b16be25dd6bb3cd9109dd6a9c62f60c2a425488f53ee24af3f525958be38fe0e
"storage/resource-library/previews/16acf25f5f95f69128caa3d8d3163cfd034c541e28f28f77fbb9fbefb73a43a5/59.jpg",137090,b95e31b96ef50c6a47242b46dbfd203a77e259d1d4f81b83534d4fba9c2d5dce
"storage/resource-library/previews/16acf25f5f95f69128caa3d8d3163cfd034c541e28f28f77fbb9fbefb73a43a5/6.jpg",97371,628582676474a39a6628a9d84a48de0dffebff4b8cc4dbd4ca9ef3fee90f8b21
"storage/resource-library/previews/16acf25f5f95f69128caa3d8d3163cfd034c541e28f28f77fbb9fbefb73a43a5/60.jpg",87829,2c40f382396366f88654db899a6d002b0a1f8cead290b82c91300ddac02e30f3
"storage/resource-library/previews/16acf25f5f95f69128caa3d8d3163cfd034c541e28f28f77fbb9fbefb73a43a5/61.jpg",101320,de7a182ae2afcf5226d9ac60115d4e6daa806ea251fb48c1f01d8a29c6c92c2a
"storage/resource-library/previews/16acf25f5f95f69128caa3d8d3163cfd034c541e28f28f77fbb9fbefb73a43a5/62.jpg",82370,3cbe62dd7429f154aa302e030092ca9dceb7eec3be3c3133d35d74e13ea91e2a
"storage/resource-library/previews/16acf25f5f95f69128caa3d8d3163cfd034c541e28f28f77fbb9fbefb73a43a5/63.jpg",209699,80434d99de5d51e2ae93e04084f19f0d4d9855fbeffc7e18c9d5500b68c03b89
"storage/resource-library/previews/16acf25f5f95f69128caa3d8d3163cfd034c541e28f28f77fbb9fbefb73a43a5/64.jpg",42736,bcd654b7745bcc960892ca58bcc7d42ddddb4bb0a2d3c1745ac25b8bad4413e5
"storage/resource-library/previews/16acf25f5f95f69128caa3d8d3163cfd034c541e28f28f77fbb9fbefb73a43a5/65.jpg",124354,728b70d9ef25ac8497f5b89bac34193fdfaead0c8d1c7a42709c361dffe9e28d
"storage/resource-library/previews/16acf25f5f95f69128caa3d8d3163cfd034c541e28f28f77fbb9fbefb73a43a5/66.jpg",119437,3144d28813ee8331f5dc80ee918ea7f35e00af29623af23d93b53a05f3240807
"storage/resource-library/previews/16acf25f5f95f69128caa3d8d3163cfd034c541e28f28f77fbb9fbefb73a43a5/67.jpg",97630,8154dd1ec627ec5b5e61f9d43ef0dc2622a25e81bc7d832e7fa9284d8d8f2dac
"storage/resource-library/previews/16acf25f5f95f69128caa3d8d3163cfd034c541e28f28f77fbb9fbefb73a43a5/68.jpg",115119,c14d0cdd605e64ba32d7a116dd180c08c39a563b99cd3544be2bd2ccf56ca5d1
"storage/resource-library/previews/16acf25f5f95f69128caa3d8d3163cfd034c541e28f28f77fbb9fbefb73a43a5/69.jpg",232631,8e33f9d19dd49a0bdc481b2f7cd0c13f46ad1735a18b645039c23d150c8330d9
"storage/resource-library/previews/16acf25f5f95f69128caa3d8d3163cfd034c541e28f28f77fbb9fbefb73a43a5/7.jpg",194582,90ec657e7d70c656ebc4bd96a4d6ecf742c899a51cf23e4a815f23c05b639bd2
"storage/resource-library/previews/16acf25f5f95f69128caa3d8d3163cfd034c541e28f28f77fbb9fbefb73a43a5/70.jpg",165760,c93387f5ee6c86371b8342a4852b19c97fb81fdaa64f7547763d2aae8d5a6823
"storage/resource-library/previews/16acf25f5f95f69128caa3d8d3163cfd034c541e28f28f77fbb9fbefb73a43a5/71.jpg",109149,978c35d6015c7cc2ef8f8c6007049fbbb848b3f471f2b2bb0e17f89ffc08a43e
"storage/resource-library/previews/16acf25f5f95f69128caa3d8d3163cfd034c541e28f28f77fbb9fbefb73a43a5/72.jpg",266764,402584a3458ae65f737c4b0cc08930b336e477e27127a32f6f44a470efaad8d8
"storage/resource-library/previews/16acf25f5f95f69128caa3d8d3163cfd034c541e28f28f77fbb9fbefb73a43a5/73.jpg",289521,4c88783bb4c84586abd202b5ade8c219e647b2b57f6a88cb706b4d6c94596bd7
"storage/resource-library/previews/16acf25f5f95f69128caa3d8d3163cfd034c541e28f28f77fbb9fbefb73a43a5/74.jpg",274041,32d9b2009a32b3f8e84e602bb81ac6599e82254386657f053b87255e9075cbf5
"storage/resource-library/previews/16acf25f5f95f69128caa3d8d3163cfd034c541e28f28f77fbb9fbefb73a43a5/75.jpg",279315,279ac6bad7551c0f435b8047f510ef3b6b52e4d633f29d9232c964eebd34dfb0
"storage/resource-library/previews/16acf25f5f95f69128caa3d8d3163cfd034c541e28f28f77fbb9fbefb73a43a5/76.jpg",170541,413e2e4266bfe493e997bab518069ac65b3bc42fbc0f66e4260f3583d4ac004d
"storage/resource-library/previews/16acf25f5f95f69128caa3d8d3163cfd034c541e28f28f77fbb9fbefb73a43a5/77.jpg",182918,c7b198b22b3f4cdc78224ed0a9dca22d70d3913e63538dbeb698ba970e9aa2ba
"storage/resource-library/previews/16acf25f5f95f69128caa3d8d3163cfd034c541e28f28f77fbb9fbefb73a43a5/78.jpg",125721,7c3a802e5f7b34ae3f8ec72e1d929aa6155367726866885455c89e39d9a439fa
"storage/resource-library/previews/16acf25f5f95f69128caa3d8d3163cfd034c541e28f28f77fbb9fbefb73a43a5/79.jpg",14291,8d3bc6b94240bfd0fb18baf170604792e5a8bd30369fc06c9578335ce16a4988
"storage/resource-library/previews/16acf25f5f95f69128caa3d8d3163cfd034c541e28f28f77fbb9fbefb73a43a5/8.jpg",294132,ec12788697fc46209d0f3112bfc2efa1098e21cf4e64535713f8681992247613
"storage/resource-library/previews/16acf25f5f95f69128caa3d8d3163cfd034c541e28f28f77fbb9fbefb73a43a5/80.jpg",194382,d1a7a364b3891f6a5d3e53f35d98f7a7ddbb1137a62a84ea3004bcee2c98ca63
"storage/resource-library/previews/16acf25f5f95f69128caa3d8d3163cfd034c541e28f28f77fbb9fbefb73a43a5/81.jpg",139535,a05050da7713f0d84b899f73cdd400c1ffa70773f7b2b0c93d6e579de927fe04
"storage/resource-library/previews/16acf25f5f95f69128caa3d8d3163cfd034c541e28f28f77fbb9fbefb73a43a5/82.jpg",162448,031ffaff7f276dfe8f5ac482a1970a8ca281d112512e0c29a7df2c833830b292
"storage/resource-library/previews/16acf25f5f95f69128caa3d8d3163cfd034c541e28f28f77fbb9fbefb73a43a5/83.jpg",210244,a468989aea76cc6b24d9361e2be342ee084bd1b6fd44d428f32b60803f11afa4
"storage/resource-library/previews/16acf25f5f95f69128caa3d8d3163cfd034c541e28f28f77fbb9fbefb73a43a5/84.jpg",171381,367a06218f5e9d9dd77018bb854a028ca63a65b379475fa6463b88348e458cef
"storage/resource-library/previews/16acf25f5f95f69128caa3d8d3163cfd034c541e28f28f77fbb9fbefb73a43a5/85.jpg",151989,1fc3fbac425fa7a5e16cded8ae615426cb04eb387d0a44c5116cb755e87ba3a6
"storage/resource-library/previews/16acf25f5f95f69128caa3d8d3163cfd034c541e28f28f77fbb9fbefb73a43a5/86.jpg",156531,67dc71a741f5979314e99982f631041b4af8def1a0d2d612b3e8593d206e76c9
"storage/resource-library/previews/16acf25f5f95f69128caa3d8d3163cfd034c541e28f28f77fbb9fbefb73a43a5/87.jpg",245174,73fba443bd1bc8c3bc505dc349ea7eae842b00bbf7bac17477e266c78a69d068
"storage/resource-library/previews/16acf25f5f95f69128caa3d8d3163cfd034c541e28f28f77fbb9fbefb73a43a5/88.jpg",198864,9590c7c130a5f5cb6d2fa1dfc8143a11abd2b555435c9989648e1d378585c149
"storage/resource-library/previews/16acf25f5f95f69128caa3d8d3163cfd034c541e28f28f77fbb9fbefb73a43a5/89.jpg",189941,0425e889884c54238674c4781ddd0dc01923bf2629e1ace9d2fb932852b5f908
"storage/resource-library/previews/16acf25f5f95f69128caa3d8d3163cfd034c541e28f28f77fbb9fbefb73a43a5/9.jpg",249548,25b70e223fcae33313c49a5b740037b4fe2fed046981972790e674a08a57f98f
"storage/resource-library/previews/16acf25f5f95f69128caa3d8d3163cfd034c541e28f28f77fbb9fbefb73a43a5/90.jpg",213991,906ffdca5b6c4d8d747ebc8bc50e6cd4fdbb5aea5e1d187ac16ded21cb3d78de
"storage/resource-library/previews/16acf25f5f95f69128caa3d8d3163cfd034c541e28f28f77fbb9fbefb73a43a5/91.jpg",165440,54faefe82daf7c721d22071f430e91f4328a92710d6a261ac07a2afe3afd9a98
"storage/resource-library/previews/16acf25f5f95f69128caa3d8d3163cfd034c541e28f28f77fbb9fbefb73a43a5/92.jpg",14291,8d3bc6b94240bfd0fb18baf170604792e5a8bd30369fc06c9578335ce16a4988
"storage/resource-library/previews/16acf25f5f95f69128caa3d8d3163cfd034c541e28f28f77fbb9fbefb73a43a5/93.jpg",259335,b1b1b0bcb4a00e7ab0adfc288f4b1b86d55965878ae5994c57f80349d55bf366
"storage/resource-library/previews/16acf25f5f95f69128caa3d8d3163cfd034c541e28f28f77fbb9fbefb73a43a5/94.jpg",255594,61f580207f3276ead2333a456b8573ccc2b0305d5e3d5169d3107d826fe06441
"storage/resource-library/previews/16acf25f5f95f69128caa3d8d3163cfd034c541e28f28f77fbb9fbefb73a43a5/95.jpg",218981,d61e0ae54aaf864c87f11ebaaf6292c39811a03afe928a2c3a96e9e8aaca5f40
"storage/resource-library/previews/16acf25f5f95f69128caa3d8d3163cfd034c541e28f28f77fbb9fbefb73a43a5/96.jpg",187956,8231b7cef625e384a20a0ec233a764b1d8ae08dfba2430b2f51119c582e5223d
"storage/resource-library/previews/16acf25f5f95f69128caa3d8d3163cfd034c541e28f28f77fbb9fbefb73a43a5/97.jpg",209905,774c7a681cbefe7e48799f07f5788b43f8f66f38bd3b1af6ec6ca826de8b774f
"storage/resource-library/previews/16acf25f5f95f69128caa3d8d3163cfd034c541e28f28f77fbb9fbefb73a43a5/98.jpg",142795,8a6aa199835786a768b8120329e526b669ec20f15a2f0c18ebd245c8ae73fd63
"storage/resource-library/previews/16acf25f5f95f69128caa3d8d3163cfd034c541e28f28f77fbb9fbefb73a43a5/99.jpg",205012,b0ea6a69518839714021fcc60b317f386610452c813f29a343e86eb010ba97a9
"storage/resource-library/previews/16acf25f5f95f69128caa3d8d3163cfd034c541e28f28f77fbb9fbefb73a43a5/manifest.json",14,0797bb1d9867faf87a6173a7c09b9dcb1ccca35ab35c31ff08bf003b87ade883
"storage/resource-library/previews/1a14d131f6a2b8155d8bd60aa054c0707e3fa397c5aa5b2664a266c092edb1d7/1.jpg",135829,378d5bb7bfb2dca417b1df802580b08696012b9c09d0707da95331eeb3d6ee26
"storage/resource-library/previews/1a14d131f6a2b8155d8bd60aa054c0707e3fa397c5aa5b2664a266c092edb1d7/10.jpg",149066,a19feeaede7e6fbd642401f9df9336ebb7145b8c61e55995ebf69a52a6e90e18
"storage/resource-library/previews/1a14d131f6a2b8155d8bd60aa054c0707e3fa397c5aa5b2664a266c092edb1d7/11.jpg",165408,aecd15cde89224f4601b25653878bec6861f1fc0bc6e34f4dfb5e396080ad296
"storage/resource-library/previews/1a14d131f6a2b8155d8bd60aa054c0707e3fa397c5aa5b2664a266c092edb1d7/12.jpg",169820,387c3ab2f8fae201e7279fc94f693221f34631fa273e5d92dbc924fa565545e1
"storage/resource-library/previews/1a14d131f6a2b8155d8bd60aa054c0707e3fa397c5aa5b2664a266c092edb1d7/13.jpg",157588,f1d6ba9425d4282a4ac465130af105dc9bd4050dee41fb914379bdd2a76f0d56
"storage/resource-library/previews/1a14d131f6a2b8155d8bd60aa054c0707e3fa397c5aa5b2664a266c092edb1d7/14.jpg",157378,dc3570e68555c9d8190407b25974d840a6b84147036d80eaa335058e3e52fcd1
"storage/resource-library/previews/1a14d131f6a2b8155d8bd60aa054c0707e3fa397c5aa5b2664a266c092edb1d7/15.jpg",164876,40cf0be461eb8fab680001c9cc4ce051f43df7603d08036ed45d8ca6e8055f08
"storage/resource-library/previews/1a14d131f6a2b8155d8bd60aa054c0707e3fa397c5aa5b2664a266c092edb1d7/16.jpg",163921,44e1f9c3779b958083d655ae42216f0221526b7f21053a7b0f1cc20bd4485366
"storage/resource-library/previews/1a14d131f6a2b8155d8bd60aa054c0707e3fa397c5aa5b2664a266c092edb1d7/17.jpg",181249,621dca97ee34567df0c93b953d9bccca4a8e27d6a10bec8ff86c818dde8aa76d
"storage/resource-library/previews/1a14d131f6a2b8155d8bd60aa054c0707e3fa397c5aa5b2664a266c092edb1d7/18.jpg",171573,45f6505dbc2c98da7ac64791e37ff18c01b8186ae3eaf56e41e382d4fe0e193e
"storage/resource-library/previews/1a14d131f6a2b8155d8bd60aa054c0707e3fa397c5aa5b2664a266c092edb1d7/19.jpg",161189,fd1c70f0655b95c27cc911c3fb69814b0a0ec18335a779a527e0e9eb74bad324
"storage/resource-library/previews/1a14d131f6a2b8155d8bd60aa054c0707e3fa397c5aa5b2664a266c092edb1d7/2.jpg",161414,692d9116de1e6c52f69153aeeb7315e726fa0f576559d2d8ef7dba594eaa0479
"storage/resource-library/previews/1a14d131f6a2b8155d8bd60aa054c0707e3fa397c5aa5b2664a266c092edb1d7/20.jpg",157223,f920ff8f307f5795593009768cae9c7f7e1678a6bbe03cf043af59f673614788
"storage/resource-library/previews/1a14d131f6a2b8155d8bd60aa054c0707e3fa397c5aa5b2664a266c092edb1d7/21.jpg",161294,532725041a7964e6ecd90fb4fbc079c1fd41bbfbe543feff115b3d784dd090ef
"storage/resource-library/previews/1a14d131f6a2b8155d8bd60aa054c0707e3fa397c5aa5b2664a266c092edb1d7/22.jpg",176997,fe8224784609778f6affdf39ba7b5cb5f4917e531c70102abf83eda2817ac608
"storage/resource-library/previews/1a14d131f6a2b8155d8bd60aa054c0707e3fa397c5aa5b2664a266c092edb1d7/23.jpg",175752,671cc2509d7c61dc2c00836a02eb9af719d1878d5571d1e2053e776d574d67c5
"storage/resource-library/previews/1a14d131f6a2b8155d8bd60aa054c0707e3fa397c5aa5b2664a266c092edb1d7/24.jpg",174447,42c8fd9da4aac559559f99ab0adecb140ad6f1b5a2cf484065316d05d7aecd91
"storage/resource-library/previews/1a14d131f6a2b8155d8bd60aa054c0707e3fa397c5aa5b2664a266c092edb1d7/25.jpg",170339,7ec6ff13ae02ea8645146a612e828d03c74d132636926811e7bacf8792bc479f
"storage/resource-library/previews/1a14d131f6a2b8155d8bd60aa054c0707e3fa397c5aa5b2664a266c092edb1d7/26.jpg",165386,12d6afa0ac04df227e9b42fcd6e00f29075e90a7954205fa3f3cd3ad882ef5a7
"storage/resource-library/previews/1a14d131f6a2b8155d8bd60aa054c0707e3fa397c5aa5b2664a266c092edb1d7/27.jpg",142047,582197824276eed707ee09de046970287323a56c97143b58bd5fc07f8dffbac9
"storage/resource-library/previews/1a14d131f6a2b8155d8bd60aa054c0707e3fa397c5aa5b2664a266c092edb1d7/28.jpg",168165,2b8429a06736869b1bf667512f8cef6b35e6f2298a001b86d4834002a2688912
"storage/resource-library/previews/1a14d131f6a2b8155d8bd60aa054c0707e3fa397c5aa5b2664a266c092edb1d7/29.jpg",169148,179c2c712665d5be50f4c84a515d27cf1c9dead183208f8533d86fe5c42b5f02
"storage/resource-library/previews/1a14d131f6a2b8155d8bd60aa054c0707e3fa397c5aa5b2664a266c092edb1d7/3.jpg",158623,9c92cf9dd1a97b0ffb63a2fa95d2d76136611d5246ad4b56c2aed54fdb869b3a
"storage/resource-library/previews/1a14d131f6a2b8155d8bd60aa054c0707e3fa397c5aa5b2664a266c092edb1d7/30.jpg",156589,359651d2d6bbe17fee048eaf9a4c328acf90ccfc6dd3c57409d27bc7ee2903ae
"storage/resource-library/previews/1a14d131f6a2b8155d8bd60aa054c0707e3fa397c5aa5b2664a266c092edb1d7/31.jpg",155094,689310fa1e932a2c24e8042fbf00ed44d902e149b94a262d6920d6489a4c13c4
"storage/resource-library/previews/1a14d131f6a2b8155d8bd60aa054c0707e3fa397c5aa5b2664a266c092edb1d7/32.jpg",156201,bb77c31827cf97385fbb905f50aee378babc190781752e01eac6d174b5f5495b
"storage/resource-library/previews/1a14d131f6a2b8155d8bd60aa054c0707e3fa397c5aa5b2664a266c092edb1d7/33.jpg",160193,8f1f435458aeb49e23b700fb7e310b30ead0f6dbf7a2de3b06565554a546c1db
"storage/resource-library/previews/1a14d131f6a2b8155d8bd60aa054c0707e3fa397c5aa5b2664a266c092edb1d7/34.jpg",157584,6ab39babfbbf908b213b52d48f4f512a128a982091c611b6e68bd5db28553f7f
"storage/resource-library/previews/1a14d131f6a2b8155d8bd60aa054c0707e3fa397c5aa5b2664a266c092edb1d7/35.jpg",148076,16485c2a8f79bc1e9fc6c6a6af4be62d8e3e5edc52b699bb27e062a564293ff8
"storage/resource-library/previews/1a14d131f6a2b8155d8bd60aa054c0707e3fa397c5aa5b2664a266c092edb1d7/36.jpg",144011,07d978738a60c2e6c278c4c2c728bfc33171917cc0c74b132e706bb676022ac3
"storage/resource-library/previews/1a14d131f6a2b8155d8bd60aa054c0707e3fa397c5aa5b2664a266c092edb1d7/37.jpg",144792,ccaeaab29bb75f0db61e3a46e5db9b7cebb3b30460235ada4b5d3f076d3d23a2
"storage/resource-library/previews/1a14d131f6a2b8155d8bd60aa054c0707e3fa397c5aa5b2664a266c092edb1d7/38.jpg",147150,33dedaf5ef917c5db037a10e4d8cfe201fcc6c9b78ff719db2243031e977264a
"storage/resource-library/previews/1a14d131f6a2b8155d8bd60aa054c0707e3fa397c5aa5b2664a266c092edb1d7/39.jpg",150966,2b74bd4b62ebbdb018b02abb5c6436a69fd16f45cc50d2dff89581892dbbc60f
"storage/resource-library/previews/1a14d131f6a2b8155d8bd60aa054c0707e3fa397c5aa5b2664a266c092edb1d7/4.jpg",177357,2741bd794c445539d092482950d786ffe3a74c2db554000292b8ee7aaeb6322e
"storage/resource-library/previews/1a14d131f6a2b8155d8bd60aa054c0707e3fa397c5aa5b2664a266c092edb1d7/40.jpg",153432,8d71dfc766dc5cc2c90b9be9d784e02891d3831d28b4aea5338d52e8d7a7bb12
"storage/resource-library/previews/1a14d131f6a2b8155d8bd60aa054c0707e3fa397c5aa5b2664a266c092edb1d7/41.jpg",158218,ecb3d8e9bc162e37079e70934858499f53f5d183ef157ab0a347f48a250cb846
"storage/resource-library/previews/1a14d131f6a2b8155d8bd60aa054c0707e3fa397c5aa5b2664a266c092edb1d7/42.jpg",156707,4732f6eeefb549acf87c477e932171cad722dbd94d7cf5220eaaf29cff0b61de
"storage/resource-library/previews/1a14d131f6a2b8155d8bd60aa054c0707e3fa397c5aa5b2664a266c092edb1d7/43.jpg",146486,9f728fb504f3caa19b8de6e856d30d7a0eac3dda0051ea91ae53bc05b255780f
"storage/resource-library/previews/1a14d131f6a2b8155d8bd60aa054c0707e3fa397c5aa5b2664a266c092edb1d7/44.jpg",139372,d0338a3a30e096bca10d9d6f850b8648bed9743d04c49f2212e014147536a7af
"storage/resource-library/previews/1a14d131f6a2b8155d8bd60aa054c0707e3fa397c5aa5b2664a266c092edb1d7/45.jpg",150692,f2c3686100c98068538ce54815ad489f2e1f6a8c57829335ab25a0e96fd95727
"storage/resource-library/previews/1a14d131f6a2b8155d8bd60aa054c0707e3fa397c5aa5b2664a266c092edb1d7/46.jpg",150858,63937ee2f4a64d08a0acd4a5c1c660ef696149e25d471c31b9de76c98c6faa1a
"storage/resource-library/previews/1a14d131f6a2b8155d8bd60aa054c0707e3fa397c5aa5b2664a266c092edb1d7/47.jpg",134335,6d80ea4bc0018fae5ecb8d2de796ca6223c8acc0ae116df1817179fd7d807f84
"storage/resource-library/previews/1a14d131f6a2b8155d8bd60aa054c0707e3fa397c5aa5b2664a266c092edb1d7/48.jpg",142977,310bd6c11f84c899e325e7df55ba0297ed1ae74bf24529ac12d73935e05f8d5f
"storage/resource-library/previews/1a14d131f6a2b8155d8bd60aa054c0707e3fa397c5aa5b2664a266c092edb1d7/49.jpg",143813,90888729e1f835852a89721b040930598296ff787e37aeb7681913709dd894ba
"storage/resource-library/previews/1a14d131f6a2b8155d8bd60aa054c0707e3fa397c5aa5b2664a266c092edb1d7/5.jpg",170928,a0cde15feefecc4f9b6597302ded8c42a2ca7fa88cf4e629232eab1a00f4977b
"storage/resource-library/previews/1a14d131f6a2b8155d8bd60aa054c0707e3fa397c5aa5b2664a266c092edb1d7/50.jpg",156308,3ffba9b21fb2bfbb2537cce38d1f1e4b4892ece18c5dc33ea43339de797a18e7
"storage/resource-library/previews/1a14d131f6a2b8155d8bd60aa054c0707e3fa397c5aa5b2664a266c092edb1d7/51.jpg",155043,58f788a6406c731f8bb9c56def453574b872c92c8d264ca473c90063e13cb93d
"storage/resource-library/previews/1a14d131f6a2b8155d8bd60aa054c0707e3fa397c5aa5b2664a266c092edb1d7/52.jpg",159428,caf73e298d872515b299a1df37c818a1f9c8180700035f82b0653b96f71660c6
"storage/resource-library/previews/1a14d131f6a2b8155d8bd60aa054c0707e3fa397c5aa5b2664a266c092edb1d7/53.jpg",142590,8f923ebfaf91ed5a1b5ecee53267b89d3cb7c03c85f71f29100700b04a5d0735
"storage/resource-library/previews/1a14d131f6a2b8155d8bd60aa054c0707e3fa397c5aa5b2664a266c092edb1d7/54.jpg",152317,fff5478fd0d0d1ab9941a0cb2e98cb64410aab5b8c7f1a45ef5bf2b6d5d3050f
"storage/resource-library/previews/1a14d131f6a2b8155d8bd60aa054c0707e3fa397c5aa5b2664a266c092edb1d7/55.jpg",165747,4ab89c0d12051aee2912ba8c8cd1329ec24a74eba5e6e854f9deb32acab427bd
"storage/resource-library/previews/1a14d131f6a2b8155d8bd60aa054c0707e3fa397c5aa5b2664a266c092edb1d7/56.jpg",169628,e40d962924ab14d89aebc6a238e88910d81a6a562963fdb1995979964907b386
"storage/resource-library/previews/1a14d131f6a2b8155d8bd60aa054c0707e3fa397c5aa5b2664a266c092edb1d7/57.jpg",147365,50e83d4551457999b3d1d0e8b39559fd0dae91f2702d91bd6a09b520dfe448e1
"storage/resource-library/previews/1a14d131f6a2b8155d8bd60aa054c0707e3fa397c5aa5b2664a266c092edb1d7/58.jpg",173940,862b7d732bb88551cca3fbcd8de062587fb33d4be085227047c1738249fc9557
"storage/resource-library/previews/1a14d131f6a2b8155d8bd60aa054c0707e3fa397c5aa5b2664a266c092edb1d7/59.jpg",170324,1c338f1ee63968f1e3c1a557222181f7feed43ed22f53daba6fe550409e1ec9b
"storage/resource-library/previews/1a14d131f6a2b8155d8bd60aa054c0707e3fa397c5aa5b2664a266c092edb1d7/6.jpg",187568,06ce10b9fe842d19fb92a50bbe6390463a0a61f8dabec62f49248bae4d4d9254
"storage/resource-library/previews/1a14d131f6a2b8155d8bd60aa054c0707e3fa397c5aa5b2664a266c092edb1d7/60.jpg",170155,172f0d4adef0e473b5573335782fc9e452b197af7cec07a4010391d3733a575a
"storage/resource-library/previews/1a14d131f6a2b8155d8bd60aa054c0707e3fa397c5aa5b2664a266c092edb1d7/61.jpg",158882,b5adbf631ebfa5ba465b8d5276f3ce1d65be3eaeb17e3595956fe56731fa3ef5
"storage/resource-library/previews/1a14d131f6a2b8155d8bd60aa054c0707e3fa397c5aa5b2664a266c092edb1d7/62.jpg",141321,7d97bd5d01752dd84cabdb61f3464f04c03a2bf8c59fccb8f471cd31612c5c5f
"storage/resource-library/previews/1a14d131f6a2b8155d8bd60aa054c0707e3fa397c5aa5b2664a266c092edb1d7/63.jpg",151740,96fdb7541f625fea9ad094c91aedd334fc6e196f6943aefce78f928c5de32ccb
"storage/resource-library/previews/1a14d131f6a2b8155d8bd60aa054c0707e3fa397c5aa5b2664a266c092edb1d7/64.jpg",156563,d6fe5fe6274b9b950ea1ebfc986a361f9a694b15d4a9ec16a5ccbc22b676fae3
"storage/resource-library/previews/1a14d131f6a2b8155d8bd60aa054c0707e3fa397c5aa5b2664a266c092edb1d7/65.jpg",150681,183b37b1b43989c5d69787be196dd63c29f32b11613959f04b68d7f0849e028b
"storage/resource-library/previews/1a14d131f6a2b8155d8bd60aa054c0707e3fa397c5aa5b2664a266c092edb1d7/66.jpg",153024,a6338b1b0946c978d87d360f6848cc3b518f0d9eb53361b38f343646a8bdc982
"storage/resource-library/previews/1a14d131f6a2b8155d8bd60aa054c0707e3fa397c5aa5b2664a266c092edb1d7/67.jpg",172111,56f1f7e983903107f3171f47bafb7f2c5492655abf206e0237c603ded1328783
"storage/resource-library/previews/1a14d131f6a2b8155d8bd60aa054c0707e3fa397c5aa5b2664a266c092edb1d7/68.jpg",138460,308e2046e92a4984fb02307bf1f7564edf52f64ad51d1a80c853ee75724a3681
"storage/resource-library/previews/1a14d131f6a2b8155d8bd60aa054c0707e3fa397c5aa5b2664a266c092edb1d7/69.jpg",175887,d68015b340014843b4e8f8732f8d8afd3e233ad72b5bf816ef937cc614434b42
"storage/resource-library/previews/1a14d131f6a2b8155d8bd60aa054c0707e3fa397c5aa5b2664a266c092edb1d7/7.jpg",165488,64ae039bc0696e24ef06e52ff35de130155f065597e0f35d024d818494b5c1e2
"storage/resource-library/previews/1a14d131f6a2b8155d8bd60aa054c0707e3fa397c5aa5b2664a266c092edb1d7/70.jpg",162129,51ae0bdb49931bb060ebb69bbc0afe94d17e12d9c109e9a83882b88ab08b48e7
"storage/resource-library/previews/1a14d131f6a2b8155d8bd60aa054c0707e3fa397c5aa5b2664a266c092edb1d7/71.jpg",166811,b11851381c550554cfaf6b60e2925c429231d12a06451d11cecb97a995460b29
"storage/resource-library/previews/1a14d131f6a2b8155d8bd60aa054c0707e3fa397c5aa5b2664a266c092edb1d7/72.jpg",179043,d04d355340ee973f0bf2ef8d89aac12773abf87cca96576bdf427b76b06eeba5
"storage/resource-library/previews/1a14d131f6a2b8155d8bd60aa054c0707e3fa397c5aa5b2664a266c092edb1d7/73.jpg",168838,bfc08f4bce6724fa63895f6a65705fa565e4c619a7bd3dad00ba7080c0619eff
"storage/resource-library/previews/1a14d131f6a2b8155d8bd60aa054c0707e3fa397c5aa5b2664a266c092edb1d7/74.jpg",153277,e4a2e689bf7273cb41af4c6c6432c9375a08173ca087d6d9dc2aaf14ed562de8
"storage/resource-library/previews/1a14d131f6a2b8155d8bd60aa054c0707e3fa397c5aa5b2664a266c092edb1d7/75.jpg",155774,79efdfe5dfc805e067bea255a8572773810a5663b0cf68fce090223982fb1670
"storage/resource-library/previews/1a14d131f6a2b8155d8bd60aa054c0707e3fa397c5aa5b2664a266c092edb1d7/76.jpg",167499,c83ffc4ce29a3979871ad28ae60ca9ce17d61893a15b399faeac7404d9b3a686
"storage/resource-library/previews/1a14d131f6a2b8155d8bd60aa054c0707e3fa397c5aa5b2664a266c092edb1d7/77.jpg",160213,e5e02e81c2ead62d9f71608a19c9c87039f8a5e7d20b481afd792ada8d8ff955
"storage/resource-library/previews/1a14d131f6a2b8155d8bd60aa054c0707e3fa397c5aa5b2664a266c092edb1d7/78.jpg",160153,ca6617fbe0f398d5bcbbf81e949601b9aaf462134b9fecbb43234c19b46f1e8b
"storage/resource-library/previews/1a14d131f6a2b8155d8bd60aa054c0707e3fa397c5aa5b2664a266c092edb1d7/79.jpg",173002,fe78e8700342afee6a7043f0a680e6168e4c6d3933edafc52778fd9451bb6a69
"storage/resource-library/previews/1a14d131f6a2b8155d8bd60aa054c0707e3fa397c5aa5b2664a266c092edb1d7/8.jpg",171379,3dffd9a0cfccb205b4a1068bda4fa4463d91d2979c2077e1fcfc8b16122466c6
"storage/resource-library/previews/1a14d131f6a2b8155d8bd60aa054c0707e3fa397c5aa5b2664a266c092edb1d7/80.jpg",154051,65e804274e588210879b0c89879db261f8a0bfa5fd957cd3804fe4eaa9bb39a8
"storage/resource-library/previews/1a14d131f6a2b8155d8bd60aa054c0707e3fa397c5aa5b2664a266c092edb1d7/81.jpg",152018,6b9178358c2f25af1fff34761b81ac864e396217bb9efe4cf5d029d7e3415e1f
"storage/resource-library/previews/1a14d131f6a2b8155d8bd60aa054c0707e3fa397c5aa5b2664a266c092edb1d7/82.jpg",145846,faa11d4ee5d7ec6178ce844735257316a87c8dd40db549c78aed196b55b1721a
"storage/resource-library/previews/1a14d131f6a2b8155d8bd60aa054c0707e3fa397c5aa5b2664a266c092edb1d7/9.jpg",160015,4387ab242809359de8d6020e9bb64c19c8ac842de37417747b5a007e74e06ebf
"storage/resource-library/previews/1a14d131f6a2b8155d8bd60aa054c0707e3fa397c5aa5b2664a266c092edb1d7/manifest.json",13,5aea20eb1a6b5a44f775cd889b8948ca1ff3bb28c54aa283f226fba38c3a2c9c
"storage/resource-library/previews/257c7d1364c46144ccc88a2db51fdc4c2d8d58378716d682610f3a1b87e72681/1.jpg",81870,f8a4525e199f9c641983abd9c5fafbe4f367bce69ad25ff912c2174cf2581f7b
"storage/resource-library/previews/257c7d1364c46144ccc88a2db51fdc4c2d8d58378716d682610f3a1b87e72681/10.jpg",147462,61bdc8ebddd543b9ea92a817e1cfe1f4c6b9e19e4582082c888d21f1c6c65035
"storage/resource-library/previews/257c7d1364c46144ccc88a2db51fdc4c2d8d58378716d682610f3a1b87e72681/100.jpg",168907,e6f726d6b720a2ee14862bb1bc59b6a53a4478bce626e2ebe2dbf8b9b12bd17b
"storage/resource-library/previews/257c7d1364c46144ccc88a2db51fdc4c2d8d58378716d682610f3a1b87e72681/101.jpg",179026,118a9837e0dc21b7a5338b1420712e855021dec700ceab70998303084b89cefa
"storage/resource-library/previews/257c7d1364c46144ccc88a2db51fdc4c2d8d58378716d682610f3a1b87e72681/102.jpg",151287,994b53cc6583962a8b6dbb423ba68c56811ec5622cc0baca5dfdcab2609eea40
"storage/resource-library/previews/257c7d1364c46144ccc88a2db51fdc4c2d8d58378716d682610f3a1b87e72681/103.jpg",139366,b764ca68892af33c547d273fa099525f3407fe441963c0cdd5adb2c202852f6a
"storage/resource-library/previews/257c7d1364c46144ccc88a2db51fdc4c2d8d58378716d682610f3a1b87e72681/104.jpg",165485,984ff6767e0412c188cab25577d631b4baa44990581aa9a7edaaf16d5c4a0b33
"storage/resource-library/previews/257c7d1364c46144ccc88a2db51fdc4c2d8d58378716d682610f3a1b87e72681/105.jpg",138283,5bb651a1507f32a52a6d1d20c5fb40b1ec1c09df1407218eb97bb25b6b26e82c
"storage/resource-library/previews/257c7d1364c46144ccc88a2db51fdc4c2d8d58378716d682610f3a1b87e72681/106.jpg",154953,98ebe795020a8895878e2824f9d14123f031757b11b54574b79ed36625416c8b
"storage/resource-library/previews/257c7d1364c46144ccc88a2db51fdc4c2d8d58378716d682610f3a1b87e72681/107.jpg",131983,f24b8de6b7fc0964bb511bd6e767e29382de6a5f1b5b05ea2800d02dc92d239c
"storage/resource-library/previews/257c7d1364c46144ccc88a2db51fdc4c2d8d58378716d682610f3a1b87e72681/108.jpg",140697,a3518b20b6794bc1cd6c910a453d57d273d75f3ecbac9c0d9a18174d00292373
"storage/resource-library/previews/257c7d1364c46144ccc88a2db51fdc4c2d8d58378716d682610f3a1b87e72681/109.jpg",141190,ba6c95bdb7093e07c5c78d2076f6a4a1c12b88f195c7a70db68c4ced9d4581f8
"storage/resource-library/previews/257c7d1364c46144ccc88a2db51fdc4c2d8d58378716d682610f3a1b87e72681/11.jpg",127371,5cd713abafade485279df1ccf42401df2deadc1b8478d839d58b1da10e0f4a2b
"storage/resource-library/previews/257c7d1364c46144ccc88a2db51fdc4c2d8d58378716d682610f3a1b87e72681/110.jpg",161720,ed9620913c6bc1119a537a77eb6bb35ff312d75d7032b8136c7127d099deb692
"storage/resource-library/previews/257c7d1364c46144ccc88a2db51fdc4c2d8d58378716d682610f3a1b87e72681/111.jpg",120878,080b7ab5cee9e6d2b3ffe5fd5353f4e9935154cc63685abf24ff08d343e21299
"storage/resource-library/previews/257c7d1364c46144ccc88a2db51fdc4c2d8d58378716d682610f3a1b87e72681/112.jpg",127217,0f971af9e2ef787c0150bddd9925edc3b08ed0ac0be2c66cb751ba3f04f65066
"storage/resource-library/previews/257c7d1364c46144ccc88a2db51fdc4c2d8d58378716d682610f3a1b87e72681/113.jpg",125084,245a16b380158cc841d1ccb1dd73d74f524b12e490d236659fe729ec691e72bb
"storage/resource-library/previews/257c7d1364c46144ccc88a2db51fdc4c2d8d58378716d682610f3a1b87e72681/114.jpg",139747,47ff5e96a8766b2074ac0ecd970a008f029195839a5785e3c74781796b137090
"storage/resource-library/previews/257c7d1364c46144ccc88a2db51fdc4c2d8d58378716d682610f3a1b87e72681/115.jpg",127939,ae6d73f533533784a5900dd4dcc877312056f6cd542826bc50cc280aaf52e0b1
"storage/resource-library/previews/257c7d1364c46144ccc88a2db51fdc4c2d8d58378716d682610f3a1b87e72681/116.jpg",130937,b6595d2109e9cba567fc17680c36666ce8e103bbed1dc8e4bc1de5d77f9c153c
"storage/resource-library/previews/257c7d1364c46144ccc88a2db51fdc4c2d8d58378716d682610f3a1b87e72681/117.jpg",136158,dea158334dcbc3dd78784bfdfaf3e9c6b80e99320f9fb3f23f3563456914dbe6
"storage/resource-library/previews/257c7d1364c46144ccc88a2db51fdc4c2d8d58378716d682610f3a1b87e72681/118.jpg",82180,722b90ccfd936191ee18ee9588d2c40186a1daf211c4721bd6aeb1e901b4c830
"storage/resource-library/previews/257c7d1364c46144ccc88a2db51fdc4c2d8d58378716d682610f3a1b87e72681/119.jpg",96949,6c610ff2835e672f52afedc593476e95059c30575f612310f16844e26831eff6
"storage/resource-library/previews/257c7d1364c46144ccc88a2db51fdc4c2d8d58378716d682610f3a1b87e72681/12.jpg",129615,31579b29d4f02410c5c7c532fa9211aaa6ce6fa64212160ae57f6fd0810bbcb2
"storage/resource-library/previews/257c7d1364c46144ccc88a2db51fdc4c2d8d58378716d682610f3a1b87e72681/120.jpg",84825,ad27eda89226ce27b01d36b289800f4553c870ece0c6722d9e05442db757052c
"storage/resource-library/previews/257c7d1364c46144ccc88a2db51fdc4c2d8d58378716d682610f3a1b87e72681/121.jpg",132529,6587c9e6738179630e3ed280299fa047a38e211aff43ebd17dad76363affabb4
"storage/resource-library/previews/257c7d1364c46144ccc88a2db51fdc4c2d8d58378716d682610f3a1b87e72681/122.jpg",130703,0b7761e8be137b807bbf31deb21e9176aee483a52da2b30997bb0f4c2068de26
"storage/resource-library/previews/257c7d1364c46144ccc88a2db51fdc4c2d8d58378716d682610f3a1b87e72681/123.jpg",140500,eb466fa368fe1492203857eba763531bba53778bad9620f4887cf0d14e975b0a
"storage/resource-library/previews/257c7d1364c46144ccc88a2db51fdc4c2d8d58378716d682610f3a1b87e72681/124.jpg",153980,7d78ce424f89d2fcfe599d3916c7134c32a19507ac7c122aa446357b10009fb7
"storage/resource-library/previews/257c7d1364c46144ccc88a2db51fdc4c2d8d58378716d682610f3a1b87e72681/125.jpg",132052,23ac166741f9de268058ac8cb02bffcc8e5e97881a9a619353e2643b1924182c
"storage/resource-library/previews/257c7d1364c46144ccc88a2db51fdc4c2d8d58378716d682610f3a1b87e72681/126.jpg",142088,bb839caaf43bc14341dc48afe9a7cdad51dfc931e4e8c223a6b75630f172be9e
"storage/resource-library/previews/257c7d1364c46144ccc88a2db51fdc4c2d8d58378716d682610f3a1b87e72681/127.jpg",112342,bec8a0b348adb7c0e38324d73a02af296559d8140a04b994b66049aa30e95c07
"storage/resource-library/previews/257c7d1364c46144ccc88a2db51fdc4c2d8d58378716d682610f3a1b87e72681/128.jpg",135270,2491e4514654819b576a3ed2bfc940ddce8062926112d9203eb1499825918b01
"storage/resource-library/previews/257c7d1364c46144ccc88a2db51fdc4c2d8d58378716d682610f3a1b87e72681/129.jpg",123270,ceb0756cc1125c1eb7a225efcffd1ac7f1868e5eec5c73ba919263b3fb397030
"storage/resource-library/previews/257c7d1364c46144ccc88a2db51fdc4c2d8d58378716d682610f3a1b87e72681/13.jpg",124345,79317bf8630bdf64269aba8f9bd5272714b49529aea48017ca4bab11aa6f8ded
"storage/resource-library/previews/257c7d1364c46144ccc88a2db51fdc4c2d8d58378716d682610f3a1b87e72681/130.jpg",130915,91e8ec47b1195738ec7836974bfb2455384a26b7b04a36d923968e2f55313f12
"storage/resource-library/previews/257c7d1364c46144ccc88a2db51fdc4c2d8d58378716d682610f3a1b87e72681/131.jpg",134187,baec3f349c2951db6f27332815131d730f4c52580d68a79195ae0fb179e54a25
"storage/resource-library/previews/257c7d1364c46144ccc88a2db51fdc4c2d8d58378716d682610f3a1b87e72681/132.jpg",117309,e0f447fb513941cad37aeba21ef212b51c3667cc19a4fc4c9a6ff727bcc1a899
"storage/resource-library/previews/257c7d1364c46144ccc88a2db51fdc4c2d8d58378716d682610f3a1b87e72681/133.jpg",125956,8edb9c22143c74f6a6feb9728ba7c7325bd7706737d540f44fcdede70322bc2b
"storage/resource-library/previews/257c7d1364c46144ccc88a2db51fdc4c2d8d58378716d682610f3a1b87e72681/134.jpg",132156,8bce07479ca322f6da1156bd5fab3bf50bde53e4893d6229b8da581f46f279ba
"storage/resource-library/previews/257c7d1364c46144ccc88a2db51fdc4c2d8d58378716d682610f3a1b87e72681/135.jpg",167097,b179d0dba1d41b26a37ea6551acfa96b44bd32feda60fd9fa4373f4b95796b06
"storage/resource-library/previews/257c7d1364c46144ccc88a2db51fdc4c2d8d58378716d682610f3a1b87e72681/136.jpg",106185,849d27a11caebc6498c802cdd9d68d97ceced38400ffe082e4c4bc317558f18e
"storage/resource-library/previews/257c7d1364c46144ccc88a2db51fdc4c2d8d58378716d682610f3a1b87e72681/137.jpg",45498,d69fa56aa453965f05c24696b140535178774a5729faa95b64c0d7d2f12dd96a
"storage/resource-library/previews/257c7d1364c46144ccc88a2db51fdc4c2d8d58378716d682610f3a1b87e72681/138.jpg",134420,1d3943bda5292271af5da7529b2806daaa3d0a6c0f89948466fe4f6cc9547072
"storage/resource-library/previews/257c7d1364c46144ccc88a2db51fdc4c2d8d58378716d682610f3a1b87e72681/139.jpg",128079,754b505ff1fa159c384176d2ddc534a88b991cddc8c066ca5e2c01d8c2b91df7
"storage/resource-library/previews/257c7d1364c46144ccc88a2db51fdc4c2d8d58378716d682610f3a1b87e72681/14.jpg",161324,6369be60519eec3e4b3d8f5380b227706a8e1bfb92562ee55a6ae77e84ed921e
"storage/resource-library/previews/257c7d1364c46144ccc88a2db51fdc4c2d8d58378716d682610f3a1b87e72681/140.jpg",116439,a354492af352ba5877bd630c45aa13335f341340d943cc2fa4acb3fdbd4f160b
"storage/resource-library/previews/257c7d1364c46144ccc88a2db51fdc4c2d8d58378716d682610f3a1b87e72681/141.jpg",109433,1231f59c0a295b145258cc6192fd51b3d5eda74f29b6a9c6e0c5592942cef017
"storage/resource-library/previews/257c7d1364c46144ccc88a2db51fdc4c2d8d58378716d682610f3a1b87e72681/142.jpg",76492,221d77d40e75c9304073defbffd11dec3e54f6bc4ae4efa9f2e62470815a426e
"storage/resource-library/previews/257c7d1364c46144ccc88a2db51fdc4c2d8d58378716d682610f3a1b87e72681/143.jpg",110340,ab3f16f5ae0902060ff6224bf36171101ed16b63dbd1a693e3d84ebb926fb7b7
"storage/resource-library/previews/257c7d1364c46144ccc88a2db51fdc4c2d8d58378716d682610f3a1b87e72681/144.jpg",162453,65830c685f1548c45727ed1754a2d0c0a39c6872c9c9e3fd191e2a9b972e1581
"storage/resource-library/previews/257c7d1364c46144ccc88a2db51fdc4c2d8d58378716d682610f3a1b87e72681/145.jpg",151476,b0d71747253efed9f07ac9f56705f89110764016aba9ed96b063a60f0df91433
"storage/resource-library/previews/257c7d1364c46144ccc88a2db51fdc4c2d8d58378716d682610f3a1b87e72681/146.jpg",128012,5c4d70cd584e34451476dfbda634bcd0181c47bf33108e6ef0b7e969a619e832
"storage/resource-library/previews/257c7d1364c46144ccc88a2db51fdc4c2d8d58378716d682610f3a1b87e72681/147.jpg",135963,17582b869959e21a5b22b1443c5e9c784146d716403048bf445758b2551ca6ae
"storage/resource-library/previews/257c7d1364c46144ccc88a2db51fdc4c2d8d58378716d682610f3a1b87e72681/148.jpg",119992,aa41240596f2a8a187e69ed36763a2ddbddcfb8700b793ceea1894ee919da034
"storage/resource-library/previews/257c7d1364c46144ccc88a2db51fdc4c2d8d58378716d682610f3a1b87e72681/149.jpg",112412,8c1ec088321b6b74dfd4af18bc6652b6c57c2dd4caa79b5e27e51b5fc9f3090d
"storage/resource-library/previews/257c7d1364c46144ccc88a2db51fdc4c2d8d58378716d682610f3a1b87e72681/15.jpg",133366,bcdc24c22ad52f64bd2bfb500045cdf73f0063b68928bf9fad1dd5bdb1d01270
"storage/resource-library/previews/257c7d1364c46144ccc88a2db51fdc4c2d8d58378716d682610f3a1b87e72681/150.jpg",136148,efb529fdcefc8364f01579d478e36268f201a044101d8ca3033765d3767eac93
"storage/resource-library/previews/257c7d1364c46144ccc88a2db51fdc4c2d8d58378716d682610f3a1b87e72681/151.jpg",133850,f4ca891406679d2866d32dc460c17b0eb31683f7f653d0ee8d1257095d7ec3fe
"storage/resource-library/previews/257c7d1364c46144ccc88a2db51fdc4c2d8d58378716d682610f3a1b87e72681/152.jpg",130112,1c8158b56de937024b18800cce3fee4f7edd122dd5e57d11959c11cf1b3ba5d3
"storage/resource-library/previews/257c7d1364c46144ccc88a2db51fdc4c2d8d58378716d682610f3a1b87e72681/153.jpg",155342,6fec98237d28df6d2543495e3ffdf58767a58d9e729b876be27b3798333c6d69
"storage/resource-library/previews/257c7d1364c46144ccc88a2db51fdc4c2d8d58378716d682610f3a1b87e72681/154.jpg",124288,eb1fe7aaa6fba35d14a622966b7f8a110b15d8413bf9a209fac9b7bf5195a726
"storage/resource-library/previews/257c7d1364c46144ccc88a2db51fdc4c2d8d58378716d682610f3a1b87e72681/155.jpg",143646,dd95258dfb329897838b578d3261ea35d2482cb1b760b5f657c4732f9c67284c
"storage/resource-library/previews/257c7d1364c46144ccc88a2db51fdc4c2d8d58378716d682610f3a1b87e72681/156.jpg",164664,ac5ab09f952ba977b3ac9f69d9c9bddb6904d05cc4f471540fccea77109054cc
"storage/resource-library/previews/257c7d1364c46144ccc88a2db51fdc4c2d8d58378716d682610f3a1b87e72681/157.jpg",212412,0d5a179ed67178923665f84126d86e0bb959b0be5785f186207c437e6edac20c
"storage/resource-library/previews/257c7d1364c46144ccc88a2db51fdc4c2d8d58378716d682610f3a1b87e72681/158.jpg",193460,a1ac650ecbcd3976e2102f931c50fbdd4203a8871256ad2b496271effc6b7d0a
"storage/resource-library/previews/257c7d1364c46144ccc88a2db51fdc4c2d8d58378716d682610f3a1b87e72681/159.jpg",141838,df78b22fc8bcb98b7c60088089cad13ad4a48fd36ceb0fd3e30ac8b8a0c5e103
"storage/resource-library/previews/257c7d1364c46144ccc88a2db51fdc4c2d8d58378716d682610f3a1b87e72681/16.jpg",103179,2f1f32ab8ee5a35bf31ffe25e7156c2419fb228bd17b26bce47be21ca2b8838c
"storage/resource-library/previews/257c7d1364c46144ccc88a2db51fdc4c2d8d58378716d682610f3a1b87e72681/160.jpg",114955,b2092d13aad63e453487f2656a17ab138523072ee93caaa5b9af5c0263554d30
"storage/resource-library/previews/257c7d1364c46144ccc88a2db51fdc4c2d8d58378716d682610f3a1b87e72681/161.jpg",126133,0d5fae122f76feadb79f77d788eb39584432593a9bd4b320e48ac40fc079da6d
"storage/resource-library/previews/257c7d1364c46144ccc88a2db51fdc4c2d8d58378716d682610f3a1b87e72681/162.jpg",93886,e508b4ea4816e81af5f96baddec9ebe1c0290731ee9d39d2c1793fad9a5c3621
"storage/resource-library/previews/257c7d1364c46144ccc88a2db51fdc4c2d8d58378716d682610f3a1b87e72681/163.jpg",154372,8d4cd3e6674e884db8dd1d7df98917614b398941453f4956a41232ca430ed5c2
"storage/resource-library/previews/257c7d1364c46144ccc88a2db51fdc4c2d8d58378716d682610f3a1b87e72681/164.jpg",174866,38481dd467249552dcf3a444270de8fc800eebdacc705364ef8285979c4af273
"storage/resource-library/previews/257c7d1364c46144ccc88a2db51fdc4c2d8d58378716d682610f3a1b87e72681/165.jpg",160866,b0285dbf6603415e884ac74bc3cc55b825e06ecb2e5252c521cd81adda75869b
"storage/resource-library/previews/257c7d1364c46144ccc88a2db51fdc4c2d8d58378716d682610f3a1b87e72681/166.jpg",147214,0f4b16185cf6c80edddbf1bbfe2bad3a09bd935d51647623105f7a576957792f
"storage/resource-library/previews/257c7d1364c46144ccc88a2db51fdc4c2d8d58378716d682610f3a1b87e72681/167.jpg",157812,5dbbe83c3ad2415fb3bfe8e2c27921549089301ab1b51ad147fb647b85f651ad
"storage/resource-library/previews/257c7d1364c46144ccc88a2db51fdc4c2d8d58378716d682610f3a1b87e72681/168.jpg",136434,28b49c9fb8a7cdb6a748629c637be15b4af16dfcf3a1feea4de9ad699d10f475
"storage/resource-library/previews/257c7d1364c46144ccc88a2db51fdc4c2d8d58378716d682610f3a1b87e72681/169.jpg",158333,1eec6167c404a8379c00aaf3a60fa5eadd4a218fc785abbb6a47358ad8ec3f2a
"storage/resource-library/previews/257c7d1364c46144ccc88a2db51fdc4c2d8d58378716d682610f3a1b87e72681/17.jpg",112313,77ba26f949730fa62ad42be6e6489fa7cfb5b01a923ce168ebc20ae24c141598
"storage/resource-library/previews/257c7d1364c46144ccc88a2db51fdc4c2d8d58378716d682610f3a1b87e72681/170.jpg",106538,14cd2b886a669966b63226456ff860bbe26150b2762fd3fbada6df3be7e6bb18
"storage/resource-library/previews/257c7d1364c46144ccc88a2db51fdc4c2d8d58378716d682610f3a1b87e72681/171.jpg",190877,7e1210e496170317b29f7a2f385b038c09bd317e4efaeced5350932c7cce7335
"storage/resource-library/previews/257c7d1364c46144ccc88a2db51fdc4c2d8d58378716d682610f3a1b87e72681/172.jpg",131130,2aa84b513056a55987508d54401d6f33c472490bc57518a5a112e89cadf330f7
"storage/resource-library/previews/257c7d1364c46144ccc88a2db51fdc4c2d8d58378716d682610f3a1b87e72681/173.jpg",199147,add6e9e4b393c5a471dc665bdd51cab63ee13390188ee1a8870945aab50d88c4
"storage/resource-library/previews/257c7d1364c46144ccc88a2db51fdc4c2d8d58378716d682610f3a1b87e72681/174.jpg",191094,3a022b38125a532d9a4acd929db5a300e85c2bef34cc64ccb92636bc8dde30da
"storage/resource-library/previews/257c7d1364c46144ccc88a2db51fdc4c2d8d58378716d682610f3a1b87e72681/175.jpg",192359,33201084bd13a680ebdf10d1641259bc832c76033cbeeb41750d49346d0f796f
"storage/resource-library/previews/257c7d1364c46144ccc88a2db51fdc4c2d8d58378716d682610f3a1b87e72681/176.jpg",182732,0b7b9e087ccd8de88a29b35072afd3eef0119e8aa3fb926fe0b93ebce57cf89d
"storage/resource-library/previews/257c7d1364c46144ccc88a2db51fdc4c2d8d58378716d682610f3a1b87e72681/177.jpg",61433,2914ec3be70b3421c84e89e4fc5c96192ac0505a492a39fa3dbf2115a1fd641e
"storage/resource-library/previews/257c7d1364c46144ccc88a2db51fdc4c2d8d58378716d682610f3a1b87e72681/178.jpg",132816,9e4d8554549c176f02248768710814849a8f9808d4b37af3d9c350b4094211c5
"storage/resource-library/previews/257c7d1364c46144ccc88a2db51fdc4c2d8d58378716d682610f3a1b87e72681/179.jpg",100789,a7342753bc945ed88253f941597e9e5828e2de64c8f1c40c9bc98017e850eab2
"storage/resource-library/previews/257c7d1364c46144ccc88a2db51fdc4c2d8d58378716d682610f3a1b87e72681/18.jpg",92929,36719da909d8be31aee24ab4026808cf9283561f63ff10ef6e3805f1dd9ec93c
"storage/resource-library/previews/257c7d1364c46144ccc88a2db51fdc4c2d8d58378716d682610f3a1b87e72681/180.jpg",122967,5da0b52c3fa735024cac2676ae93884e861c05db1044a088862f8f932c2bb53e
"storage/resource-library/previews/257c7d1364c46144ccc88a2db51fdc4c2d8d58378716d682610f3a1b87e72681/181.jpg",134653,904218b229962df9db6fb67d076a6a69e0ac5be1f8335b8260e8f6037a6f86bd
"storage/resource-library/previews/257c7d1364c46144ccc88a2db51fdc4c2d8d58378716d682610f3a1b87e72681/182.jpg",88685,5ec47420e3f17b4b1d6ea966ea8993e26d3b63df99b51e10aceea0cbcf09f6ef
"storage/resource-library/previews/257c7d1364c46144ccc88a2db51fdc4c2d8d58378716d682610f3a1b87e72681/183.jpg",101741,e59079192437937737dc7621266be7c6174203f387c851574454e328df7148d2
"storage/resource-library/previews/257c7d1364c46144ccc88a2db51fdc4c2d8d58378716d682610f3a1b87e72681/184.jpg",120666,eecf50386e685875c1101eff6425ba5eebae0122554f65f9c4cab9878e86fd0c
"storage/resource-library/previews/257c7d1364c46144ccc88a2db51fdc4c2d8d58378716d682610f3a1b87e72681/185.jpg",151795,34e80fbb2560f6ee01fd18ed837820a49a3b43857f4b3f1416305efce1c44fba
"storage/resource-library/previews/257c7d1364c46144ccc88a2db51fdc4c2d8d58378716d682610f3a1b87e72681/186.jpg",127324,718fdaefa27fea1ed76f0927ebbb5b720ae649797e22e9da94051edffcb1df44
"storage/resource-library/previews/257c7d1364c46144ccc88a2db51fdc4c2d8d58378716d682610f3a1b87e72681/187.jpg",154799,22a88064d91a5fdc30495bf80f65e0d3217d6ab4d0e89920256b8e56611e8f57
"storage/resource-library/previews/257c7d1364c46144ccc88a2db51fdc4c2d8d58378716d682610f3a1b87e72681/188.jpg",76746,9023906e73547088e41c90793ad73752539cf4525ad2587184f72aa4564ca294
"storage/resource-library/previews/257c7d1364c46144ccc88a2db51fdc4c2d8d58378716d682610f3a1b87e72681/189.jpg",124300,7238ce259dea2888c08a84f7b0ce56e4bcbf6886655ade94a6461f7af40d369d
"storage/resource-library/previews/257c7d1364c46144ccc88a2db51fdc4c2d8d58378716d682610f3a1b87e72681/19.jpg",101777,cdbe3cef4a2d3fcc25c2d146f99ca21471be13bece4cc313298ab55994c69fbb
"storage/resource-library/previews/257c7d1364c46144ccc88a2db51fdc4c2d8d58378716d682610f3a1b87e72681/190.jpg",154433,b65fe357b8e854ad3387270914a2deb89b36015f5e9005bd50a5b39ff8426809
"storage/resource-library/previews/257c7d1364c46144ccc88a2db51fdc4c2d8d58378716d682610f3a1b87e72681/191.jpg",161840,9c2ea445753c01888b6f662a24f1c6db6d1e674e412e040e558816bb10796373
"storage/resource-library/previews/257c7d1364c46144ccc88a2db51fdc4c2d8d58378716d682610f3a1b87e72681/192.jpg",96960,228c153872642afb112d39a644971a13527de7519f3a54c4c76e3e36e00b5378
"storage/resource-library/previews/257c7d1364c46144ccc88a2db51fdc4c2d8d58378716d682610f3a1b87e72681/193.jpg",112394,6b8a3c4cdc2b8a783eb8f909848c681794fde7daa7c06c7da8f6a5fd026f2866
"storage/resource-library/previews/257c7d1364c46144ccc88a2db51fdc4c2d8d58378716d682610f3a1b87e72681/194.jpg",119030,a4698db231db4e3cfc3e0dabb11dd334c56d4076c71aef58f160c49777b86b9e
"storage/resource-library/previews/257c7d1364c46144ccc88a2db51fdc4c2d8d58378716d682610f3a1b87e72681/195.jpg",109022,a528df37d827c71e3a0b21103523f0ef0eda9c405c610569a35a344999735da8
"storage/resource-library/previews/257c7d1364c46144ccc88a2db51fdc4c2d8d58378716d682610f3a1b87e72681/196.jpg",118041,fc7e7313621ff81f4e546f1441a89cceaf5554b42ec52c6827cc5a0954cd5d14
"storage/resource-library/previews/257c7d1364c46144ccc88a2db51fdc4c2d8d58378716d682610f3a1b87e72681/197.jpg",159249,775c3561549f5429397a2d0e8797d71332eb99d0796c51cde6288fd70f306dcf
"storage/resource-library/previews/257c7d1364c46144ccc88a2db51fdc4c2d8d58378716d682610f3a1b87e72681/198.jpg",102957,bc6f45f7e84dab2ef461149fb5487f339735acda5ff341206fbc677d3d6e75da
"storage/resource-library/previews/257c7d1364c46144ccc88a2db51fdc4c2d8d58378716d682610f3a1b87e72681/199.jpg",184622,141af06e63c9f967b1b151eb3b848e78ae82909ab03d362ae0de951728a19544
"storage/resource-library/previews/257c7d1364c46144ccc88a2db51fdc4c2d8d58378716d682610f3a1b87e72681/2.jpg",157008,050941daf8592fa492564ffaec99cc0ae876f9c20d1fa59dea9d97bc7038f38d
"storage/resource-library/previews/257c7d1364c46144ccc88a2db51fdc4c2d8d58378716d682610f3a1b87e72681/20.jpg",101629,13be9c5df22397d7d1c879c263077eddd55999a2ce9dd7e4e621d38a42cb9f81
"storage/resource-library/previews/257c7d1364c46144ccc88a2db51fdc4c2d8d58378716d682610f3a1b87e72681/200.jpg",90107,3acd576db87a0ba4dcbe302c1114dce4b86b7bd41704ceb3fc377a30a21d40f6
"storage/resource-library/previews/257c7d1364c46144ccc88a2db51fdc4c2d8d58378716d682610f3a1b87e72681/201.jpg",106150,bc34b5a621559211e9dd18fb8e79fb979b459e82ba48b6731b2a626d268a37e0
"storage/resource-library/previews/257c7d1364c46144ccc88a2db51fdc4c2d8d58378716d682610f3a1b87e72681/202.jpg",120520,9559330175582ea1dd7364940e253bc8742e15247c82681f54168b94e96b0f58
"storage/resource-library/previews/257c7d1364c46144ccc88a2db51fdc4c2d8d58378716d682610f3a1b87e72681/203.jpg",111010,dde5fc15a4a62c149d5214a916bbab2c96be21148cb3627c5e9ce6d0d7b902de
"storage/resource-library/previews/257c7d1364c46144ccc88a2db51fdc4c2d8d58378716d682610f3a1b87e72681/204.jpg",105326,ea3ebccc5753ba7292f4e2bffbbf3e2ec8e3f32f10a47d0c343d2b6692eb5279
"storage/resource-library/previews/257c7d1364c46144ccc88a2db51fdc4c2d8d58378716d682610f3a1b87e72681/205.jpg",117887,bcc67e565941e4c1c3b846735d0b4d916e3cf368e8e4eaeb0d28479ecae9c8e5
"storage/resource-library/previews/257c7d1364c46144ccc88a2db51fdc4c2d8d58378716d682610f3a1b87e72681/206.jpg",135432,36063b749fa915a8c250d6748cdd21c0ed87f5e265dc23929b0c63aaedda5df7
"storage/resource-library/previews/257c7d1364c46144ccc88a2db51fdc4c2d8d58378716d682610f3a1b87e72681/207.jpg",121844,e3f2036110615bcf3895d7a7ff2a4f0422952be27c52fe7df09358a9a4607a17
"storage/resource-library/previews/257c7d1364c46144ccc88a2db51fdc4c2d8d58378716d682610f3a1b87e72681/208.jpg",147194,2ae542ce23098ae89d0f1aa3411b1a63dcb13b7a76f0084382c9f208e0e0c4d4
"storage/resource-library/previews/257c7d1364c46144ccc88a2db51fdc4c2d8d58378716d682610f3a1b87e72681/209.jpg",153009,8c15e0e22b656f28bc999fb32c9f64634839491b40f0108f8bc383561486cf49
"storage/resource-library/previews/257c7d1364c46144ccc88a2db51fdc4c2d8d58378716d682610f3a1b87e72681/21.jpg",128154,8f949de2b335be0913a5fea206c3951409e1f07308590c46844d205f415773fe
"storage/resource-library/previews/257c7d1364c46144ccc88a2db51fdc4c2d8d58378716d682610f3a1b87e72681/210.jpg",164191,c05a208439e0d530e5c4fadffc572a524f7b78bd384080f88e2f3c6e5de09ddd
"storage/resource-library/previews/257c7d1364c46144ccc88a2db51fdc4c2d8d58378716d682610f3a1b87e72681/22.jpg",145775,d5a3df48b23f1d90e8d574f9de2dab046fda14209391807a2dfb6284bf6a3dcd
"storage/resource-library/previews/257c7d1364c46144ccc88a2db51fdc4c2d8d58378716d682610f3a1b87e72681/23.jpg",94986,0c5b2bacf56540dc870def2acda1db7ca8765a3ab42632c30879362476c33d83
"storage/resource-library/previews/257c7d1364c46144ccc88a2db51fdc4c2d8d58378716d682610f3a1b87e72681/24.jpg",146137,f0dcfd3db8b2322a1405b9e789354ccf9a6da017985fafe827edee51c5c7ecb2
"storage/resource-library/previews/257c7d1364c46144ccc88a2db51fdc4c2d8d58378716d682610f3a1b87e72681/25.jpg",142783,b02fc63dc8304b4939325e6525c4132af446888560dd5618e1cc3db169d41b2c
"storage/resource-library/previews/257c7d1364c46144ccc88a2db51fdc4c2d8d58378716d682610f3a1b87e72681/26.jpg",105305,56e1c61f07962b3fdc06d8a42fa35c4f1d0e6ee84293c8f5fc7cbe97d82bbb75
"storage/resource-library/previews/257c7d1364c46144ccc88a2db51fdc4c2d8d58378716d682610f3a1b87e72681/27.jpg",161900,8018e0e7fa8e4b9726b04bec9003c2c82ab464431d50d4c3a93112f50a561989
"storage/resource-library/previews/257c7d1364c46144ccc88a2db51fdc4c2d8d58378716d682610f3a1b87e72681/28.jpg",148142,9cd7526edce259122bfa77465e8ad74760c6c0b5cfdeb4c9dff79c4bb157ffd9
"storage/resource-library/previews/257c7d1364c46144ccc88a2db51fdc4c2d8d58378716d682610f3a1b87e72681/29.jpg",149298,c74317a018831b77d2898f761701c9c32d0947e02ff3b3f162d022c70a111005
"storage/resource-library/previews/257c7d1364c46144ccc88a2db51fdc4c2d8d58378716d682610f3a1b87e72681/3.jpg",138583,569f790c2b0bf013216570a009be4429dcfe25c0752128583a98525f196e65db
"storage/resource-library/previews/257c7d1364c46144ccc88a2db51fdc4c2d8d58378716d682610f3a1b87e72681/30.jpg",125223,b98da31596e2ada2b516d265b2c715b5b83ed050efc37ac18cd00973c16eb17d
"storage/resource-library/previews/257c7d1364c46144ccc88a2db51fdc4c2d8d58378716d682610f3a1b87e72681/31.jpg",127867,2e093c05cb261c2ef840eec4bb0cff5bae1d85c52535c422fd5d73d6ffea9d47
"storage/resource-library/previews/257c7d1364c46144ccc88a2db51fdc4c2d8d58378716d682610f3a1b87e72681/32.jpg",122061,f63c2230befd7cc6f9e4ba8fa46949a9582d7ee7934f379b179cc4c4d46ada85
"storage/resource-library/previews/257c7d1364c46144ccc88a2db51fdc4c2d8d58378716d682610f3a1b87e72681/33.jpg",133635,a684345b807da216ffdba833104acb9194d3f88ca9281c9b8b811de7f07b9b64
"storage/resource-library/previews/257c7d1364c46144ccc88a2db51fdc4c2d8d58378716d682610f3a1b87e72681/34.jpg",144084,2d3b4abf1932d09b6b28575050b8fa06702621c2ff014139819c6b920a1e4c60
"storage/resource-library/previews/257c7d1364c46144ccc88a2db51fdc4c2d8d58378716d682610f3a1b87e72681/35.jpg",152318,66c45b998a357f3c12dad706e44b9c2996558141cebc76573449b28767d0b5e5
"storage/resource-library/previews/257c7d1364c46144ccc88a2db51fdc4c2d8d58378716d682610f3a1b87e72681/36.jpg",103800,a320a6ff46d360680f927537aa76f48496f2e5fdf0f0c4b90f716b55cc7ebeba
"storage/resource-library/previews/257c7d1364c46144ccc88a2db51fdc4c2d8d58378716d682610f3a1b87e72681/37.jpg",125818,5b9a5758f3900335d12503b675ddd150c3bcf20a545280bf2e58666f6e6ac8ef
"storage/resource-library/previews/257c7d1364c46144ccc88a2db51fdc4c2d8d58378716d682610f3a1b87e72681/38.jpg",134660,571502a41ca21ade055fa43eaf5cbae5ef208759013eb130eebb84c6c6681623
"storage/resource-library/previews/257c7d1364c46144ccc88a2db51fdc4c2d8d58378716d682610f3a1b87e72681/39.jpg",142107,d9defda85f729ccb589da3d0c4fcdbda435791403780067f7839f5455dde3fc2
"storage/resource-library/previews/257c7d1364c46144ccc88a2db51fdc4c2d8d58378716d682610f3a1b87e72681/4.jpg",168798,66f1c6a4ed3e7d90bb474c8b54537daabd4ed2dc60779b77e943a2e5c3bbc388
"storage/resource-library/previews/257c7d1364c46144ccc88a2db51fdc4c2d8d58378716d682610f3a1b87e72681/40.jpg",171566,738d753cec69d6a7ffa06a6f21cc8fabccc49f8b739442a79fa0e7971622a539
"storage/resource-library/previews/257c7d1364c46144ccc88a2db51fdc4c2d8d58378716d682610f3a1b87e72681/41.jpg",165424,799186479f2e5ab779da91558412bd3d7edf15058ef1286a1a171eab71cf6bf4
"storage/resource-library/previews/257c7d1364c46144ccc88a2db51fdc4c2d8d58378716d682610f3a1b87e72681/42.jpg",181494,9004b2df160360a214f5e72917a8e806da88e03a9118e20f797f3d514fbd9fc7
"storage/resource-library/previews/257c7d1364c46144ccc88a2db51fdc4c2d8d58378716d682610f3a1b87e72681/43.jpg",110348,1bd00602e9205bf5c8699621389d2838c2982c611ebf46d900cadba79c8fe0bf
"storage/resource-library/previews/257c7d1364c46144ccc88a2db51fdc4c2d8d58378716d682610f3a1b87e72681/44.jpg",119328,035e2af2dd5370ca189532ac7fe2a016858ade1c53322b74f151bbecd633b148
"storage/resource-library/previews/257c7d1364c46144ccc88a2db51fdc4c2d8d58378716d682610f3a1b87e72681/45.jpg",152519,5a0b46835d0ab38883426c8efc8bc526e28cc2c61889f39b1099522ef6998e21
"storage/resource-library/previews/257c7d1364c46144ccc88a2db51fdc4c2d8d58378716d682610f3a1b87e72681/46.jpg",163223,17d2fbd029cef9f18bdde807704f2df3888edb46eba2e9483155a2cb12d72a11
"storage/resource-library/previews/257c7d1364c46144ccc88a2db51fdc4c2d8d58378716d682610f3a1b87e72681/47.jpg",160129,d3b94965dfb8499668619798c0a39d7e781b27ced866feb3edafa6d469ffbd49
"storage/resource-library/previews/257c7d1364c46144ccc88a2db51fdc4c2d8d58378716d682610f3a1b87e72681/48.jpg",136132,a15bcaea4f7e2addff14619ba595d36a747dd05bc47fc12998b2413a0b16e454
"storage/resource-library/previews/257c7d1364c46144ccc88a2db51fdc4c2d8d58378716d682610f3a1b87e72681/49.jpg",151538,028ad30861a8ce7e246145bc8e2ce3304fe50198054d0e23ed4738832c4e161d
"storage/resource-library/previews/257c7d1364c46144ccc88a2db51fdc4c2d8d58378716d682610f3a1b87e72681/5.jpg",194166,ea647815e7e1b4092127a8cee35cf83e8f1d44bb19bfd9c79695d0f0b7c7fb50
"storage/resource-library/previews/257c7d1364c46144ccc88a2db51fdc4c2d8d58378716d682610f3a1b87e72681/50.jpg",135826,f368a49d4cff3e447ba1e716a65bcbc8f29ae5b93dee54d00255153c7970603f
"storage/resource-library/previews/257c7d1364c46144ccc88a2db51fdc4c2d8d58378716d682610f3a1b87e72681/51.jpg",133601,d13ddb053697a994820d21bccad5477a2f77df1cf914d410803fa83b040a0550
"storage/resource-library/previews/257c7d1364c46144ccc88a2db51fdc4c2d8d58378716d682610f3a1b87e72681/52.jpg",147658,bb696e98a287c3fae57e83d115490699acd197a27e069823299ab8fa96a4697c
"storage/resource-library/previews/257c7d1364c46144ccc88a2db51fdc4c2d8d58378716d682610f3a1b87e72681/53.jpg",132201,0df370a4a76dfa7efd6b02d982bd36f37cfcc5fe4a3e99067bcd0251d12b113f
"storage/resource-library/previews/257c7d1364c46144ccc88a2db51fdc4c2d8d58378716d682610f3a1b87e72681/54.jpg",134871,d6110b5ab3d2aca4e457ad2433461631c90f8516199745fc7ba0acedd63aae16
"storage/resource-library/previews/257c7d1364c46144ccc88a2db51fdc4c2d8d58378716d682610f3a1b87e72681/55.jpg",108605,fdb1552d0f694e6a125739dcb2a8706334be7d8d40ca6978c33495d2739e2756
"storage/resource-library/previews/257c7d1364c46144ccc88a2db51fdc4c2d8d58378716d682610f3a1b87e72681/56.jpg",105604,6575d45735dcdb91ebc8ed6fd1f411fac818553f7e24843cea8e2be546940776
"storage/resource-library/previews/257c7d1364c46144ccc88a2db51fdc4c2d8d58378716d682610f3a1b87e72681/57.jpg",90269,074d1a5e8010baafb6ff4a3ff463617622fe68e0e53666eedfe5b1e9f91bdf56
"storage/resource-library/previews/257c7d1364c46144ccc88a2db51fdc4c2d8d58378716d682610f3a1b87e72681/58.jpg",124599,35219447c1a61f1027b445a8505de397166c13a887aa27bd73d23bf38e41a6c7
"storage/resource-library/previews/257c7d1364c46144ccc88a2db51fdc4c2d8d58378716d682610f3a1b87e72681/59.jpg",110909,fea9c3b52050b016d9c353efc6b73e74aab09d65a9f68a49f09053c5b881184a
"storage/resource-library/previews/257c7d1364c46144ccc88a2db51fdc4c2d8d58378716d682610f3a1b87e72681/6.jpg",129677,dbf9f7afeabd7eb722ad7a1b1ac3809845cc2ff3dd35100f44b0b09c241fe749
"storage/resource-library/previews/257c7d1364c46144ccc88a2db51fdc4c2d8d58378716d682610f3a1b87e72681/60.jpg",132297,8f2da473d2d37a611de25c7a9d35d597c71bec000456084383ccb01380742878
"storage/resource-library/previews/257c7d1364c46144ccc88a2db51fdc4c2d8d58378716d682610f3a1b87e72681/61.jpg",126511,c1ef85a281adbaad5da58343d083ddedf99fd5d810ab93aec02bcea7af2cfcdb
"storage/resource-library/previews/257c7d1364c46144ccc88a2db51fdc4c2d8d58378716d682610f3a1b87e72681/62.jpg",118365,80f235ad4822ff9125319c5f450666257d29e5073b77058d777f289fb22da4f4
"storage/resource-library/previews/257c7d1364c46144ccc88a2db51fdc4c2d8d58378716d682610f3a1b87e72681/63.jpg",122985,d7d0dfeb7b51c3de65dddd6c238c00506ed4459da3a90850df3bb5dfa63707f7
"storage/resource-library/previews/257c7d1364c46144ccc88a2db51fdc4c2d8d58378716d682610f3a1b87e72681/64.jpg",98555,3d05f356599aa5b28a086838d8b44622ab0f07648010eae5a460a7ea0fd771fa
"storage/resource-library/previews/257c7d1364c46144ccc88a2db51fdc4c2d8d58378716d682610f3a1b87e72681/65.jpg",109998,42433679d550e099bc64617516138c49729aa5a239ab5c7d75b6c5913657b50c
"storage/resource-library/previews/257c7d1364c46144ccc88a2db51fdc4c2d8d58378716d682610f3a1b87e72681/66.jpg",101037,894e275c1616565ce6c6965a2c8e9018d7dc4a1162154b6844189baa800a784a
"storage/resource-library/previews/257c7d1364c46144ccc88a2db51fdc4c2d8d58378716d682610f3a1b87e72681/67.jpg",156706,9a85bf76f6146f1e1d4a0c91b496f92c99ab6c7ec9d48381b88138e5daa0d54c
"storage/resource-library/previews/257c7d1364c46144ccc88a2db51fdc4c2d8d58378716d682610f3a1b87e72681/68.jpg",103672,d489cce7bd99691514d41840fc41c02c6412217b33a0055cae06cd03a6a6f062
"storage/resource-library/previews/257c7d1364c46144ccc88a2db51fdc4c2d8d58378716d682610f3a1b87e72681/69.jpg",135266,028bb0ba3757de3f04967bff76ca91757b2d586abd1d3a9e8a95171bd852e7fe
"storage/resource-library/previews/257c7d1364c46144ccc88a2db51fdc4c2d8d58378716d682610f3a1b87e72681/7.jpg",188246,9abb6d156b14b2acc72737ecfc84201ccff98dd56ecd73a1078ac1fb692d524e
"storage/resource-library/previews/257c7d1364c46144ccc88a2db51fdc4c2d8d58378716d682610f3a1b87e72681/70.jpg",151837,3271df6b9998c8b69c694f1c3397ae7ad82c6f4ae3d95b2a291b35239946d73b
"storage/resource-library/previews/257c7d1364c46144ccc88a2db51fdc4c2d8d58378716d682610f3a1b87e72681/71.jpg",140064,7414027625aa86bade0bf7b6d3ce8d3f4a37b66a5467fb1c8c2fd3cb4558c163
"storage/resource-library/previews/257c7d1364c46144ccc88a2db51fdc4c2d8d58378716d682610f3a1b87e72681/72.jpg",168195,7bd7c388b60878dfdf8db3f9008de5612909ccab776f789e4018c3351d5f6d10
"storage/resource-library/previews/257c7d1364c46144ccc88a2db51fdc4c2d8d58378716d682610f3a1b87e72681/73.jpg",129206,e0c5e2aa71f2b800d8c2384e2071ba30bdb63d598b3f2cdee6b258cf114fdee5
"storage/resource-library/previews/257c7d1364c46144ccc88a2db51fdc4c2d8d58378716d682610f3a1b87e72681/74.jpg",116116,eff74e5f6cdb85688722f85dd868a0af76b43c98027ee7a156c3fb4808a66026
"storage/resource-library/previews/257c7d1364c46144ccc88a2db51fdc4c2d8d58378716d682610f3a1b87e72681/75.jpg",115712,d519efbc84294dfba2b73e2be6b2aeb13e75f60be36701fcad0d7fea4d78bdfc
"storage/resource-library/previews/257c7d1364c46144ccc88a2db51fdc4c2d8d58378716d682610f3a1b87e72681/76.jpg",148569,556ea95f300fe4a0cc0ebcf73dedb72312d1114adcb50843687d6bbc525d6e99
"storage/resource-library/previews/257c7d1364c46144ccc88a2db51fdc4c2d8d58378716d682610f3a1b87e72681/77.jpg",128265,33771d18a866e331bbba4627787ea1b0bb64f1b50c375bca29b6c7110e249181
"storage/resource-library/previews/257c7d1364c46144ccc88a2db51fdc4c2d8d58378716d682610f3a1b87e72681/78.jpg",118558,e92ca00e4d4df6a10573b4a5c34f0cf233a68438d21b5f781f5aa063967b22fe
"storage/resource-library/previews/257c7d1364c46144ccc88a2db51fdc4c2d8d58378716d682610f3a1b87e72681/79.jpg",120413,dce53addd7a1ba15b9102cdfead55f3b59f3deb1ede1cbe36db4e267b2791396
"storage/resource-library/previews/257c7d1364c46144ccc88a2db51fdc4c2d8d58378716d682610f3a1b87e72681/8.jpg",145228,3b88a9c4d24ff573ac2fc99c3006671f1e2b75a25a5b838cf89b7d6957be29eb
"storage/resource-library/previews/257c7d1364c46144ccc88a2db51fdc4c2d8d58378716d682610f3a1b87e72681/80.jpg",117411,f707d1c4c4d0f77dbe8f64e51ec384e97a1396bf5165f3e94f93e9293b0c53d0
"storage/resource-library/previews/257c7d1364c46144ccc88a2db51fdc4c2d8d58378716d682610f3a1b87e72681/81.jpg",139781,e5e6d854e461d17656fa0c26eb4c021192d9d82599808da0ae7e23690807661d
"storage/resource-library/previews/257c7d1364c46144ccc88a2db51fdc4c2d8d58378716d682610f3a1b87e72681/82.jpg",120330,ba894b92f812cbf75a108b6a652170f13ae672e04194603a618acf8ea49d94c8
"storage/resource-library/previews/257c7d1364c46144ccc88a2db51fdc4c2d8d58378716d682610f3a1b87e72681/83.jpg",164010,25a80105bde1b0feef7cb3bc78d6e1af324476c1377693e88161dfc1eb1fcd67
"storage/resource-library/previews/257c7d1364c46144ccc88a2db51fdc4c2d8d58378716d682610f3a1b87e72681/84.jpg",135256,eae99dbc3f747bc06fe4852b4a8f3da53cb3867bfea12d7cf4d631c7f36e8b17
"storage/resource-library/previews/257c7d1364c46144ccc88a2db51fdc4c2d8d58378716d682610f3a1b87e72681/85.jpg",180614,327a4ccdbbc5b3394a96bba37398b14f8b2a718811533ddecad79664fd9b2014
"storage/resource-library/previews/257c7d1364c46144ccc88a2db51fdc4c2d8d58378716d682610f3a1b87e72681/86.jpg",151511,085e2081b07e25752ae59748e1d760ae9c4dce7556d90742e990c8b4c03804e0
"storage/resource-library/previews/257c7d1364c46144ccc88a2db51fdc4c2d8d58378716d682610f3a1b87e72681/87.jpg",169631,9fc7fccefa6550aab8829688b8a8d35a1c3312ad7c6cdd6d63be8a2068f1a332
"storage/resource-library/previews/257c7d1364c46144ccc88a2db51fdc4c2d8d58378716d682610f3a1b87e72681/88.jpg",156194,7369ac0603eda8c35f4e15f8c6c0770d3d0283a8ef6df52dbd9b65c3e37066ca
"storage/resource-library/previews/257c7d1364c46144ccc88a2db51fdc4c2d8d58378716d682610f3a1b87e72681/89.jpg",173058,676dc09b20a33010e99ce46c1e7af0826cb3c59be8ad72c013d55cd743fe2492
"storage/resource-library/previews/257c7d1364c46144ccc88a2db51fdc4c2d8d58378716d682610f3a1b87e72681/9.jpg",160016,2ced222d1a20437b10156eac5c526d81a905114098c6f6a5571279030dbd5dd8
"storage/resource-library/previews/257c7d1364c46144ccc88a2db51fdc4c2d8d58378716d682610f3a1b87e72681/90.jpg",174897,af31d2ad36018f80610018bf19c016918358a9580a97c5b19e38bc517b506c71
"storage/resource-library/previews/257c7d1364c46144ccc88a2db51fdc4c2d8d58378716d682610f3a1b87e72681/91.jpg",158896,210c4488248bb1594bac6b8ff3c752e8ad5403e3298757161c3185cdff7cddc9
"storage/resource-library/previews/257c7d1364c46144ccc88a2db51fdc4c2d8d58378716d682610f3a1b87e72681/92.jpg",133500,80b7e2654b96bef5845ea9facf530472efe444f960e473184921717b29caddf9
"storage/resource-library/previews/257c7d1364c46144ccc88a2db51fdc4c2d8d58378716d682610f3a1b87e72681/93.jpg",152575,c8fffec61a46493e72d66ca4938d3931a2156d0b0ecea5fd663b40668d3492cd
"storage/resource-library/previews/257c7d1364c46144ccc88a2db51fdc4c2d8d58378716d682610f3a1b87e72681/94.jpg",182963,6d81c019992ff93898d1bb96314c2fce89584a228b49104ea5b6166c8fd75581
"storage/resource-library/previews/257c7d1364c46144ccc88a2db51fdc4c2d8d58378716d682610f3a1b87e72681/95.jpg",182646,510e6208d1c57872416cb990a5a4d00c590fa7d3f9d505649eed7dd3813f11b1
"storage/resource-library/previews/257c7d1364c46144ccc88a2db51fdc4c2d8d58378716d682610f3a1b87e72681/96.jpg",151827,09e68bb9135a87a37a920cadcb694f584258c5b8834a3dea57afde30d90f2f80
"storage/resource-library/previews/257c7d1364c46144ccc88a2db51fdc4c2d8d58378716d682610f3a1b87e72681/97.jpg",145880,c56a083383d34698c0d3eacccc3e00fcc216ae79b29c72dcd05cd755286e01f0
"storage/resource-library/previews/257c7d1364c46144ccc88a2db51fdc4c2d8d58378716d682610f3a1b87e72681/98.jpg",191065,a80a347a968e8fa6f05a44be8382e1d158f4eefbdd5c5761b83397753e50fd37
"storage/resource-library/previews/257c7d1364c46144ccc88a2db51fdc4c2d8d58378716d682610f3a1b87e72681/99.jpg",130852,bdbf94f19b54b65353baee0525161947bbae7dbe2490bdfe252e6bb339946c92
"storage/resource-library/previews/257c7d1364c46144ccc88a2db51fdc4c2d8d58378716d682610f3a1b87e72681/manifest.json",14,5ef3e3fd97e3ad5d3cc6905e8500c152d63861f7e899e34e9d21c9f01479ce2d
"storage/resource-library/previews/2c2fdebbd58e0662172e9ee7e46740a3628e8d64bd8562a5514c21c6e2d61345/1.jpg",195162,3e0d97d98d48e59f05f45e130962e58615f21dc5db3a0356e93d7aaf769656d0
"storage/resource-library/previews/2c2fdebbd58e0662172e9ee7e46740a3628e8d64bd8562a5514c21c6e2d61345/10.jpg",190108,655a80a5300d9cc015b0581ec25863f63244005511e3a2d7597daa615723ec56
"storage/resource-library/previews/2c2fdebbd58e0662172e9ee7e46740a3628e8d64bd8562a5514c21c6e2d61345/11.jpg",179086,338594377575319b23cfd593d1b88bd7f19791c434cda3178ba46ec1a2e88038
"storage/resource-library/previews/2c2fdebbd58e0662172e9ee7e46740a3628e8d64bd8562a5514c21c6e2d61345/12.jpg",177350,73a00848958f0ed7cc82e093b7303517969c1d1458b78ba308d2d1224c5f57f8
"storage/resource-library/previews/2c2fdebbd58e0662172e9ee7e46740a3628e8d64bd8562a5514c21c6e2d61345/13.jpg",182060,17c5acdc9ba030d002f736d6402bbee5da7f0170162f9d93c38a248018407adb
"storage/resource-library/previews/2c2fdebbd58e0662172e9ee7e46740a3628e8d64bd8562a5514c21c6e2d61345/14.jpg",172705,a87ec42053ef4491acb1e5b6bb16225fe1ac0e57e978e7b2d5f20fe6f4d8a0ca
"storage/resource-library/previews/2c2fdebbd58e0662172e9ee7e46740a3628e8d64bd8562a5514c21c6e2d61345/15.jpg",168953,22a046beb71bf2e4648ce25eb84ccf50bcd4b2717d727de60f7ab7548edbd08e
"storage/resource-library/previews/2c2fdebbd58e0662172e9ee7e46740a3628e8d64bd8562a5514c21c6e2d61345/16.jpg",187224,8305787e2ae12f11fdbaa8ecb571834dcc06d1ec27d63b9bad5926f8f133d69b
"storage/resource-library/previews/2c2fdebbd58e0662172e9ee7e46740a3628e8d64bd8562a5514c21c6e2d61345/17.jpg",193547,6e8a54bdf10fe8546dd5f45a0ed20f34b8b58b5a500763dd29b83832d0ef38ff
"storage/resource-library/previews/2c2fdebbd58e0662172e9ee7e46740a3628e8d64bd8562a5514c21c6e2d61345/18.jpg",186582,967fb8e6f16dcfdd692d316401861a9b1bde84700920fc360b6b791e66a62952
"storage/resource-library/previews/2c2fdebbd58e0662172e9ee7e46740a3628e8d64bd8562a5514c21c6e2d61345/19.jpg",168216,e3d8c5b0aeabd17026a65a6b738ca67cc4de115c9b9846f6b978debeb3007bec
"storage/resource-library/previews/2c2fdebbd58e0662172e9ee7e46740a3628e8d64bd8562a5514c21c6e2d61345/2.jpg",163639,5d776e5c8856168a46868b1df24541d02f2ea23a31d25be0af4e061f83ce242e
"storage/resource-library/previews/2c2fdebbd58e0662172e9ee7e46740a3628e8d64bd8562a5514c21c6e2d61345/20.jpg",177297,69eb56a87e3277126dac84096505a276eec94d05842f857cc4476df9b65fa01c
"storage/resource-library/previews/2c2fdebbd58e0662172e9ee7e46740a3628e8d64bd8562a5514c21c6e2d61345/21.jpg",194383,ab418dc1fd3c69b8eb552020af442f9c32512d48338a092f1a582b14ade673e4
"storage/resource-library/previews/2c2fdebbd58e0662172e9ee7e46740a3628e8d64bd8562a5514c21c6e2d61345/22.jpg",187742,7bdae98443e492611911fbddb3a798d2d0f4e1c6d0c52892e827f38613d311fc
"storage/resource-library/previews/2c2fdebbd58e0662172e9ee7e46740a3628e8d64bd8562a5514c21c6e2d61345/23.jpg",137714,c16479dbd0ca1e4956de3b2d000c07412ece781990b65c0f398402a12f40bf9b
"storage/resource-library/previews/2c2fdebbd58e0662172e9ee7e46740a3628e8d64bd8562a5514c21c6e2d61345/24.jpg",177971,b0a602918016e8a667b50316196ff316ec3e074bcf344900e8cc4df0486a353d
"storage/resource-library/previews/2c2fdebbd58e0662172e9ee7e46740a3628e8d64bd8562a5514c21c6e2d61345/25.jpg",145134,16ec3e221169d803a1d948fe3e6ad6ad5a2041da2102e7bd4dbf6ea2d998a934
"storage/resource-library/previews/2c2fdebbd58e0662172e9ee7e46740a3628e8d64bd8562a5514c21c6e2d61345/26.jpg",173882,e28a6b996d327d250e51358e14787b3b5260cba0bb4629080bee82d233675531
"storage/resource-library/previews/2c2fdebbd58e0662172e9ee7e46740a3628e8d64bd8562a5514c21c6e2d61345/27.jpg",180197,872b7cb45f601534d23dea51347c6bec7990e0322c14d8d7035356175865a494
"storage/resource-library/previews/2c2fdebbd58e0662172e9ee7e46740a3628e8d64bd8562a5514c21c6e2d61345/28.jpg",186666,f65de5cb690d7356a0035ead7d53bb47229ffc6a64f5bda993f9150fdab2f66a
"storage/resource-library/previews/2c2fdebbd58e0662172e9ee7e46740a3628e8d64bd8562a5514c21c6e2d61345/29.jpg",192130,b44a89272ee7d47cf6fd475863d183f81d33def73b45d29eac14f958dcaa808e
"storage/resource-library/previews/2c2fdebbd58e0662172e9ee7e46740a3628e8d64bd8562a5514c21c6e2d61345/3.jpg",176114,e79921ccb6cc2f975356c185f3ce0038fc31451c72a4347b8432f20321ca6f9d
"storage/resource-library/previews/2c2fdebbd58e0662172e9ee7e46740a3628e8d64bd8562a5514c21c6e2d61345/30.jpg",188332,793e2d2d73ddc9090e80d86b65b80e85996e13bde9a6cf59ed5d0c3f36dc62a9
"storage/resource-library/previews/2c2fdebbd58e0662172e9ee7e46740a3628e8d64bd8562a5514c21c6e2d61345/31.jpg",143399,1a2c62702527d89360c69b3af5e5d8ba5f068e2ea7a3ea8ba138426e3faa2b6b
"storage/resource-library/previews/2c2fdebbd58e0662172e9ee7e46740a3628e8d64bd8562a5514c21c6e2d61345/32.jpg",158626,14ce773f1588cf502b1bbfd3f20e2ed1880e6ecc7812dac1bd1df9d31c010b1e
"storage/resource-library/previews/2c2fdebbd58e0662172e9ee7e46740a3628e8d64bd8562a5514c21c6e2d61345/33.jpg",178845,780b98a511a73f874844f583d65278e9fc8bdf5e83af0d56526fbe1254e1b68b
"storage/resource-library/previews/2c2fdebbd58e0662172e9ee7e46740a3628e8d64bd8562a5514c21c6e2d61345/34.jpg",169638,9e03c7411f5b5f259bac3c713c933c9be46a9ffb670cd2382cc248a15e4c33d4
"storage/resource-library/previews/2c2fdebbd58e0662172e9ee7e46740a3628e8d64bd8562a5514c21c6e2d61345/35.jpg",173245,c0f9a39a89bdd045eae721019682280b4693b23d8379a0907c7af4e82b0e71e9
"storage/resource-library/previews/2c2fdebbd58e0662172e9ee7e46740a3628e8d64bd8562a5514c21c6e2d61345/36.jpg",184308,79d4f604d5fd7c84c56d1ff0362e29b7109965ff33dc3db598c9f1bb8c1d8e63
"storage/resource-library/previews/2c2fdebbd58e0662172e9ee7e46740a3628e8d64bd8562a5514c21c6e2d61345/37.jpg",194554,2c84a0df0edceee28287fdfba60cce1556eae04ad730faf2953cd0ece62c94e7
"storage/resource-library/previews/2c2fdebbd58e0662172e9ee7e46740a3628e8d64bd8562a5514c21c6e2d61345/38.jpg",176297,ff87b1fa44255ebebaf8639422ff86159ce03e0c4430e73dcc956841a2d54493
"storage/resource-library/previews/2c2fdebbd58e0662172e9ee7e46740a3628e8d64bd8562a5514c21c6e2d61345/39.jpg",175471,5625446105298a8f7b6097a4d452661570c3d5457785d37efa3a1728c136a8ae
"storage/resource-library/previews/2c2fdebbd58e0662172e9ee7e46740a3628e8d64bd8562a5514c21c6e2d61345/4.jpg",204233,c485274694c2cbdb660d062c525ff52dad27bf3d6a81523a0309fc882f5e2f0e
"storage/resource-library/previews/2c2fdebbd58e0662172e9ee7e46740a3628e8d64bd8562a5514c21c6e2d61345/40.jpg",150307,e334da863972a4bacff3bbe39a17b9545c2e1045281ecf0ff396bc002ad7271a
"storage/resource-library/previews/2c2fdebbd58e0662172e9ee7e46740a3628e8d64bd8562a5514c21c6e2d61345/41.jpg",154799,f30729a6d302879be97a2a97261201069e355a5f256a0e437095ad2c8b86e4fe
"storage/resource-library/previews/2c2fdebbd58e0662172e9ee7e46740a3628e8d64bd8562a5514c21c6e2d61345/42.jpg",172449,88abff9c40fbe1093be068aa7ec6bb0fe7d431736503a6576b2c3b026c58d04b
"storage/resource-library/previews/2c2fdebbd58e0662172e9ee7e46740a3628e8d64bd8562a5514c21c6e2d61345/43.jpg",173480,8145b86ee7695ae0dace79f84af1bd8eb6eba5b6b94317575dfdb746a6782b79
"storage/resource-library/previews/2c2fdebbd58e0662172e9ee7e46740a3628e8d64bd8562a5514c21c6e2d61345/44.jpg",156377,26342c275f0fee3198fe71c540f7f441a7f0fc0233bfaa66ce90f41aebe904f8
"storage/resource-library/previews/2c2fdebbd58e0662172e9ee7e46740a3628e8d64bd8562a5514c21c6e2d61345/45.jpg",174447,f3ef6784bb6bad4b4fd9b384d0adf5cc7ece7fea62521b67696efdd3e372066e
"storage/resource-library/previews/2c2fdebbd58e0662172e9ee7e46740a3628e8d64bd8562a5514c21c6e2d61345/46.jpg",195571,3862c139816f291e1d1b270d4aa0697d76b115cb9548b5b4646406eac4df2d45
"storage/resource-library/previews/2c2fdebbd58e0662172e9ee7e46740a3628e8d64bd8562a5514c21c6e2d61345/47.jpg",193907,bd4102dcc8b9b39b9a90b7850821dd4e77272e87a400035164bf11b57b5d1e93
"storage/resource-library/previews/2c2fdebbd58e0662172e9ee7e46740a3628e8d64bd8562a5514c21c6e2d61345/48.jpg",176293,1e78242f06917f55890ae7e646d00094a8b2179fe2bbfbb55aa009955cd93664
"storage/resource-library/previews/2c2fdebbd58e0662172e9ee7e46740a3628e8d64bd8562a5514c21c6e2d61345/49.jpg",158909,4a9f5b5008e958c14c5d0a873eca11f786d892048d97942bacec4f9753cf9dd6
"storage/resource-library/previews/2c2fdebbd58e0662172e9ee7e46740a3628e8d64bd8562a5514c21c6e2d61345/5.jpg",149787,bfb2ac692c0e6db6cdd93feef8ab6f5c321925293af625d4317e7f7e02ad449b
"storage/resource-library/previews/2c2fdebbd58e0662172e9ee7e46740a3628e8d64bd8562a5514c21c6e2d61345/50.jpg",178202,42bf53116dda73f752947ea40584b9f085ccb95b3bb4c3ad7f82add32139abe6
"storage/resource-library/previews/2c2fdebbd58e0662172e9ee7e46740a3628e8d64bd8562a5514c21c6e2d61345/51.jpg",146042,97683bce4d1fc61a4316a49f19d2962f34c7bdd9da12f8d1f025087571f79e6e
"storage/resource-library/previews/2c2fdebbd58e0662172e9ee7e46740a3628e8d64bd8562a5514c21c6e2d61345/52.jpg",160279,655b5f11471e33079e4a7614946b0c86ca183ce32a11dc68cff0d26999609b16
"storage/resource-library/previews/2c2fdebbd58e0662172e9ee7e46740a3628e8d64bd8562a5514c21c6e2d61345/53.jpg",151812,6e89e8832538623bd3d6865c1d56c4b36793a2f63c2ab69ca08a84015af81f65
"storage/resource-library/previews/2c2fdebbd58e0662172e9ee7e46740a3628e8d64bd8562a5514c21c6e2d61345/54.jpg",202474,8ae6fccb0ab65ab76e0bd96138be9ae0ddf2119817870dadf10be22342840f38
"storage/resource-library/previews/2c2fdebbd58e0662172e9ee7e46740a3628e8d64bd8562a5514c21c6e2d61345/55.jpg",192765,c26f084783313657f59f657a05c3bc24fbe38f849d17c5769f855120648ed98a
"storage/resource-library/previews/2c2fdebbd58e0662172e9ee7e46740a3628e8d64bd8562a5514c21c6e2d61345/56.jpg",203353,1d4b1f5747a7d69662822dd07189b21b3e9d48ee9fbf8898b01b65281950acfb
"storage/resource-library/previews/2c2fdebbd58e0662172e9ee7e46740a3628e8d64bd8562a5514c21c6e2d61345/57.jpg",165574,085ef06cb0b9f910e3d7da2ec2ee7d6dfd1d13a5658834ec839ea436af015c80
"storage/resource-library/previews/2c2fdebbd58e0662172e9ee7e46740a3628e8d64bd8562a5514c21c6e2d61345/58.jpg",149734,cd1a7f72de044058939c54c796351dc10e5ef14653b17cce2a845f74993bf988
"storage/resource-library/previews/2c2fdebbd58e0662172e9ee7e46740a3628e8d64bd8562a5514c21c6e2d61345/59.jpg",196010,1b3da7ea83302922592bc0b1e4facf5a04a4798246368f0cfcd9dc21af54b861
"storage/resource-library/previews/2c2fdebbd58e0662172e9ee7e46740a3628e8d64bd8562a5514c21c6e2d61345/6.jpg",181659,7fa99aa2e0fbd5b2e156123bd91217539127b97395479602797a9d17bbd4eebf
"storage/resource-library/previews/2c2fdebbd58e0662172e9ee7e46740a3628e8d64bd8562a5514c21c6e2d61345/60.jpg",200378,4821605fa22a1e0413154bc0a657a3a804d2324df8be6d9564bb7efe259503ac
"storage/resource-library/previews/2c2fdebbd58e0662172e9ee7e46740a3628e8d64bd8562a5514c21c6e2d61345/61.jpg",147595,5c41806edeb6ae79d70232957b3ada8f79e8f41948a298baa22f52478f1c95b5
"storage/resource-library/previews/2c2fdebbd58e0662172e9ee7e46740a3628e8d64bd8562a5514c21c6e2d61345/62.jpg",133755,87aac62cadf0188fc717888ed32ccbf97e96b101a3cd9cc6cc5b7ea6d76f5190
"storage/resource-library/previews/2c2fdebbd58e0662172e9ee7e46740a3628e8d64bd8562a5514c21c6e2d61345/63.jpg",195446,8252f56d34f7d2efbba6a574425a0214ef2e8e52b52d6b0c5da3871e3ea9a99a
"storage/resource-library/previews/2c2fdebbd58e0662172e9ee7e46740a3628e8d64bd8562a5514c21c6e2d61345/64.jpg",194676,1eb977b635291465c6d0d46573d9e42da09541fe4a36695e07add4d17c271657
"storage/resource-library/previews/2c2fdebbd58e0662172e9ee7e46740a3628e8d64bd8562a5514c21c6e2d61345/65.jpg",167908,735e8e0151b6d3d0d3373f7c6e0a61efdf73a9c88ceaf99af50b68a6f9982a7d
"storage/resource-library/previews/2c2fdebbd58e0662172e9ee7e46740a3628e8d64bd8562a5514c21c6e2d61345/66.jpg",162650,4884ca9e43dea34682e19e2df9fe71c0091bf29120b203fe64f6059a2d84b57f
"storage/resource-library/previews/2c2fdebbd58e0662172e9ee7e46740a3628e8d64bd8562a5514c21c6e2d61345/67.jpg",225258,ddc1e907a948eac2e47c1a2293330c8ab14c08dccf2a5b00c5fc815e63f01246
"storage/resource-library/previews/2c2fdebbd58e0662172e9ee7e46740a3628e8d64bd8562a5514c21c6e2d61345/68.jpg",148032,cc53b6a4aeb7e7c361cb123d97b5fc84db5a3f63f12011f27724b18ac838341d
"storage/resource-library/previews/2c2fdebbd58e0662172e9ee7e46740a3628e8d64bd8562a5514c21c6e2d61345/69.jpg",152632,03196ac003e0ee7e058ee1da4de6fd0f5924e39f94c8da1f2ac60a192d21f48c
"storage/resource-library/previews/2c2fdebbd58e0662172e9ee7e46740a3628e8d64bd8562a5514c21c6e2d61345/7.jpg",202962,d35a19ccba6d5894171f54f47623454f5a9d1dad0857cfe05420b83a084515f0
"storage/resource-library/previews/2c2fdebbd58e0662172e9ee7e46740a3628e8d64bd8562a5514c21c6e2d61345/70.jpg",170262,34972ea3ad057fa056f9b9a4f147d01ff4031605165f695a51fb435ab5383203
"storage/resource-library/previews/2c2fdebbd58e0662172e9ee7e46740a3628e8d64bd8562a5514c21c6e2d61345/71.jpg",143864,ef071eaab6537f5637a94e20de478f670db9c5642147bf15bdbae57b3446a595
"storage/resource-library/previews/2c2fdebbd58e0662172e9ee7e46740a3628e8d64bd8562a5514c21c6e2d61345/72.jpg",180141,fdbf843cd48194b9602e8f27b31926fa57f80a928ef6026dc9c82898465763ee
"storage/resource-library/previews/2c2fdebbd58e0662172e9ee7e46740a3628e8d64bd8562a5514c21c6e2d61345/73.jpg",153385,0ad582b8c5f8b25b6823edb4a7e1deceaf2b8dae41d0abe1eac728325130c92d
"storage/resource-library/previews/2c2fdebbd58e0662172e9ee7e46740a3628e8d64bd8562a5514c21c6e2d61345/74.jpg",93182,951327cb0472333c6886758c2a6c472789dc2ddad89959948dec671f6ed308cf
"storage/resource-library/previews/2c2fdebbd58e0662172e9ee7e46740a3628e8d64bd8562a5514c21c6e2d61345/75.jpg",181023,7eafc5442fbfb387509095134a8e35b0fd91e19eba3e98ef90c4ff106ddca9ba
"storage/resource-library/previews/2c2fdebbd58e0662172e9ee7e46740a3628e8d64bd8562a5514c21c6e2d61345/76.jpg",180746,baf2867f49a3d591c51b012e03665d47fbc9005f867c59aa24503336d040ae2a
"storage/resource-library/previews/2c2fdebbd58e0662172e9ee7e46740a3628e8d64bd8562a5514c21c6e2d61345/77.jpg",194230,d830832f1f05c9a671c55b57536738997008609d372c305662dc8fe8dcc39549
"storage/resource-library/previews/2c2fdebbd58e0662172e9ee7e46740a3628e8d64bd8562a5514c21c6e2d61345/78.jpg",173936,184b99d20f1610548cef7296d1fe7353f71a879505e994c3c00dbefbbac816ff
"storage/resource-library/previews/2c2fdebbd58e0662172e9ee7e46740a3628e8d64bd8562a5514c21c6e2d61345/79.jpg",196295,52007ae483cad4cf3a2ea81da7e22ed8aab6e1b441074477b5aa7af36077c6f6
"storage/resource-library/previews/2c2fdebbd58e0662172e9ee7e46740a3628e8d64bd8562a5514c21c6e2d61345/8.jpg",160151,775dcb4bd5e68be9a7049d22b6acba5def2c42e7044e23f6f384054439ba6cfb
"storage/resource-library/previews/2c2fdebbd58e0662172e9ee7e46740a3628e8d64bd8562a5514c21c6e2d61345/80.jpg",174659,3682ab3ca102396e1a53df1d8ab8d15ad3bcac5aea2eac55f28a03c408751d3c
"storage/resource-library/previews/2c2fdebbd58e0662172e9ee7e46740a3628e8d64bd8562a5514c21c6e2d61345/81.jpg",194076,de88828c19428ff7ecdc382fc9c8238ac10b27dfcf261ed0d110ccab7f5475d2
"storage/resource-library/previews/2c2fdebbd58e0662172e9ee7e46740a3628e8d64bd8562a5514c21c6e2d61345/82.jpg",174424,2c201c431adbf41efc5102243d0844303bd4e7ce9cbae5e6393295bae96c5c80
"storage/resource-library/previews/2c2fdebbd58e0662172e9ee7e46740a3628e8d64bd8562a5514c21c6e2d61345/83.jpg",148518,16f42c9093a14f98fa94f6c0ae861dfbfd29780526d7c7c5f965f5b3456eaf84
"storage/resource-library/previews/2c2fdebbd58e0662172e9ee7e46740a3628e8d64bd8562a5514c21c6e2d61345/9.jpg",177887,92ebef36dfcf1deb81db4a5a5a915aaea4668e0d521d85d42631214899b4d702
"storage/resource-library/previews/2c2fdebbd58e0662172e9ee7e46740a3628e8d64bd8562a5514c21c6e2d61345/manifest.json",13,0d4e8377e6f6e80d3aa1124cd3a4ac0471580df3af6a6fc0bec83f08481bd8af
"storage/resource-library/previews/35b5b8336ba010087de3e7392898f1f7693b6d32d9d77c6428b55ec88dca95db/1.jpg",104879,2d9ede5910b7719e118c7bf9c7cc4c6ce582b997759a4a3f3adeddc152de3f2c
"storage/resource-library/previews/35b5b8336ba010087de3e7392898f1f7693b6d32d9d77c6428b55ec88dca95db/10.jpg",128069,63a92944537e294a75a49dda150ea3619770d2656c3eb2272d6c936dff538d7f
"storage/resource-library/previews/35b5b8336ba010087de3e7392898f1f7693b6d32d9d77c6428b55ec88dca95db/100.jpg",64826,ab041a39f08b0ce8d06970b34559824add7307c696e9a568859e02e67cca94cf
"storage/resource-library/previews/35b5b8336ba010087de3e7392898f1f7693b6d32d9d77c6428b55ec88dca95db/101.jpg",88634,297d6c28b83c6dd40479bb1bb34b5a12f0cfacc02cf58fea7b8ff074d1e6f4e3
"storage/resource-library/previews/35b5b8336ba010087de3e7392898f1f7693b6d32d9d77c6428b55ec88dca95db/102.jpg",94729,3e2109e09279bfa099c9ef81fcf71448047eca4b38905d59a0cf0a6c7a3957f0
"storage/resource-library/previews/35b5b8336ba010087de3e7392898f1f7693b6d32d9d77c6428b55ec88dca95db/103.jpg",102099,ffbfc9eb4015e426d8b720489a524fc8c4dca90c3def35649b23ef67bea7d45d
"storage/resource-library/previews/35b5b8336ba010087de3e7392898f1f7693b6d32d9d77c6428b55ec88dca95db/104.jpg",80932,322314d83d8e75fa546686d0174a67b0f4043afa82cb8d8bb96c92e666ee6edd
"storage/resource-library/previews/35b5b8336ba010087de3e7392898f1f7693b6d32d9d77c6428b55ec88dca95db/105.jpg",85311,8cc3b3d6c1f8b9a52789cf8c5a49bba1a61fe5d535c3471867ec6e21dd7ea232
"storage/resource-library/previews/35b5b8336ba010087de3e7392898f1f7693b6d32d9d77c6428b55ec88dca95db/106.jpg",88015,33df2363de76f634a57f30adcf17b2e46216c10a22886cb90b19d8edccc72332
"storage/resource-library/previews/35b5b8336ba010087de3e7392898f1f7693b6d32d9d77c6428b55ec88dca95db/107.jpg",75680,670dbc4f298a0a6af375f793de2919ff92d09218c8b9a3dd11d30316dacdd052
"storage/resource-library/previews/35b5b8336ba010087de3e7392898f1f7693b6d32d9d77c6428b55ec88dca95db/108.jpg",62436,c3089863625241f46b9c001d41458f1d6b5585c3c7ec8add91406118535ba412
"storage/resource-library/previews/35b5b8336ba010087de3e7392898f1f7693b6d32d9d77c6428b55ec88dca95db/109.jpg",121271,2a28614ec713880cf2eec49206f0ba92f86bd8be3e5a43433777879434fa0869
"storage/resource-library/previews/35b5b8336ba010087de3e7392898f1f7693b6d32d9d77c6428b55ec88dca95db/11.jpg",119724,7cd17cce813e37353eaf7d14e3c8c0591a659fc09d3360b9c7f235d1e523f8ac
"storage/resource-library/previews/35b5b8336ba010087de3e7392898f1f7693b6d32d9d77c6428b55ec88dca95db/110.jpg",94828,21cfa855bc73a9dba0d987f5ef9beb3e6c964642925e7fab07081485fc8e65c2
"storage/resource-library/previews/35b5b8336ba010087de3e7392898f1f7693b6d32d9d77c6428b55ec88dca95db/111.jpg",92294,c0bf53d25b9db205b70065c2a47a272d6cf8962af1a12063ebbc96512f4a1053
"storage/resource-library/previews/35b5b8336ba010087de3e7392898f1f7693b6d32d9d77c6428b55ec88dca95db/112.jpg",74369,f1c2723ae4a533cbfe7d02170b64b0028526f68e5698f402eba555cd7610feeb
"storage/resource-library/previews/35b5b8336ba010087de3e7392898f1f7693b6d32d9d77c6428b55ec88dca95db/113.jpg",64804,c6c4b6201ba69962653e6d4994f99b9b02acd6a8f57b249009913ca5b7eb0eab
"storage/resource-library/previews/35b5b8336ba010087de3e7392898f1f7693b6d32d9d77c6428b55ec88dca95db/114.jpg",64399,f2bb7a5c2372f02a988070be0cc54e359b7aa449ef8946f531d8f605cfc3b20a
"storage/resource-library/previews/35b5b8336ba010087de3e7392898f1f7693b6d32d9d77c6428b55ec88dca95db/115.jpg",75489,b7a126b380d30eba26c27b3ebfe57a60ca673bf383e2c9873c3c7a6f0f9cf695
"storage/resource-library/previews/35b5b8336ba010087de3e7392898f1f7693b6d32d9d77c6428b55ec88dca95db/116.jpg",60274,e204f0249f7f753bccb2c7349bb28ad7901d6b60684fe109138535e49027a046
"storage/resource-library/previews/35b5b8336ba010087de3e7392898f1f7693b6d32d9d77c6428b55ec88dca95db/117.jpg",69543,c6160fd21d1f571af5dad34a6d01c51e23bfc7e459f88b1373e4d88e49071bb1
"storage/resource-library/previews/35b5b8336ba010087de3e7392898f1f7693b6d32d9d77c6428b55ec88dca95db/118.jpg",69652,86f12c17c7c9bebe11d239421537a9be5ae3e7b92ad0a705ce86623f95400fa4
"storage/resource-library/previews/35b5b8336ba010087de3e7392898f1f7693b6d32d9d77c6428b55ec88dca95db/119.jpg",63330,83709c60b847ed625c1b4a08e802ad347776b130e3c6181da8cb19a383de6e06
"storage/resource-library/previews/35b5b8336ba010087de3e7392898f1f7693b6d32d9d77c6428b55ec88dca95db/12.jpg",85972,1f0ea2ba8c43e63b1ad4e2656931eec26eabdaa953c10843bbfdd479ab095c94
"storage/resource-library/previews/35b5b8336ba010087de3e7392898f1f7693b6d32d9d77c6428b55ec88dca95db/120.jpg",60080,42faaaa9149eeaad1e66a4e366096d7d23ddf7da943a5f2c34434006e5fa5e47
"storage/resource-library/previews/35b5b8336ba010087de3e7392898f1f7693b6d32d9d77c6428b55ec88dca95db/121.jpg",74978,14ccb6985560db05859e82be456676bca58f4c0accecdba5a42a1966c5576e2f
"storage/resource-library/previews/35b5b8336ba010087de3e7392898f1f7693b6d32d9d77c6428b55ec88dca95db/122.jpg",75283,8e8a76a03e817fa658c643e93580519aae1834d250de3046cd24ae26307a436b
"storage/resource-library/previews/35b5b8336ba010087de3e7392898f1f7693b6d32d9d77c6428b55ec88dca95db/123.jpg",58590,6425f7935cb48a4e635396ea3565e83e13d6d8e27de09ff4042dd0d1e240566b
"storage/resource-library/previews/35b5b8336ba010087de3e7392898f1f7693b6d32d9d77c6428b55ec88dca95db/124.jpg",62857,b1c9f8917fd7dca5a83ada5a7e483af250c4c106b7494245ad8225d15875ea7b
"storage/resource-library/previews/35b5b8336ba010087de3e7392898f1f7693b6d32d9d77c6428b55ec88dca95db/125.jpg",63972,e7b8da02de6e2f039308c674f8b304d71f3eaa7956613ed810d5d417738f226a
"storage/resource-library/previews/35b5b8336ba010087de3e7392898f1f7693b6d32d9d77c6428b55ec88dca95db/126.jpg",68542,7220592dde3a746fe6664ad33ed0a440959e3de6882454e304fe9a34dd32603b
"storage/resource-library/previews/35b5b8336ba010087de3e7392898f1f7693b6d32d9d77c6428b55ec88dca95db/127.jpg",63638,c50a92fb23867c8fdfd472db01c11f4a10b7a06b1195c3ce50fb0368be6c1982
"storage/resource-library/previews/35b5b8336ba010087de3e7392898f1f7693b6d32d9d77c6428b55ec88dca95db/128.jpg",69238,2028db96f0c5076c7896859b0f1db02802fe57f2d0837ae6570a9b91c0494262
"storage/resource-library/previews/35b5b8336ba010087de3e7392898f1f7693b6d32d9d77c6428b55ec88dca95db/129.jpg",64288,185e386bb352ab3f5fd8a9d8111e64eb5fcd9fe174fd9c18f5be6d80ad2ede5a
"storage/resource-library/previews/35b5b8336ba010087de3e7392898f1f7693b6d32d9d77c6428b55ec88dca95db/13.jpg",74118,3f1b0f8c556a0999a22e0d52d7ae99674cbc5b1938797467d9f5e7a7e5196354
"storage/resource-library/previews/35b5b8336ba010087de3e7392898f1f7693b6d32d9d77c6428b55ec88dca95db/130.jpg",73780,a4285020b1d56156e60ea1802c5b53c1b1ec4de305443c4e85527447420b9365
"storage/resource-library/previews/35b5b8336ba010087de3e7392898f1f7693b6d32d9d77c6428b55ec88dca95db/131.jpg",73846,d4e4bb33d21717b7ce1ca2476475ae13aa00e3305906d21e4647211a3f2f4076
"storage/resource-library/previews/35b5b8336ba010087de3e7392898f1f7693b6d32d9d77c6428b55ec88dca95db/132.jpg",73086,15e3d25b86939bbc99bfca61c808635b425ffe3bba625a15bcde0f914c699f40
"storage/resource-library/previews/35b5b8336ba010087de3e7392898f1f7693b6d32d9d77c6428b55ec88dca95db/133.jpg",69661,b10f2210bf62bb77be59fd2260cf0daed3643f8c4be009bdfa1d7fd9880cc8f8
"storage/resource-library/previews/35b5b8336ba010087de3e7392898f1f7693b6d32d9d77c6428b55ec88dca95db/134.jpg",88542,245cf1c0a257e42b17f9023ee94517d5259ffa746132b035b2571b965c3d1017
"storage/resource-library/previews/35b5b8336ba010087de3e7392898f1f7693b6d32d9d77c6428b55ec88dca95db/135.jpg",65274,50ea1158e5e980caada889d23af21a5e0549cf96adb2a07cb3022c7cb2710ef5
"storage/resource-library/previews/35b5b8336ba010087de3e7392898f1f7693b6d32d9d77c6428b55ec88dca95db/136.jpg",63100,ca6d6ab193e28f91a3d98aedf6c729b231ec8857e8ad4b078f1eea36b9f468e9
"storage/resource-library/previews/35b5b8336ba010087de3e7392898f1f7693b6d32d9d77c6428b55ec88dca95db/137.jpg",69880,3d2c7d6a13a6ef3e6b96a2e503ad2b7714f614cf30d15648f1eb06fb2a6b1e99
"storage/resource-library/previews/35b5b8336ba010087de3e7392898f1f7693b6d32d9d77c6428b55ec88dca95db/138.jpg",57417,6ea8246f340feacc83909bb5b1349ad227df18ba0b493ab2cec7904427a3d7a8
"storage/resource-library/previews/35b5b8336ba010087de3e7392898f1f7693b6d32d9d77c6428b55ec88dca95db/139.jpg",82138,2191df7b327da921490ed9d219319d93093135b641346e45943dc6842bb4015d
"storage/resource-library/previews/35b5b8336ba010087de3e7392898f1f7693b6d32d9d77c6428b55ec88dca95db/14.jpg",82677,a079c410f7a5920be4add225bd8d17e9810b36f9bc69c5d7fee2ddec519c8f6b
"storage/resource-library/previews/35b5b8336ba010087de3e7392898f1f7693b6d32d9d77c6428b55ec88dca95db/140.jpg",96211,c1ee25ac0f91fc93b390fe332db06e47661e4d6ca9996602c2ea0d3aacf984b5
"storage/resource-library/previews/35b5b8336ba010087de3e7392898f1f7693b6d32d9d77c6428b55ec88dca95db/141.jpg",86912,07bda653e0a62728654b68fe0e0ce5b9634ec1594d9c7943faa25ed0b7fa5d2f
"storage/resource-library/previews/35b5b8336ba010087de3e7392898f1f7693b6d32d9d77c6428b55ec88dca95db/142.jpg",72973,e9ca9b7890dd2a9427f214e4382fe9fcd76b4db02df09d9468d64058d7d9b89c
"storage/resource-library/previews/35b5b8336ba010087de3e7392898f1f7693b6d32d9d77c6428b55ec88dca95db/143.jpg",73268,8389d233c2edab4dd96e65fb9b0498f63be980ac99e3abd17b335d5b0ddd3ef1
"storage/resource-library/previews/35b5b8336ba010087de3e7392898f1f7693b6d32d9d77c6428b55ec88dca95db/144.jpg",75568,a79139b0637c04365f3daf8aca401b15770b61ac25811f7eaa59bf4af04bb85b
"storage/resource-library/previews/35b5b8336ba010087de3e7392898f1f7693b6d32d9d77c6428b55ec88dca95db/145.jpg",83348,92cde91bd7282c1df84c5112584f701e9a4adb3d262c6b56e94b0ff1bdad2932
"storage/resource-library/previews/35b5b8336ba010087de3e7392898f1f7693b6d32d9d77c6428b55ec88dca95db/146.jpg",75700,234009e044094b4b4c63ecb90ab9c34502952aafa7a31f62876fb3c6d57a9f36
"storage/resource-library/previews/35b5b8336ba010087de3e7392898f1f7693b6d32d9d77c6428b55ec88dca95db/147.jpg",66773,a16f4af4a4d9a202e0e76e0a399108a6bf0239324b72bc2454eeca5d1dad3eb4
"storage/resource-library/previews/35b5b8336ba010087de3e7392898f1f7693b6d32d9d77c6428b55ec88dca95db/148.jpg",76889,804ceeccd6e5f41519ab01368423e0b7f901b7c0d9dbebc09b58721aa1d43bb1
"storage/resource-library/previews/35b5b8336ba010087de3e7392898f1f7693b6d32d9d77c6428b55ec88dca95db/149.jpg",59620,88e530b46b4c3c6b478db5ebed013f8f482fd1f60f455dea8889d43bba2524f1
"storage/resource-library/previews/35b5b8336ba010087de3e7392898f1f7693b6d32d9d77c6428b55ec88dca95db/15.jpg",96040,7a55dc02a339442f05194af9c0c47111e7c8db9b8fc8bfa0dd5f967f62e9f50e
"storage/resource-library/previews/35b5b8336ba010087de3e7392898f1f7693b6d32d9d77c6428b55ec88dca95db/150.jpg",110465,fe777000ae75fc1860789e5bcd5674587af085573b27f153dbbab6501c033c2b
"storage/resource-library/previews/35b5b8336ba010087de3e7392898f1f7693b6d32d9d77c6428b55ec88dca95db/151.jpg",87833,f6fb5ec4ecdab6d36c0fe65fea185b140ddfb691a46e9467f83c6f8ec86db6ac
"storage/resource-library/previews/35b5b8336ba010087de3e7392898f1f7693b6d32d9d77c6428b55ec88dca95db/152.jpg",71845,dabf099305e2cacf494c21c797a6e1b36a86e2bcd39c9c50dcb4090f908af9c3
"storage/resource-library/previews/35b5b8336ba010087de3e7392898f1f7693b6d32d9d77c6428b55ec88dca95db/153.jpg",65116,ce3b40512b2e2b4a7af99ebc1d2a8b50b7a3c567ad7bd274f517a4ec9f2a23ed
"storage/resource-library/previews/35b5b8336ba010087de3e7392898f1f7693b6d32d9d77c6428b55ec88dca95db/154.jpg",64858,40623f5068742475c611e779079b7364a2ad177a183b74f8c4089d8691df472a
"storage/resource-library/previews/35b5b8336ba010087de3e7392898f1f7693b6d32d9d77c6428b55ec88dca95db/155.jpg",89191,54198bb33d107d576db02bf8f366013bbcf981ea63715bb3d2f0628d67cfd118
"storage/resource-library/previews/35b5b8336ba010087de3e7392898f1f7693b6d32d9d77c6428b55ec88dca95db/156.jpg",75099,ed4fcff8cdd36de79292fc676655ad83007e065e3f18ba94bf4fa39a048c316c
"storage/resource-library/previews/35b5b8336ba010087de3e7392898f1f7693b6d32d9d77c6428b55ec88dca95db/157.jpg",92129,380ebc02dfb292973e447332448ac88bb2d4b1f77af0d187dc0c7f42da03681d
"storage/resource-library/previews/35b5b8336ba010087de3e7392898f1f7693b6d32d9d77c6428b55ec88dca95db/158.jpg",78316,95a95568eaa68a4f44a1ca89546bbd1d6764aad737106fa7de70fbd439512146
"storage/resource-library/previews/35b5b8336ba010087de3e7392898f1f7693b6d32d9d77c6428b55ec88dca95db/159.jpg",77034,1e9e5a3b8fbf920f7f5f779360df5bff04465d8c37324b50be367f08bb4fbf76
"storage/resource-library/previews/35b5b8336ba010087de3e7392898f1f7693b6d32d9d77c6428b55ec88dca95db/16.jpg",69553,e587eedc198e1cfd83d2c13499907f0e18c608317234acf7db662d65d92d07ce
"storage/resource-library/previews/35b5b8336ba010087de3e7392898f1f7693b6d32d9d77c6428b55ec88dca95db/160.jpg",62573,5bb261d637f388594f4ea2d8fb54e9b48783c206cc96c9f89e2fde748587fb06
"storage/resource-library/previews/35b5b8336ba010087de3e7392898f1f7693b6d32d9d77c6428b55ec88dca95db/17.jpg",89875,51e6f7d8570f497a5d3c4bb2a7f085d0ee9c20a9aea69707d77dd67c725de85d
"storage/resource-library/previews/35b5b8336ba010087de3e7392898f1f7693b6d32d9d77c6428b55ec88dca95db/18.jpg",75245,2d021e06db295c31d630417a40e9433d91d83d0c65e8ccb34add9ff95b6fd2b4
"storage/resource-library/previews/35b5b8336ba010087de3e7392898f1f7693b6d32d9d77c6428b55ec88dca95db/19.jpg",82287,b99761d085c4fad766dec8c8e65e02d67f1e562f577a434584fcaf64c8ae29e3
"storage/resource-library/previews/35b5b8336ba010087de3e7392898f1f7693b6d32d9d77c6428b55ec88dca95db/2.jpg",110444,64e45d706c27a1856053ea55626be9970d91f0eae4ac2a3f91849b8922114e6b
"storage/resource-library/previews/35b5b8336ba010087de3e7392898f1f7693b6d32d9d77c6428b55ec88dca95db/20.jpg",63443,5135138c2e3dca392d71e53e43cced3f49c798d66110c1b57129cdb1259ea6a8
"storage/resource-library/previews/35b5b8336ba010087de3e7392898f1f7693b6d32d9d77c6428b55ec88dca95db/21.jpg",83982,3e40c36b7d57b220ea76da88e9fbad7ad48e76b91615fa4f674864c1ac71c32b
"storage/resource-library/previews/35b5b8336ba010087de3e7392898f1f7693b6d32d9d77c6428b55ec88dca95db/22.jpg",80497,c858a6ef55bdc44cf1735c0784c13c250a4f710325a58657283f4e8064ad35a2
"storage/resource-library/previews/35b5b8336ba010087de3e7392898f1f7693b6d32d9d77c6428b55ec88dca95db/23.jpg",130078,1096592d1a4dcbcfdf28e4249e388feb6d8fd3f012483feac4dfca5042fd54f2
"storage/resource-library/previews/35b5b8336ba010087de3e7392898f1f7693b6d32d9d77c6428b55ec88dca95db/24.jpg",87840,5a5b97da5b5392eb6bb0d542c1c890949115ca2da1d825c4877ad4dfe95eef89
"storage/resource-library/previews/35b5b8336ba010087de3e7392898f1f7693b6d32d9d77c6428b55ec88dca95db/25.jpg",88500,48396145f57b499b452ca8b42aaaca8c10b81c181c8d6e769acd03de0338d1e4
"storage/resource-library/previews/35b5b8336ba010087de3e7392898f1f7693b6d32d9d77c6428b55ec88dca95db/26.jpg",132335,8b748841e804448b777abcc089c7f8484d26bb505b5b1259138c665d397c9446
"storage/resource-library/previews/35b5b8336ba010087de3e7392898f1f7693b6d32d9d77c6428b55ec88dca95db/27.jpg",80879,6315529f62cef3998c1160d3e87f85243ef54287c9b1db20d0bee6507beda0e9
"storage/resource-library/previews/35b5b8336ba010087de3e7392898f1f7693b6d32d9d77c6428b55ec88dca95db/28.jpg",100659,0bd88adc3cdf99143ba11f47f8ea98425ec203858779fdc322e745fbea772740
"storage/resource-library/previews/35b5b8336ba010087de3e7392898f1f7693b6d32d9d77c6428b55ec88dca95db/29.jpg",86017,0560ee50b15cb61dcc37b276382c8a634b9d1661f24790078bc054e539408bd4
"storage/resource-library/previews/35b5b8336ba010087de3e7392898f1f7693b6d32d9d77c6428b55ec88dca95db/3.jpg",77900,b59585e15cd2caf03acae81cb3a6ebce759128a3b8e54a77c38466f9aa46b7c9
"storage/resource-library/previews/35b5b8336ba010087de3e7392898f1f7693b6d32d9d77c6428b55ec88dca95db/30.jpg",80732,52d7a81fdf5db3f7e2270821a20a25e979caaa00b73114404a160916213103d5
"storage/resource-library/previews/35b5b8336ba010087de3e7392898f1f7693b6d32d9d77c6428b55ec88dca95db/31.jpg",150653,61abd7d5c7e4cf818a9721395205637cf260d688e1aba74b42242ca38f50edb7
"storage/resource-library/previews/35b5b8336ba010087de3e7392898f1f7693b6d32d9d77c6428b55ec88dca95db/32.jpg",108871,3226f0a909b61000b7f3094174692c21b05b3d703fe4b501dd279db2f29b1e70
"storage/resource-library/previews/35b5b8336ba010087de3e7392898f1f7693b6d32d9d77c6428b55ec88dca95db/33.jpg",116400,beb78cbff1935cb32088b9d8f852b4b8790a222cde933874e1bdc411d534e303
"storage/resource-library/previews/35b5b8336ba010087de3e7392898f1f7693b6d32d9d77c6428b55ec88dca95db/34.jpg",101389,5390ce35ff1ef3931c4735730537e7a4c93d2c41bec137a2d9c4c4f7d75f0bef
"storage/resource-library/previews/35b5b8336ba010087de3e7392898f1f7693b6d32d9d77c6428b55ec88dca95db/35.jpg",128658,87a52eaf40834a32755c0c9a015e1bc0ea4fa516006b605544965d484efa8c8a
"storage/resource-library/previews/35b5b8336ba010087de3e7392898f1f7693b6d32d9d77c6428b55ec88dca95db/36.jpg",96592,6df48e470b52cf80a4c4ea85663159a15fec393293f723037a1d6b7c415a0776
"storage/resource-library/previews/35b5b8336ba010087de3e7392898f1f7693b6d32d9d77c6428b55ec88dca95db/37.jpg",93490,0a0e2c345655fd0d9699e7e667c73320e0425436304cbd8fa0a58bd3ec3b0e4e
"storage/resource-library/previews/35b5b8336ba010087de3e7392898f1f7693b6d32d9d77c6428b55ec88dca95db/38.jpg",89336,de58261ee947d468d802a050d27de7248f206414a652d7054bec367ac6f594fb
"storage/resource-library/previews/35b5b8336ba010087de3e7392898f1f7693b6d32d9d77c6428b55ec88dca95db/39.jpg",84007,43a25e9cb992c44a2f2865ffcf32837b9396ec2ac04bbf242eb97abd655bf909
"storage/resource-library/previews/35b5b8336ba010087de3e7392898f1f7693b6d32d9d77c6428b55ec88dca95db/4.jpg",62060,6304f904f972e68661861b322875ababd927103040625307edf95353b1a27d50
"storage/resource-library/previews/35b5b8336ba010087de3e7392898f1f7693b6d32d9d77c6428b55ec88dca95db/40.jpg",119006,b12ac78b7f6158a311360107f0021d4942ff5bb6f19c2df71ee6b4ba1030b697
"storage/resource-library/previews/35b5b8336ba010087de3e7392898f1f7693b6d32d9d77c6428b55ec88dca95db/41.jpg",90945,192fee68274b616b342828352ff943732736cc13159deb66ce500f24665578e0
"storage/resource-library/previews/35b5b8336ba010087de3e7392898f1f7693b6d32d9d77c6428b55ec88dca95db/42.jpg",117790,39bfedc86fddef86dd6aea85a3f0ff130e0bd8d4a6ae4e30b5bcc4f9d80ee66c
"storage/resource-library/previews/35b5b8336ba010087de3e7392898f1f7693b6d32d9d77c6428b55ec88dca95db/43.jpg",92602,62f2a1ab28f670fbb233c9108f22b3b48fbc5579ce8a6a888cd24a63d0c56fbf
"storage/resource-library/previews/35b5b8336ba010087de3e7392898f1f7693b6d32d9d77c6428b55ec88dca95db/44.jpg",82752,3b9be34088e82fdbc87453fb6625a45bf8950151591618f426e19eaf7e642fa7
"storage/resource-library/previews/35b5b8336ba010087de3e7392898f1f7693b6d32d9d77c6428b55ec88dca95db/45.jpg",92238,92efffd125db7389b858cae80cfa2a20195cc13db727c5582b5a8d6cdf4c315f
"storage/resource-library/previews/35b5b8336ba010087de3e7392898f1f7693b6d32d9d77c6428b55ec88dca95db/46.jpg",84407,881dea4d099ef18e8d7412c269ba4e1b7e2e3b9272b8afb65184c1dd90a26094
"storage/resource-library/previews/35b5b8336ba010087de3e7392898f1f7693b6d32d9d77c6428b55ec88dca95db/47.jpg",88495,bc1d88618e21814172ac03baeb254ec54a47ea3be30182fb21243a2d3930bd15
"storage/resource-library/previews/35b5b8336ba010087de3e7392898f1f7693b6d32d9d77c6428b55ec88dca95db/48.jpg",86815,6396a28e2118b4ca8421848bd95e1f7ca1e30f900e235c5d3e0d8cc792afbe3a
"storage/resource-library/previews/35b5b8336ba010087de3e7392898f1f7693b6d32d9d77c6428b55ec88dca95db/49.jpg",84814,49a32716ea38119d7a7dad07fa2716880a7b632224df34a618405e9b4a96f4d9
"storage/resource-library/previews/35b5b8336ba010087de3e7392898f1f7693b6d32d9d77c6428b55ec88dca95db/5.jpg",169290,b78f678021d5e586a802ecd57214953d272f879e4753976d23b5031e6648c559
"storage/resource-library/previews/35b5b8336ba010087de3e7392898f1f7693b6d32d9d77c6428b55ec88dca95db/50.jpg",95586,6027cf5899def9099519707d1029866086bf8cf002ae7a5c8c21b6635c934cc4
"storage/resource-library/previews/35b5b8336ba010087de3e7392898f1f7693b6d32d9d77c6428b55ec88dca95db/51.jpg",53817,bb8dae128c1f5d934fdd40b30b58d773e4aba658d6f1a0eeb74c7d83fb4aba02
"storage/resource-library/previews/35b5b8336ba010087de3e7392898f1f7693b6d32d9d77c6428b55ec88dca95db/52.jpg",126996,374cd1c1c7512c2fe81df0eb31eb8b6f85548885e509d91df5005b91f8752311
"storage/resource-library/previews/35b5b8336ba010087de3e7392898f1f7693b6d32d9d77c6428b55ec88dca95db/53.jpg",75997,f6a3ee0cbce61249561721a6c1f79e1f3d20b8542708143b64014616161575fa
"storage/resource-library/previews/35b5b8336ba010087de3e7392898f1f7693b6d32d9d77c6428b55ec88dca95db/54.jpg",89562,1437ef3852101d94a2814ceb71a4768abecba8313e295f4fd704124a14655794
"storage/resource-library/previews/35b5b8336ba010087de3e7392898f1f7693b6d32d9d77c6428b55ec88dca95db/55.jpg",84313,a25b0470ae1474370b32b8f2ff7b2dc21540ff83814fe24f6d9c8f3f67daebc6
"storage/resource-library/previews/35b5b8336ba010087de3e7392898f1f7693b6d32d9d77c6428b55ec88dca95db/56.jpg",75306,990c2c82f277eb8a4fd1c1d21c8f3a2f28ea58c36314e277b80ed1ac6489be8f
"storage/resource-library/previews/35b5b8336ba010087de3e7392898f1f7693b6d32d9d77c6428b55ec88dca95db/57.jpg",86939,c2495f605ca53b9a071ca6e1a8850a0f8bf83a355e42abd45458444b001676dd
"storage/resource-library/previews/35b5b8336ba010087de3e7392898f1f7693b6d32d9d77c6428b55ec88dca95db/58.jpg",75260,7ce5cfec7ba730ac1f626241254714ee02297c8a4747747a413e977deac57d34
"storage/resource-library/previews/35b5b8336ba010087de3e7392898f1f7693b6d32d9d77c6428b55ec88dca95db/59.jpg",84742,671787be2d14cac435fff783c7a3db3d1f92704df621fe4147b01f264a8406e2
"storage/resource-library/previews/35b5b8336ba010087de3e7392898f1f7693b6d32d9d77c6428b55ec88dca95db/6.jpg",122727,a8af1485754dcb07caa70a88ffd946bfac4fa9dd6e7c28eabf0c9f6cc0c2664a
"storage/resource-library/previews/35b5b8336ba010087de3e7392898f1f7693b6d32d9d77c6428b55ec88dca95db/60.jpg",98783,0b98311feb7b63f7ff31f0b1509d4d09f1e7d1e3c985f76afdbe8c4a4512562f
"storage/resource-library/previews/35b5b8336ba010087de3e7392898f1f7693b6d32d9d77c6428b55ec88dca95db/61.jpg",80478,22dd9783cf9daf83b64ed08418167a95e80ca1d94480b0137b4b151af5ab6d07
"storage/resource-library/previews/35b5b8336ba010087de3e7392898f1f7693b6d32d9d77c6428b55ec88dca95db/62.jpg",93123,6544b0519dcfc5f97c06259e4e5b1ee039cd5d9abedfcba664775c9f678528be
"storage/resource-library/previews/35b5b8336ba010087de3e7392898f1f7693b6d32d9d77c6428b55ec88dca95db/63.jpg",114478,24bb7b6a0a26b4bd59158f3a312350849bd5f6a52bb8cd299f672290c4b1a4c7
"storage/resource-library/previews/35b5b8336ba010087de3e7392898f1f7693b6d32d9d77c6428b55ec88dca95db/64.jpg",94603,4ddf55f606791f491fdabcb8c1547b8362be4aae4104eda9312ecce15641a992
"storage/resource-library/previews/35b5b8336ba010087de3e7392898f1f7693b6d32d9d77c6428b55ec88dca95db/65.jpg",78347,8388f70fc96fbdfc128323d6b52fc16ee8595809523224158ef6ac15bdc3ec2e
"storage/resource-library/previews/35b5b8336ba010087de3e7392898f1f7693b6d32d9d77c6428b55ec88dca95db/66.jpg",79360,a0f38084f9905cf2c042c71670164b64c14c056537aca1bcdf13725a8e1c797e
"storage/resource-library/previews/35b5b8336ba010087de3e7392898f1f7693b6d32d9d77c6428b55ec88dca95db/67.jpg",83058,8eaa04c7cbf0de83de72d7c79c72bbe010f00f6c574cea28aa13a3e21afc1085
"storage/resource-library/previews/35b5b8336ba010087de3e7392898f1f7693b6d32d9d77c6428b55ec88dca95db/68.jpg",113344,20f0dd6335a830948404d6e7b818577de970723211a87ecc7dcc7abcf906c33f
"storage/resource-library/previews/35b5b8336ba010087de3e7392898f1f7693b6d32d9d77c6428b55ec88dca95db/69.jpg",111698,79f03a7fe6ea4c3711bcd03e8b67a47d608af3fe54b5781971725e1397afba23
"storage/resource-library/previews/35b5b8336ba010087de3e7392898f1f7693b6d32d9d77c6428b55ec88dca95db/7.jpg",99599,333e564505a99186db281eda5f1b5ec2cb4e85a21d0ce6087f531a5df8842e33
"storage/resource-library/previews/35b5b8336ba010087de3e7392898f1f7693b6d32d9d77c6428b55ec88dca95db/70.jpg",77290,4f7eb7bcaab12a352f266cdee5a914988714fbcc19b726894f36b851b911ee51
"storage/resource-library/previews/35b5b8336ba010087de3e7392898f1f7693b6d32d9d77c6428b55ec88dca95db/71.jpg",79291,8a725ec0d19028354fd8cad90cb6e591d208cf3d8e57b32f11e6881c5102aa60
"storage/resource-library/previews/35b5b8336ba010087de3e7392898f1f7693b6d32d9d77c6428b55ec88dca95db/72.jpg",79273,4867302e8920325107613d8266e11724cf737c8586f283316c717bec274e8632
"storage/resource-library/previews/35b5b8336ba010087de3e7392898f1f7693b6d32d9d77c6428b55ec88dca95db/73.jpg",105440,60d95d8a604e36b550473203080d5eea6c7f7575b7175e8b830a8647b083a61b
"storage/resource-library/previews/35b5b8336ba010087de3e7392898f1f7693b6d32d9d77c6428b55ec88dca95db/74.jpg",111237,cfd69f647e7c14e9817277550d8f6f1ecdd29016baa9d99094f91cae3801a32b
"storage/resource-library/previews/35b5b8336ba010087de3e7392898f1f7693b6d32d9d77c6428b55ec88dca95db/75.jpg",96821,cac7904f79fd047d204a395083cd940df2b625d11089f0fcc1b0c5240cc25041
"storage/resource-library/previews/35b5b8336ba010087de3e7392898f1f7693b6d32d9d77c6428b55ec88dca95db/76.jpg",129355,9a6ee42220706f83053075d51b5bf797592bf8f65f1862ace0e8335ce28169c9
"storage/resource-library/previews/35b5b8336ba010087de3e7392898f1f7693b6d32d9d77c6428b55ec88dca95db/77.jpg",78143,eacad15054bd67f9c061ef04859f3f1ffe521edfd3fff741c4b699d0b0f6fa27
"storage/resource-library/previews/35b5b8336ba010087de3e7392898f1f7693b6d32d9d77c6428b55ec88dca95db/78.jpg",92809,de3c317c41c8df3aa96aeb7d86b21e69cbf58c75636a02bd8616ddd20cdd63ab
"storage/resource-library/previews/35b5b8336ba010087de3e7392898f1f7693b6d32d9d77c6428b55ec88dca95db/79.jpg",86985,53c865399c4b21cc070c902acd52dfbf20d25c4a87a277f4e276b31782aeda02
"storage/resource-library/previews/35b5b8336ba010087de3e7392898f1f7693b6d32d9d77c6428b55ec88dca95db/8.jpg",108477,f417b253830338705d489e8d01734e0022bbdaa32673d0db560a15d22cc534c4
"storage/resource-library/previews/35b5b8336ba010087de3e7392898f1f7693b6d32d9d77c6428b55ec88dca95db/80.jpg",67232,bfae4be515b8a3eb40bbc62fbb51b8e040a171a12caa3d019c7e48b81b2d0f48
"storage/resource-library/previews/35b5b8336ba010087de3e7392898f1f7693b6d32d9d77c6428b55ec88dca95db/81.jpg",95449,54b0b5b6b50502edd0f6d7699bf9e3f546dea3549cb6f852c357aa48c04473e6
"storage/resource-library/previews/35b5b8336ba010087de3e7392898f1f7693b6d32d9d77c6428b55ec88dca95db/82.jpg",93956,58eaf47a1ee45278354a3b7ff635f3318d283abe76e0728030bae91be846d258
"storage/resource-library/previews/35b5b8336ba010087de3e7392898f1f7693b6d32d9d77c6428b55ec88dca95db/83.jpg",105827,f2e31a3e7a71702686899ed08c12cae0a3e3cf900b78c6311a3eff88762f94ba
"storage/resource-library/previews/35b5b8336ba010087de3e7392898f1f7693b6d32d9d77c6428b55ec88dca95db/84.jpg",113325,49d8483258379f0ff27e1fc6362ab7ca6470522c2fe7ddcd4f489adda74ebe39
"storage/resource-library/previews/35b5b8336ba010087de3e7392898f1f7693b6d32d9d77c6428b55ec88dca95db/85.jpg",69253,53ba9a1f2ac31d2689bf4385485eee20fc16f1e3ddd9da8433fa9ceb8e45ed32
"storage/resource-library/previews/35b5b8336ba010087de3e7392898f1f7693b6d32d9d77c6428b55ec88dca95db/86.jpg",84530,bbfb226e636007dceb9a549395e1c05436d768a5ca8c90de3682d73e5d3cf1a2
"storage/resource-library/previews/35b5b8336ba010087de3e7392898f1f7693b6d32d9d77c6428b55ec88dca95db/87.jpg",95068,8b8d3d81a5b770f9519f2e5a191da75461e3998fec1772068df2c9e4027e0eba
"storage/resource-library/previews/35b5b8336ba010087de3e7392898f1f7693b6d32d9d77c6428b55ec88dca95db/88.jpg",100142,cb0a36052bfc7b606b3808923e2f1afe44b0eb330865234df57e4711d0f2e7bb
"storage/resource-library/previews/35b5b8336ba010087de3e7392898f1f7693b6d32d9d77c6428b55ec88dca95db/89.jpg",81344,c988ec76bf76c6ec999f66f396b0905aa9091ab65ad63ad43c5fb1ba5ce1d377
"storage/resource-library/previews/35b5b8336ba010087de3e7392898f1f7693b6d32d9d77c6428b55ec88dca95db/9.jpg",106461,2931c4149df97d273a732efe489e40797b4c6534777c146fed7ba9ad16e91b88
"storage/resource-library/previews/35b5b8336ba010087de3e7392898f1f7693b6d32d9d77c6428b55ec88dca95db/90.jpg",106434,e6fd697aee8696d8c978cef14a79e589e0be1a8e11734ed7070c66338e1c6344
"storage/resource-library/previews/35b5b8336ba010087de3e7392898f1f7693b6d32d9d77c6428b55ec88dca95db/91.jpg",88654,bf678d7c09d2ad3ef347c331ef65fc8a73bf78c6d5cfecb84105759208a9665a
"storage/resource-library/previews/35b5b8336ba010087de3e7392898f1f7693b6d32d9d77c6428b55ec88dca95db/92.jpg",93082,05a5913ad42db2d9bda32c8ffa61347b6906e3da7c34911080cc973f782fbe33
"storage/resource-library/previews/35b5b8336ba010087de3e7392898f1f7693b6d32d9d77c6428b55ec88dca95db/93.jpg",102029,18a5c0c2df42071eb10e9ac6cfe228a27b19607a4a23147cc83203881977ce7f
"storage/resource-library/previews/35b5b8336ba010087de3e7392898f1f7693b6d32d9d77c6428b55ec88dca95db/94.jpg",109793,2be6d5907f3dd2669a8c3881abf79f1ca9020e947f5fd450158e65aeea20784e
"storage/resource-library/previews/35b5b8336ba010087de3e7392898f1f7693b6d32d9d77c6428b55ec88dca95db/95.jpg",106108,5350cf018f1f3259551b333dbca3ab349e3ab1dadffc51b76349e608d30180f1
"storage/resource-library/previews/35b5b8336ba010087de3e7392898f1f7693b6d32d9d77c6428b55ec88dca95db/96.jpg",98302,51d8a7556d25fe20d9c4c92b77377603a2cda95362fc822f706c842c664e37ce
"storage/resource-library/previews/35b5b8336ba010087de3e7392898f1f7693b6d32d9d77c6428b55ec88dca95db/97.jpg",85503,45bf82845f8c24963347ccec59e465534f5ca8c9b93f6467ee05139cdda77133
"storage/resource-library/previews/35b5b8336ba010087de3e7392898f1f7693b6d32d9d77c6428b55ec88dca95db/98.jpg",97886,574cee41da3b689295bc315e946c0c3547346ec49b9174a064665198bb0be6bb
"storage/resource-library/previews/35b5b8336ba010087de3e7392898f1f7693b6d32d9d77c6428b55ec88dca95db/99.jpg",73021,da424039fbbb6082678cf16492e8d62133a72286c03fa4af859eac0908c7f934
"storage/resource-library/previews/35b5b8336ba010087de3e7392898f1f7693b6d32d9d77c6428b55ec88dca95db/manifest.json",14,7657bcdbee37ac16f6d7e53aae36656b5467c508b8a43068d8c317a74321451d
"storage/resource-library/previews/48ccbcb396104457a7a7ad10d35aeb2777a4a8c9733fcfb725df7e13003df6ca/1.jpg",71451,5f00bd5eb2c22e1ec9438397890a17e617fe71d072151d84afd424be6e83b166
"storage/resource-library/previews/48ccbcb396104457a7a7ad10d35aeb2777a4a8c9733fcfb725df7e13003df6ca/10.jpg",160554,a68bf96c463b071d1474c24c219069ff42ed32e3620ae6e127fb8ab4fc20cb69
"storage/resource-library/previews/48ccbcb396104457a7a7ad10d35aeb2777a4a8c9733fcfb725df7e13003df6ca/100.jpg",99458,7eaa89917d536a38f65bab1e91dc50881e2a442f2ddf71a1a910cf931f3ff5e4
"storage/resource-library/previews/48ccbcb396104457a7a7ad10d35aeb2777a4a8c9733fcfb725df7e13003df6ca/101.jpg",64670,e14727cd651bccfdbb06206641cd5e65259fa95ae67317cfa1e877fdd64c287f
"storage/resource-library/previews/48ccbcb396104457a7a7ad10d35aeb2777a4a8c9733fcfb725df7e13003df6ca/102.jpg",183048,3addc2252aaed99f67dfd04fb5aaa0e760396862bdb57260e82ea8d59cda2e12
"storage/resource-library/previews/48ccbcb396104457a7a7ad10d35aeb2777a4a8c9733fcfb725df7e13003df6ca/103.jpg",174721,31a715d4856e3653cb885002b49d4957e716379ff35dcd59dfd6010a802717c1
"storage/resource-library/previews/48ccbcb396104457a7a7ad10d35aeb2777a4a8c9733fcfb725df7e13003df6ca/104.jpg",131018,c393161ae86a3c7a465faf2356e67d8fe0062180f399534dcc8a60cce7e14de7
"storage/resource-library/previews/48ccbcb396104457a7a7ad10d35aeb2777a4a8c9733fcfb725df7e13003df6ca/105.jpg",149071,b6d43f6c3fd5b9a73cae73ba50de375ea65a3f8abe241d0850f0779512953192
"storage/resource-library/previews/48ccbcb396104457a7a7ad10d35aeb2777a4a8c9733fcfb725df7e13003df6ca/106.jpg",74315,26255ab019baaaaaf703795dad0e28247c56a679422b719c8aaf5f6df4c551e1
"storage/resource-library/previews/48ccbcb396104457a7a7ad10d35aeb2777a4a8c9733fcfb725df7e13003df6ca/107.jpg",144722,194bbeedc33b8d9549b371fb8b1eda30e9cee65033b10434b641e9cd9b98f945
"storage/resource-library/previews/48ccbcb396104457a7a7ad10d35aeb2777a4a8c9733fcfb725df7e13003df6ca/108.jpg",122518,12796352756c48738d66f1894fa5dc543a5f2de17cadd134befd5f3e57a583b3
"storage/resource-library/previews/48ccbcb396104457a7a7ad10d35aeb2777a4a8c9733fcfb725df7e13003df6ca/109.jpg",111171,3475d100c8bcd2f01c0250695709ccc229c7aa8391c40156695a6a7cff16f2e1
"storage/resource-library/previews/48ccbcb396104457a7a7ad10d35aeb2777a4a8c9733fcfb725df7e13003df6ca/11.jpg",136757,cf7bc94e45e63bb192a424718c26c851951623966319c6b0169a9eebb33140be
"storage/resource-library/previews/48ccbcb396104457a7a7ad10d35aeb2777a4a8c9733fcfb725df7e13003df6ca/110.jpg",105603,975bfa37399ecee99d12036e0338d781b84ba848bdeb4181cbc7c4bd358ef003
"storage/resource-library/previews/48ccbcb396104457a7a7ad10d35aeb2777a4a8c9733fcfb725df7e13003df6ca/111.jpg",112550,12993d3f939e001d1e58a3bfcfdc0a40f0920e1532d94364ca3181b313648f8a
"storage/resource-library/previews/48ccbcb396104457a7a7ad10d35aeb2777a4a8c9733fcfb725df7e13003df6ca/112.jpg",140490,7d1bf66824df2e9ddd8d1c1a6624926eeee0aa7578ac875d364152eeeb1a6a59
"storage/resource-library/previews/48ccbcb396104457a7a7ad10d35aeb2777a4a8c9733fcfb725df7e13003df6ca/113.jpg",99309,139e2619d1bc8172ec680593a692ac257ee955ba4caf6f98f245bc3532b669c5
"storage/resource-library/previews/48ccbcb396104457a7a7ad10d35aeb2777a4a8c9733fcfb725df7e13003df6ca/114.jpg",116013,cfc5d7bb93b2560bf26e0fff3e909e86af07f6d3df58ff939d52c17e34ec6d60
"storage/resource-library/previews/48ccbcb396104457a7a7ad10d35aeb2777a4a8c9733fcfb725df7e13003df6ca/115.jpg",146827,dc1db5cea7b7f4024c21cdfa40d2014deed460f3aed6807662af892aa76c1838
"storage/resource-library/previews/48ccbcb396104457a7a7ad10d35aeb2777a4a8c9733fcfb725df7e13003df6ca/116.jpg",107467,b4c52037c9d9f59fed8f157bbbea8c93a6cda58057945802f6e1645dbed44031
"storage/resource-library/previews/48ccbcb396104457a7a7ad10d35aeb2777a4a8c9733fcfb725df7e13003df6ca/117.jpg",135729,d014ee6e4837cb539f90341be2da92181c25a465dc7b9ce04f7774d2e2889818
"storage/resource-library/previews/48ccbcb396104457a7a7ad10d35aeb2777a4a8c9733fcfb725df7e13003df6ca/118.jpg",97618,c67bd2fe5fe3598dcf39c069505746e11a6a35bfe9c3ceffe46b242bf0eb1a8a
"storage/resource-library/previews/48ccbcb396104457a7a7ad10d35aeb2777a4a8c9733fcfb725df7e13003df6ca/119.jpg",128209,4ff8bdddebe8e0a165a9f10a4f11ab42cd173aed9a2ff8879cc174d40c1cb519
"storage/resource-library/previews/48ccbcb396104457a7a7ad10d35aeb2777a4a8c9733fcfb725df7e13003df6ca/12.jpg",128923,205137da0c30411a333b2f75694d6f23fe076b33c5bc0a645f2fef54531816a4
"storage/resource-library/previews/48ccbcb396104457a7a7ad10d35aeb2777a4a8c9733fcfb725df7e13003df6ca/120.jpg",107582,8cec15262dc1cb9fc0c85ab6bb9be02a64d94fac4e7f87682f6c8555594aa3fe
"storage/resource-library/previews/48ccbcb396104457a7a7ad10d35aeb2777a4a8c9733fcfb725df7e13003df6ca/121.jpg",142175,64dcb42b7af2a2951ea1229a30b6fae1a501c5f416b44940c424358d64a34d67
"storage/resource-library/previews/48ccbcb396104457a7a7ad10d35aeb2777a4a8c9733fcfb725df7e13003df6ca/122.jpg",97191,216c0b5a6b73da09c4aee4bb46c6af7001653495f7bfadc5f8d7e4d1c04d6b59
"storage/resource-library/previews/48ccbcb396104457a7a7ad10d35aeb2777a4a8c9733fcfb725df7e13003df6ca/123.jpg",101542,10e1542c139d53f7a964ebc3ea8a614a780a42d87f07d6e54c90b78f5dc95a80
"storage/resource-library/previews/48ccbcb396104457a7a7ad10d35aeb2777a4a8c9733fcfb725df7e13003df6ca/124.jpg",111062,9143aa8c7634892254000ceb5f69de767fa5302e685b689596e007c678a89b69
"storage/resource-library/previews/48ccbcb396104457a7a7ad10d35aeb2777a4a8c9733fcfb725df7e13003df6ca/125.jpg",142886,cc6a697b68a4421828dfaf1f9aa3999e777cee341305f88e9c9b8935ea673ae6
"storage/resource-library/previews/48ccbcb396104457a7a7ad10d35aeb2777a4a8c9733fcfb725df7e13003df6ca/126.jpg",120862,d86ed9d8a7fa25569d792b8f221b9d48a3cf1311951256d4f64df2691365545a
"storage/resource-library/previews/48ccbcb396104457a7a7ad10d35aeb2777a4a8c9733fcfb725df7e13003df6ca/127.jpg",108843,004036e13255f6fd8073132583cac9816e7159b26df43703e3542fbb5fa4ff27
"storage/resource-library/previews/48ccbcb396104457a7a7ad10d35aeb2777a4a8c9733fcfb725df7e13003df6ca/128.jpg",111730,e2530f42c9f0ec443a7a576dbf93ebdd2c4bbda33e6acccb27093233213e9c03
"storage/resource-library/previews/48ccbcb396104457a7a7ad10d35aeb2777a4a8c9733fcfb725df7e13003df6ca/129.jpg",90424,b761421faf67f4e464e2135ca6823d2e2f1c81ee614b3f9361e08c1d79cddaab
"storage/resource-library/previews/48ccbcb396104457a7a7ad10d35aeb2777a4a8c9733fcfb725df7e13003df6ca/13.jpg",129521,73cfd234db5fa9fe8abba1eb1958faaa79a760db4e485c89ffaecce5cbc02ee3
"storage/resource-library/previews/48ccbcb396104457a7a7ad10d35aeb2777a4a8c9733fcfb725df7e13003df6ca/130.jpg",110431,82078e43c9334d41b3d20fcb0c72d3c22fc8c16f30bc77fe943d21638486ab1b
"storage/resource-library/previews/48ccbcb396104457a7a7ad10d35aeb2777a4a8c9733fcfb725df7e13003df6ca/131.jpg",134960,82a1fc68ac7d1459f6854428c564a04d3da3faced61879c7aa00b8ed7f673c39
"storage/resource-library/previews/48ccbcb396104457a7a7ad10d35aeb2777a4a8c9733fcfb725df7e13003df6ca/132.jpg",82581,b1697f18204e22896dd5e0d13eb2e8ea65b1e6d7821471412c881387387981b9
"storage/resource-library/previews/48ccbcb396104457a7a7ad10d35aeb2777a4a8c9733fcfb725df7e13003df6ca/133.jpg",106659,68c43e9c955b1c828b8b5ac04d5067bf9d8455203bce2f65affe2732aad73449
"storage/resource-library/previews/48ccbcb396104457a7a7ad10d35aeb2777a4a8c9733fcfb725df7e13003df6ca/134.jpg",94436,33850b4eafdbafe424d7538d231f24bfc1dc14be586af4a10782504c088b1d36
"storage/resource-library/previews/48ccbcb396104457a7a7ad10d35aeb2777a4a8c9733fcfb725df7e13003df6ca/135.jpg",113812,7a57ea4a1be79d63605aa6028abb56f075d41ddb3b2005b1b1d04ee560a7faa8
"storage/resource-library/previews/48ccbcb396104457a7a7ad10d35aeb2777a4a8c9733fcfb725df7e13003df6ca/136.jpg",122480,a261b5d4a31f677fa95de7c7b2c6a8d94736c6ed8dbadc2a5b645b3ce1d90ac7
"storage/resource-library/previews/48ccbcb396104457a7a7ad10d35aeb2777a4a8c9733fcfb725df7e13003df6ca/137.jpg",114764,a00714c4835add84168cb1af5b3c8aeb271d65d3bd359ab4974e1cc81e299af3
"storage/resource-library/previews/48ccbcb396104457a7a7ad10d35aeb2777a4a8c9733fcfb725df7e13003df6ca/138.jpg",110985,5b3e0fcb4355543c62e4800883cd7dd3c1f344885d3977ef78b09512e5f9ce89
"storage/resource-library/previews/48ccbcb396104457a7a7ad10d35aeb2777a4a8c9733fcfb725df7e13003df6ca/139.jpg",115410,bf8529bc559cf1c9975fabfd78a545ff1792910467390997a0af501749400967
"storage/resource-library/previews/48ccbcb396104457a7a7ad10d35aeb2777a4a8c9733fcfb725df7e13003df6ca/14.jpg",168237,868f496883107bc2e1f579eb514c6e6c4b93dd1dbef10904ff8680aa29e28559
"storage/resource-library/previews/48ccbcb396104457a7a7ad10d35aeb2777a4a8c9733fcfb725df7e13003df6ca/140.jpg",101847,9588dbc9b92870775cd210016475d741f524efbca87eb3bb00daa5ee581bf284
"storage/resource-library/previews/48ccbcb396104457a7a7ad10d35aeb2777a4a8c9733fcfb725df7e13003df6ca/141.jpg",98960,39d5b0c70b238e24b9588ee2079eaba45485cc21f5100f6030420b436dc18ea4
"storage/resource-library/previews/48ccbcb396104457a7a7ad10d35aeb2777a4a8c9733fcfb725df7e13003df6ca/142.jpg",132312,ac4603547af7e3ee83210cca1096b71164b11d48cd9041586d22cc0d44b5fe60
"storage/resource-library/previews/48ccbcb396104457a7a7ad10d35aeb2777a4a8c9733fcfb725df7e13003df6ca/143.jpg",96250,3b808794683416c38af0f7fa888aa5c745c413dbd902c842cdab2439a9e91e60
"storage/resource-library/previews/48ccbcb396104457a7a7ad10d35aeb2777a4a8c9733fcfb725df7e13003df6ca/144.jpg",104217,01243217bc772fdd165aa87132c4f141a0cb9314084af5ae60f484589e78bf7e
"storage/resource-library/previews/48ccbcb396104457a7a7ad10d35aeb2777a4a8c9733fcfb725df7e13003df6ca/145.jpg",135535,df7c1ff73cd3cf1e0ca50db9169a957aeeeea41cee7cd747168d074628b43b1c
"storage/resource-library/previews/48ccbcb396104457a7a7ad10d35aeb2777a4a8c9733fcfb725df7e13003df6ca/146.jpg",91835,c9382715e45372c19dbb35934ff6f39fd00c2e275fd0e7c736d66d35fc6f8590
"storage/resource-library/previews/48ccbcb396104457a7a7ad10d35aeb2777a4a8c9733fcfb725df7e13003df6ca/147.jpg",119681,0293edc3482c682901eabf714a9c77ea27512ca58df01ca179c9a49f79d48dbc
"storage/resource-library/previews/48ccbcb396104457a7a7ad10d35aeb2777a4a8c9733fcfb725df7e13003df6ca/148.jpg",146419,4a9dda5ffb040d7b0f382f749e87e6321943005892704b38fabef7f0d2536e1e
"storage/resource-library/previews/48ccbcb396104457a7a7ad10d35aeb2777a4a8c9733fcfb725df7e13003df6ca/149.jpg",194737,9c20dcdc183c1addb9c7d4b154c9b4dbdf126ba3844d8346830ae21f5fc023f8
"storage/resource-library/previews/48ccbcb396104457a7a7ad10d35aeb2777a4a8c9733fcfb725df7e13003df6ca/15.jpg",189369,4bfee9544df02dfaa3d96372ee8fdfb622d14e7218f7dd61218eacc4cd36f559
"storage/resource-library/previews/48ccbcb396104457a7a7ad10d35aeb2777a4a8c9733fcfb725df7e13003df6ca/150.jpg",165457,b26af56673a5131f94542b99d8006c0affda1e6cfc49fe6af84c30b5ef237190
"storage/resource-library/previews/48ccbcb396104457a7a7ad10d35aeb2777a4a8c9733fcfb725df7e13003df6ca/151.jpg",115605,cfe382d5c6d941b3640a983c614bf6be74e4801f5c8894127fb98ef09f867b58
"storage/resource-library/previews/48ccbcb396104457a7a7ad10d35aeb2777a4a8c9733fcfb725df7e13003df6ca/152.jpg",119309,38f0566cb0d81b49269ff8c03281da0ce36382875295d7bb3ed0e07c003dc1b7
"storage/resource-library/previews/48ccbcb396104457a7a7ad10d35aeb2777a4a8c9733fcfb725df7e13003df6ca/153.jpg",137858,a0e728a09c5c05df1f70be0fc2fe472b9df0b4a0d7e720b16bcb80764b586fce
"storage/resource-library/previews/48ccbcb396104457a7a7ad10d35aeb2777a4a8c9733fcfb725df7e13003df6ca/154.jpg",92713,39705aba980285cdddad9cf1001438d20c261d8278b3810e74ae166817318166
"storage/resource-library/previews/48ccbcb396104457a7a7ad10d35aeb2777a4a8c9733fcfb725df7e13003df6ca/155.jpg",144118,f93a2e46613573128f3b772a5b96b42f26dab5607d120819260414f79da2a0e5
"storage/resource-library/previews/48ccbcb396104457a7a7ad10d35aeb2777a4a8c9733fcfb725df7e13003df6ca/156.jpg",126829,a5749776fe588a0d5760327b1921cd7251078986ed0691b259191aa648b3a77a
"storage/resource-library/previews/48ccbcb396104457a7a7ad10d35aeb2777a4a8c9733fcfb725df7e13003df6ca/157.jpg",98614,5b34c0b698219dcf3d8c478e229908f31e63ed14d064332211e873a30a502ffb
"storage/resource-library/previews/48ccbcb396104457a7a7ad10d35aeb2777a4a8c9733fcfb725df7e13003df6ca/158.jpg",52910,4fe0719ee210bd5027ba9bb4f3e426c000ad45fb0ff634cced15e29aa9162134
"storage/resource-library/previews/48ccbcb396104457a7a7ad10d35aeb2777a4a8c9733fcfb725df7e13003df6ca/159.jpg",160916,e4406d254aa171c2d29abb9f25ab9ad3c750e298bb70191ceae58b43858326cb
"storage/resource-library/previews/48ccbcb396104457a7a7ad10d35aeb2777a4a8c9733fcfb725df7e13003df6ca/16.jpg",81394,29db5a700e1e97d9af6a6eabf3426bc13376f05b4134ccad4abe2846b89ad284
"storage/resource-library/previews/48ccbcb396104457a7a7ad10d35aeb2777a4a8c9733fcfb725df7e13003df6ca/160.jpg",133215,d7735a1381e16fb8245eb0bf0f3cdb08c63a359c74c09f9efbde9909a61681e8
"storage/resource-library/previews/48ccbcb396104457a7a7ad10d35aeb2777a4a8c9733fcfb725df7e13003df6ca/161.jpg",88594,69e3b4508be53dac2215beb42ddf164aa3bbc893b1a4f1097d661fe8a409f470
"storage/resource-library/previews/48ccbcb396104457a7a7ad10d35aeb2777a4a8c9733fcfb725df7e13003df6ca/162.jpg",77831,3c90111d7bd3f2617e475043d7058bedd4c21a77233626d2384c3163ba68d788
"storage/resource-library/previews/48ccbcb396104457a7a7ad10d35aeb2777a4a8c9733fcfb725df7e13003df6ca/163.jpg",81996,29cdb0dde8faf9fb51eef986e875faa7bc8449b72da1f46387e1c7f34e01f196
"storage/resource-library/previews/48ccbcb396104457a7a7ad10d35aeb2777a4a8c9733fcfb725df7e13003df6ca/164.jpg",120911,76d742064eb52ce9ba0eb3d683a2619d7e9be196bff7a0698415098891609a8c
"storage/resource-library/previews/48ccbcb396104457a7a7ad10d35aeb2777a4a8c9733fcfb725df7e13003df6ca/165.jpg",141301,3b2d3c61216fb38e79fc2ae4635ca9bdb3331d5148c9dab6a47780423dc86ba4
"storage/resource-library/previews/48ccbcb396104457a7a7ad10d35aeb2777a4a8c9733fcfb725df7e13003df6ca/166.jpg",66103,1a7833f3eb4c2e0844cac179d0c70201d7af94f1f594668e5f242d6b6ef307a6
"storage/resource-library/previews/48ccbcb396104457a7a7ad10d35aeb2777a4a8c9733fcfb725df7e13003df6ca/167.jpg",80964,69d4c40986853d81723ac8e88f35ec7f6b7fcc3e30f18ef3c6d2731b16bb373b
"storage/resource-library/previews/48ccbcb396104457a7a7ad10d35aeb2777a4a8c9733fcfb725df7e13003df6ca/168.jpg",108885,8ad605d507cadfb46429306b574106a7ddc6a0365073c3ae3ce9d3114ff4d23a
"storage/resource-library/previews/48ccbcb396104457a7a7ad10d35aeb2777a4a8c9733fcfb725df7e13003df6ca/169.jpg",74543,44cac37b5348ff9ee62aca5a0d18a53ad48e446bcda7e10b1321e7fc430d5d74
"storage/resource-library/previews/48ccbcb396104457a7a7ad10d35aeb2777a4a8c9733fcfb725df7e13003df6ca/17.jpg",138744,ab56ce3bf3c104c49fda2bc4157fd67a74def7b5b0bb4cad391a50c5d5e6cd0d
"storage/resource-library/previews/48ccbcb396104457a7a7ad10d35aeb2777a4a8c9733fcfb725df7e13003df6ca/170.jpg",128726,7b83e3d407a9e16562b4916a64bab9560ea80621aeb6f2c26b8f673f33cf712b
"storage/resource-library/previews/48ccbcb396104457a7a7ad10d35aeb2777a4a8c9733fcfb725df7e13003df6ca/171.jpg",100166,ccb2be65b3a06a13d951277584cde413e40f31e13f8ee2ef58ab138b50aecd77
"storage/resource-library/previews/48ccbcb396104457a7a7ad10d35aeb2777a4a8c9733fcfb725df7e13003df6ca/172.jpg",98889,7697b35822f2ea0cb8cf8f5516d368c32cb6cb7ac288a0995ece53932e0d142d
"storage/resource-library/previews/48ccbcb396104457a7a7ad10d35aeb2777a4a8c9733fcfb725df7e13003df6ca/173.jpg",85037,7d29caea3aa75c5f74cfa68275753b52528669a019e8f57c279eabb3e0b0e66d
"storage/resource-library/previews/48ccbcb396104457a7a7ad10d35aeb2777a4a8c9733fcfb725df7e13003df6ca/174.jpg",151759,30f19a0bc11cc2fbe8e9b0428a8201129a1bc1126bdbd1189ecf17974cdb3ee7
"storage/resource-library/previews/48ccbcb396104457a7a7ad10d35aeb2777a4a8c9733fcfb725df7e13003df6ca/175.jpg",107703,21e8b4308af7e6285aea401f7829f48f8164184470577bec54ec1c96244ebd29
"storage/resource-library/previews/48ccbcb396104457a7a7ad10d35aeb2777a4a8c9733fcfb725df7e13003df6ca/176.jpg",84610,e53c1ebd22a2ca8a69d640162e316c18e58ad1ff8b07a0e2db9f15bd1a6b4137
"storage/resource-library/previews/48ccbcb396104457a7a7ad10d35aeb2777a4a8c9733fcfb725df7e13003df6ca/177.jpg",88451,7435d934dcefa3aeb1e5156000957ba3674b1b02772ab57151c1f3b5b9db1fbb
"storage/resource-library/previews/48ccbcb396104457a7a7ad10d35aeb2777a4a8c9733fcfb725df7e13003df6ca/178.jpg",98157,063e5a24198ee5ba3aa4dc6ac97f98f2d0984356a81b5bef9688872bf4efc5af
"storage/resource-library/previews/48ccbcb396104457a7a7ad10d35aeb2777a4a8c9733fcfb725df7e13003df6ca/179.jpg",94088,a1cd2b2c7f3499169df4269a23cdb144fa6a5596c491fff86bb28af2b7a97a77
"storage/resource-library/previews/48ccbcb396104457a7a7ad10d35aeb2777a4a8c9733fcfb725df7e13003df6ca/18.jpg",106649,10d16c956873cf106c0e18034b93313dbd12b56fb09145d28fc86b2785bf844e
"storage/resource-library/previews/48ccbcb396104457a7a7ad10d35aeb2777a4a8c9733fcfb725df7e13003df6ca/180.jpg",81762,7226c6898818b193fbf089ed25b8f1738d7134c7ff0edc7e918a255ee542195a
"storage/resource-library/previews/48ccbcb396104457a7a7ad10d35aeb2777a4a8c9733fcfb725df7e13003df6ca/181.jpg",87173,19e7a8ee3027ad61ccaa58f73afe2679df5782556991217e29052f197efbb0b0
"storage/resource-library/previews/48ccbcb396104457a7a7ad10d35aeb2777a4a8c9733fcfb725df7e13003df6ca/182.jpg",143161,d714eaa13f764dfac0ff38f643e64ae0cc227bb8351503be1a0ea7eb26f4fdfb
"storage/resource-library/previews/48ccbcb396104457a7a7ad10d35aeb2777a4a8c9733fcfb725df7e13003df6ca/19.jpg",144352,22f843f74f64fa240f5e17c2e69cc8f140e6185911ee2a0d4c2956867ed2246b
"storage/resource-library/previews/48ccbcb396104457a7a7ad10d35aeb2777a4a8c9733fcfb725df7e13003df6ca/2.jpg",190581,9d14c5e118572a513a07cce10616512268c4ee28c97fcdc02cb1b99c8a999375
"storage/resource-library/previews/48ccbcb396104457a7a7ad10d35aeb2777a4a8c9733fcfb725df7e13003df6ca/20.jpg",123003,d8084e00eaafe5663ac73a38ddbb6c9dac3c543fb3a78a47807c7077d0468c7b
"storage/resource-library/previews/48ccbcb396104457a7a7ad10d35aeb2777a4a8c9733fcfb725df7e13003df6ca/21.jpg",124553,04e17c80514fa295ddce1063a02418ce6ffd26c3a42f12d39cd5105da9f28d75
"storage/resource-library/previews/48ccbcb396104457a7a7ad10d35aeb2777a4a8c9733fcfb725df7e13003df6ca/22.jpg",120027,13708c6f4960f2a3626494207dd24f24a64d1a15e8532aec3c21f7fd28de4e87
"storage/resource-library/previews/48ccbcb396104457a7a7ad10d35aeb2777a4a8c9733fcfb725df7e13003df6ca/23.jpg",130429,ba43093534d5f59eedeb414f75a349202500026c0bcffab7fb43d35be041f89b
"storage/resource-library/previews/48ccbcb396104457a7a7ad10d35aeb2777a4a8c9733fcfb725df7e13003df6ca/24.jpg",170776,419a6fd02eacefa3a1f21db96bb573b126d4746930cd427034750d35674e39b0
"storage/resource-library/previews/48ccbcb396104457a7a7ad10d35aeb2777a4a8c9733fcfb725df7e13003df6ca/25.jpg",147732,6f50b79751a343094b3e402cf4ca27bbf8b65e64d8a6472726a3182e2840028d
"storage/resource-library/previews/48ccbcb396104457a7a7ad10d35aeb2777a4a8c9733fcfb725df7e13003df6ca/26.jpg",130642,9c2f8279df4399e3420e473b967eae5a61d49356cf4e9ef2ac8857eac9df8efa
"storage/resource-library/previews/48ccbcb396104457a7a7ad10d35aeb2777a4a8c9733fcfb725df7e13003df6ca/27.jpg",161333,e3595af12710d39c3d0dddb48da517cfa0675e4a298565b91f5153d824ca6a9d
"storage/resource-library/previews/48ccbcb396104457a7a7ad10d35aeb2777a4a8c9733fcfb725df7e13003df6ca/28.jpg",123428,cc080c7bbd445f5fbdf03e099a00bfca6d9f78a9867999ee6590c4f1dc2728d5
"storage/resource-library/previews/48ccbcb396104457a7a7ad10d35aeb2777a4a8c9733fcfb725df7e13003df6ca/29.jpg",111394,e07a8ee03ba61072df8d4390eb3090f93f5f9210c4f56a410a7b076a06ae4697
"storage/resource-library/previews/48ccbcb396104457a7a7ad10d35aeb2777a4a8c9733fcfb725df7e13003df6ca/3.jpg",162848,8b9ce4a5f2f5fe1210d8e38b9ffe7e1d3a75f52e4d1eacb44187d440e63ea5de
"storage/resource-library/previews/48ccbcb396104457a7a7ad10d35aeb2777a4a8c9733fcfb725df7e13003df6ca/30.jpg",108166,b8dc80fdb0d0f417ab9ce2a159dc87eb6a51c86ca9360dc01009ce7c4ac0c4d9
"storage/resource-library/previews/48ccbcb396104457a7a7ad10d35aeb2777a4a8c9733fcfb725df7e13003df6ca/31.jpg",127039,f0ccb1c2bf93edc591012c8c64bae30ab90a74c576cf0c7adfd381051556a149
"storage/resource-library/previews/48ccbcb396104457a7a7ad10d35aeb2777a4a8c9733fcfb725df7e13003df6ca/32.jpg",139728,640ff1695573ceb10bb5b7d0db158e9b0769a0880fc123d8cb473776fc3810a3
"storage/resource-library/previews/48ccbcb396104457a7a7ad10d35aeb2777a4a8c9733fcfb725df7e13003df6ca/33.jpg",144071,5bbb6f1d9888e62f4f24c54cca9c992364d9f040e8eb72ca432f709827670cba
"storage/resource-library/previews/48ccbcb396104457a7a7ad10d35aeb2777a4a8c9733fcfb725df7e13003df6ca/34.jpg",149899,01738a754fd290ba49fb1ff8e6c548552d9e5d3ebe6093b4f5aa697342fa19cc
"storage/resource-library/previews/48ccbcb396104457a7a7ad10d35aeb2777a4a8c9733fcfb725df7e13003df6ca/35.jpg",123869,31f4888f886d4144c1f251d5e46f85ea2949c4ea733050997916a42abb583a89
"storage/resource-library/previews/48ccbcb396104457a7a7ad10d35aeb2777a4a8c9733fcfb725df7e13003df6ca/36.jpg",92100,055f9483580e7c5fc4eaf018c01750213bade2c6a5aaec1c446736e8cbe05f92
"storage/resource-library/previews/48ccbcb396104457a7a7ad10d35aeb2777a4a8c9733fcfb725df7e13003df6ca/37.jpg",105440,0fbb56810a78550984a36b8e1f28f2f17ea2d2e3fc3a9b592bd4d9f6dbd057c5
"storage/resource-library/previews/48ccbcb396104457a7a7ad10d35aeb2777a4a8c9733fcfb725df7e13003df6ca/38.jpg",85602,d6a5f9d06b4363aff562fe2bc55c866765590bfe0daae10e884906fbc950b854
"storage/resource-library/previews/48ccbcb396104457a7a7ad10d35aeb2777a4a8c9733fcfb725df7e13003df6ca/39.jpg",118605,b975458817c9ce551e56e9ad3cfc55f444228c876c0416bb4acf188d0fc3cdbc
"storage/resource-library/previews/48ccbcb396104457a7a7ad10d35aeb2777a4a8c9733fcfb725df7e13003df6ca/4.jpg",139736,9480ac2bd7e362425545b6e3771abf2ed9ee3ddbc7edad0f69ebc2c1e64ed41e
"storage/resource-library/previews/48ccbcb396104457a7a7ad10d35aeb2777a4a8c9733fcfb725df7e13003df6ca/40.jpg",89348,f5da2dde723a2b05f64894ad965f3393f9712fec2fd3fb144d8909ad3a9a0391
"storage/resource-library/previews/48ccbcb396104457a7a7ad10d35aeb2777a4a8c9733fcfb725df7e13003df6ca/41.jpg",118608,9feb0a8d062017ed743d143224f2648e1bbf49ee9e21c37c9fb4927e223f9036
"storage/resource-library/previews/48ccbcb396104457a7a7ad10d35aeb2777a4a8c9733fcfb725df7e13003df6ca/42.jpg",124212,b1addaf79b26772226078f5d3782de006af900f154b052178741dc21072712e0
"storage/resource-library/previews/48ccbcb396104457a7a7ad10d35aeb2777a4a8c9733fcfb725df7e13003df6ca/43.jpg",128330,cb6c69f31f257f3b9da27aa3113580331c1d92c5e2c0b02fb56b0f90cef89c47
"storage/resource-library/previews/48ccbcb396104457a7a7ad10d35aeb2777a4a8c9733fcfb725df7e13003df6ca/44.jpg",157444,274064b547176cc6522026fa20425090636b0c55aafcd4f6c16ce72966624aee
"storage/resource-library/previews/48ccbcb396104457a7a7ad10d35aeb2777a4a8c9733fcfb725df7e13003df6ca/45.jpg",117088,af376703ff74a1b068cd2b317e74be2cf67c3fa26f1beed1655de9abbed0268c
"storage/resource-library/previews/48ccbcb396104457a7a7ad10d35aeb2777a4a8c9733fcfb725df7e13003df6ca/46.jpg",138966,79776d0fadfc5057463e3295532ed5dc6876e5570198d68d07502ff852ede056
"storage/resource-library/previews/48ccbcb396104457a7a7ad10d35aeb2777a4a8c9733fcfb725df7e13003df6ca/47.jpg",108285,728632b60140190ce46b2eae0b5f397649c8d2d51a6a24fa5493b05f0a8ef566
"storage/resource-library/previews/48ccbcb396104457a7a7ad10d35aeb2777a4a8c9733fcfb725df7e13003df6ca/48.jpg",88582,d5aebd2ecd347058092b10e3c8217b2e031a51647cf700ccd9d2e7c8b8cae183
"storage/resource-library/previews/48ccbcb396104457a7a7ad10d35aeb2777a4a8c9733fcfb725df7e13003df6ca/49.jpg",94977,b47466b373a90e0eda948125147d26d648400e6389f4661cb9f135071caf5c22
"storage/resource-library/previews/48ccbcb396104457a7a7ad10d35aeb2777a4a8c9733fcfb725df7e13003df6ca/5.jpg",183468,4f5731b091ea276377692183b0bf38f5e6d36896796a6f3029bd8b9d9de557f0
"storage/resource-library/previews/48ccbcb396104457a7a7ad10d35aeb2777a4a8c9733fcfb725df7e13003df6ca/50.jpg",144465,258f53b805694c46cd4292b6d72b52cfe628a4c395aac535fb1ba03e5a0bad05
"storage/resource-library/previews/48ccbcb396104457a7a7ad10d35aeb2777a4a8c9733fcfb725df7e13003df6ca/51.jpg",108974,b5b2da1913945d9e75ebf26b44a3a074c3bb75829d101c3b9da8bd5fc7f8be4f
"storage/resource-library/previews/48ccbcb396104457a7a7ad10d35aeb2777a4a8c9733fcfb725df7e13003df6ca/52.jpg",144589,95d0534bf1b4a2ecfedee75dc38b4c7294d79ef6a770f1fc2a6a27bad0be0f94
"storage/resource-library/previews/48ccbcb396104457a7a7ad10d35aeb2777a4a8c9733fcfb725df7e13003df6ca/53.jpg",141210,b10a3d098e4a23954c8def486f2e1cbb1b51a850be6aa2d581faa67c4532bec2
"storage/resource-library/previews/48ccbcb396104457a7a7ad10d35aeb2777a4a8c9733fcfb725df7e13003df6ca/54.jpg",150199,3cd45ff68a898f64fe9d332941c2dff480a6a4642f9923b917ed0c607ef6e10a
"storage/resource-library/previews/48ccbcb396104457a7a7ad10d35aeb2777a4a8c9733fcfb725df7e13003df6ca/55.jpg",75991,f870eff69d03593c2e541fedc6117952ab574296fe7aacbbece1a10f503eac31
"storage/resource-library/previews/48ccbcb396104457a7a7ad10d35aeb2777a4a8c9733fcfb725df7e13003df6ca/56.jpg",151566,14488e8b2d3dcabc432e0ab377318f38b057b8d5c8ade79fb3af338d235e1288
"storage/resource-library/previews/48ccbcb396104457a7a7ad10d35aeb2777a4a8c9733fcfb725df7e13003df6ca/57.jpg",126888,31d4c0b652fa53c669eacbe7e82fbebe51281dd3416c4014e23635d732f10a2c
"storage/resource-library/previews/48ccbcb396104457a7a7ad10d35aeb2777a4a8c9733fcfb725df7e13003df6ca/58.jpg",108167,8361bbd1ac0ff9250de2955dc57cb9097972f3fe2980a1a83fa0ce4224e0faa4
"storage/resource-library/previews/48ccbcb396104457a7a7ad10d35aeb2777a4a8c9733fcfb725df7e13003df6ca/59.jpg",105541,0457d7ffd52bb868ef2420428f3e13fad6dbc90745d104b56681321294ccb0a8
"storage/resource-library/previews/48ccbcb396104457a7a7ad10d35aeb2777a4a8c9733fcfb725df7e13003df6ca/6.jpg",64090,39d839c87f86d0cdfc691bf0294f50cc03259c799fb6aa28baec8ae80312448f
"storage/resource-library/previews/48ccbcb396104457a7a7ad10d35aeb2777a4a8c9733fcfb725df7e13003df6ca/60.jpg",88229,ce415276d0511cf1f31816cd4ee74fe4d53f3f5f6429ac78a941cde1fe7474d6
"storage/resource-library/previews/48ccbcb396104457a7a7ad10d35aeb2777a4a8c9733fcfb725df7e13003df6ca/61.jpg",99819,5882b8f71ec448b52e9927e2f31bc6b5219ac57e6d7ce484ebc4c2759b55ed2d
"storage/resource-library/previews/48ccbcb396104457a7a7ad10d35aeb2777a4a8c9733fcfb725df7e13003df6ca/62.jpg",132500,c51f9c835ca58351299b6a0ffe6a3248637d2d64688112c74e38baaad9363974
"storage/resource-library/previews/48ccbcb396104457a7a7ad10d35aeb2777a4a8c9733fcfb725df7e13003df6ca/63.jpg",135027,ca6d92ed6764b32a56c34db02762b768ae639c15c56bdaf3092d02fd11d21a12
"storage/resource-library/previews/48ccbcb396104457a7a7ad10d35aeb2777a4a8c9733fcfb725df7e13003df6ca/64.jpg",103968,6579f7f6fbc98b591392ce29b8be39aeec240ba562d1505792037f1337ddf743
"storage/resource-library/previews/48ccbcb396104457a7a7ad10d35aeb2777a4a8c9733fcfb725df7e13003df6ca/65.jpg",87713,0a7723d3c9dc4db381d33489dfa2b302925437d412ad193911b87f3383d0eef0
"storage/resource-library/previews/48ccbcb396104457a7a7ad10d35aeb2777a4a8c9733fcfb725df7e13003df6ca/66.jpg",80555,d1bf7cc7817f010ca8b397ff5e1cecebdf36cc7f78bdb79bf905557c0a9abf43
"storage/resource-library/previews/48ccbcb396104457a7a7ad10d35aeb2777a4a8c9733fcfb725df7e13003df6ca/67.jpg",89898,0987821feae79c732d50a9a246a053c6015da4292da4d4454da261b44e4fdfb2
"storage/resource-library/previews/48ccbcb396104457a7a7ad10d35aeb2777a4a8c9733fcfb725df7e13003df6ca/68.jpg",73913,00f79b4065a77959da71cdabea54feeb01cdab8a9935797f7b05b1047d6fd7d3
"storage/resource-library/previews/48ccbcb396104457a7a7ad10d35aeb2777a4a8c9733fcfb725df7e13003df6ca/69.jpg",102558,1c1980e0ed1a45d1bb321428b2219ae3078fc6e73c5529dc14f77d1831131e98
"storage/resource-library/previews/48ccbcb396104457a7a7ad10d35aeb2777a4a8c9733fcfb725df7e13003df6ca/7.jpg",137704,c8547d92b7c19117b87aa5468f3d942fe385183be4db22fa48e0c18b5eae9104
"storage/resource-library/previews/48ccbcb396104457a7a7ad10d35aeb2777a4a8c9733fcfb725df7e13003df6ca/70.jpg",107702,9cf728970c1985e898a9e5f658878970e83e3bd9a91ee7893d331cf362e03fea
"storage/resource-library/previews/48ccbcb396104457a7a7ad10d35aeb2777a4a8c9733fcfb725df7e13003df6ca/71.jpg",94775,9af340af7f70021d2b782b30d479be38db1e931ce6bd4a0cf8576d2207b30552
"storage/resource-library/previews/48ccbcb396104457a7a7ad10d35aeb2777a4a8c9733fcfb725df7e13003df6ca/72.jpg",102697,b8962f6b50971c6037a8bdb4158ab486cf5aa337b71aa9b984702832540ae9fd
"storage/resource-library/previews/48ccbcb396104457a7a7ad10d35aeb2777a4a8c9733fcfb725df7e13003df6ca/73.jpg",106775,aeeb09219c8adeaadb3400b62f844231833b24f621225fb4db2c8d5367c26816
"storage/resource-library/previews/48ccbcb396104457a7a7ad10d35aeb2777a4a8c9733fcfb725df7e13003df6ca/74.jpg",116149,5914b0493a6478e4c3f6089f412cc78eb2f77b6de5dab45c56662d13a4e2759e
"storage/resource-library/previews/48ccbcb396104457a7a7ad10d35aeb2777a4a8c9733fcfb725df7e13003df6ca/75.jpg",118620,c746940bf1203dca18e7cc6a7a8e055c1697b6d430fc0f4c71c79caa40b9fd0d
"storage/resource-library/previews/48ccbcb396104457a7a7ad10d35aeb2777a4a8c9733fcfb725df7e13003df6ca/76.jpg",126536,2762f1bfd6324002b589c87bfee64c5cf129b6fde8f5305859ed66de8b1cb317
"storage/resource-library/previews/48ccbcb396104457a7a7ad10d35aeb2777a4a8c9733fcfb725df7e13003df6ca/77.jpg",94881,7cfb529546192275e0e15023cbacd8c34babce2673e421637946ebbf2ddc32d6
"storage/resource-library/previews/48ccbcb396104457a7a7ad10d35aeb2777a4a8c9733fcfb725df7e13003df6ca/78.jpg",105338,c21e78bbfa4390e9801baa3c94bda3a5eb2621cb7aa8b991772419e621b985f1
"storage/resource-library/previews/48ccbcb396104457a7a7ad10d35aeb2777a4a8c9733fcfb725df7e13003df6ca/79.jpg",96014,cb56206770315177518c21f63432557a9e86f3692a9d8354ce75fc830f47d31e
"storage/resource-library/previews/48ccbcb396104457a7a7ad10d35aeb2777a4a8c9733fcfb725df7e13003df6ca/8.jpg",123053,2c62d35511051d4e3998fd93894e5fe9a682e2100f7ac5eb9df321d20f5e50e8
"storage/resource-library/previews/48ccbcb396104457a7a7ad10d35aeb2777a4a8c9733fcfb725df7e13003df6ca/80.jpg",134664,6578eb0c0bd197830acf728c60d40cd0c8502f4ed8a5abb2e633a381f3dfea28
"storage/resource-library/previews/48ccbcb396104457a7a7ad10d35aeb2777a4a8c9733fcfb725df7e13003df6ca/81.jpg",126620,6aa44a581f3e5b43cc4984f94f72a78b5746f7fd536cb74f617c1a181377ebd1
"storage/resource-library/previews/48ccbcb396104457a7a7ad10d35aeb2777a4a8c9733fcfb725df7e13003df6ca/82.jpg",125574,e37302427e05f2ff54461dd9894db9e7ef12f5e64d38a1db9ec0d16ba7851311
"storage/resource-library/previews/48ccbcb396104457a7a7ad10d35aeb2777a4a8c9733fcfb725df7e13003df6ca/83.jpg",131225,eb2cf8101100484f20b5ba8620c479b6295e5b51a3f4919bd7fe6e816c4b4267
"storage/resource-library/previews/48ccbcb396104457a7a7ad10d35aeb2777a4a8c9733fcfb725df7e13003df6ca/84.jpg",162491,5eff4e488923d0da66bed6d68735b67f4dcf1a9febdbc2704cac735e5142b0ad
"storage/resource-library/previews/48ccbcb396104457a7a7ad10d35aeb2777a4a8c9733fcfb725df7e13003df6ca/85.jpg",127078,b14b2c77fb2071da894776a63941d3b46750b84a92d8f730c3af3362be31c8a6
"storage/resource-library/previews/48ccbcb396104457a7a7ad10d35aeb2777a4a8c9733fcfb725df7e13003df6ca/86.jpg",150769,3361be9a0176385760cfc83ccc5bc823446481b1b50d4121ce802a590de8147b
"storage/resource-library/previews/48ccbcb396104457a7a7ad10d35aeb2777a4a8c9733fcfb725df7e13003df6ca/87.jpg",99258,65bcea920dd07720756e85a428dc8225ef1058bb718f6d44f24b933c7c64d142
"storage/resource-library/previews/48ccbcb396104457a7a7ad10d35aeb2777a4a8c9733fcfb725df7e13003df6ca/88.jpg",124206,2708d35ea6c6a3bed40fb1538a7e972dd99afc958a791dcb0a90e68e3ee16ccf
"storage/resource-library/previews/48ccbcb396104457a7a7ad10d35aeb2777a4a8c9733fcfb725df7e13003df6ca/89.jpg",107008,b6b4c1600f17d3e9c9c9a5999fbdf5bc91b603e23e3de2a9821727b78b603213
"storage/resource-library/previews/48ccbcb396104457a7a7ad10d35aeb2777a4a8c9733fcfb725df7e13003df6ca/9.jpg",107351,a3555feaceac6fdcd21c091dd8872272c233723e42b132f186a368c74f76baa2
"storage/resource-library/previews/48ccbcb396104457a7a7ad10d35aeb2777a4a8c9733fcfb725df7e13003df6ca/90.jpg",106831,839efff786e8da2306305084e7300f93485628fe8d09a21b630638ce4fa7f0d5
"storage/resource-library/previews/48ccbcb396104457a7a7ad10d35aeb2777a4a8c9733fcfb725df7e13003df6ca/91.jpg",114619,0bb9346f12ca9df8e9580a10fb1affd7eba30beeb433120fb28077001ab37f77
"storage/resource-library/previews/48ccbcb396104457a7a7ad10d35aeb2777a4a8c9733fcfb725df7e13003df6ca/92.jpg",105705,3e28d7f4e0fb1986599b691e5b7e94ce6069a4a762ee562767ab78f21211e0d8
"storage/resource-library/previews/48ccbcb396104457a7a7ad10d35aeb2777a4a8c9733fcfb725df7e13003df6ca/93.jpg",107703,d66305f76b2c7a8f3bd4c92cda111051d7e3b55e971ed2b58750709e595b4f67
"storage/resource-library/previews/48ccbcb396104457a7a7ad10d35aeb2777a4a8c9733fcfb725df7e13003df6ca/94.jpg",115562,f4c817df5a4b8e4b017f0e35b52d4d54919e77210fbdc0d8792df1623e214223
"storage/resource-library/previews/48ccbcb396104457a7a7ad10d35aeb2777a4a8c9733fcfb725df7e13003df6ca/95.jpg",125837,64e24afe38f5dfa3c6abbd9f9e101caa9e5bfa809cbfb490070d51763cf1f0ce
"storage/resource-library/previews/48ccbcb396104457a7a7ad10d35aeb2777a4a8c9733fcfb725df7e13003df6ca/96.jpg",113684,bc89678506e182073ec17421edeb81ed8d7015ba94a25a1ecc4a79608547e18b
"storage/resource-library/previews/48ccbcb396104457a7a7ad10d35aeb2777a4a8c9733fcfb725df7e13003df6ca/97.jpg",104354,8acf1c52fb8811736d9d72b1a4469700257140aedb292048ba12147004531e00
"storage/resource-library/previews/48ccbcb396104457a7a7ad10d35aeb2777a4a8c9733fcfb725df7e13003df6ca/98.jpg",147983,79d9b858eb6b79f1bb57d729e90bbed1bb34b5e07dd920c43c0947282feca813
"storage/resource-library/previews/48ccbcb396104457a7a7ad10d35aeb2777a4a8c9733fcfb725df7e13003df6ca/99.jpg",115322,f438f128d1221896aca7b1be9c2702dd6b3647b084f546d698999ad377d80234
"storage/resource-library/previews/48ccbcb396104457a7a7ad10d35aeb2777a4a8c9733fcfb725df7e13003df6ca/manifest.json",14,c5736f4d2ddfeb96f24a8a127c7ba29060bc7eb85d8bb10c1aeda8a368a741fd
"storage/resource-library/previews/4b38863828c37ab1e32b94a066ce1cc60a57280360ce44eaf36d0cc0cc5d7994/1.jpg",51666,88127c55de3b3606799358ec4ab98b5f859f566561ce012735d18b4052b1b56c
"storage/resource-library/previews/4b38863828c37ab1e32b94a066ce1cc60a57280360ce44eaf36d0cc0cc5d7994/10.jpg",75956,ba47528728ecde03cea978b501dd54106dd798c59814f4926d342d2f345c725d
"storage/resource-library/previews/4b38863828c37ab1e32b94a066ce1cc60a57280360ce44eaf36d0cc0cc5d7994/100.jpg",50194,5169eb3f0eea5a76d4cbcaf750dc00d202176396994f03a453dd301e6846433d
"storage/resource-library/previews/4b38863828c37ab1e32b94a066ce1cc60a57280360ce44eaf36d0cc0cc5d7994/101.jpg",56053,3c6b4d0de3020931a6a7598b98ce04c818c76cb467b7d0acb9d01f30ad22c221
"storage/resource-library/previews/4b38863828c37ab1e32b94a066ce1cc60a57280360ce44eaf36d0cc0cc5d7994/102.jpg",55406,e607b7edde2a139863bcdee8687035026c73bf8df87b8b48efdaf348412e54eb
"storage/resource-library/previews/4b38863828c37ab1e32b94a066ce1cc60a57280360ce44eaf36d0cc0cc5d7994/103.jpg",69042,4a61a7973728a167267cd3be0223586e778c3feffe4b2d9d72acc8a8d1ffeed1
"storage/resource-library/previews/4b38863828c37ab1e32b94a066ce1cc60a57280360ce44eaf36d0cc0cc5d7994/104.jpg",63559,9a0686903f48b496236f7cf48eca10d94ccd834916aeb3086baf2b572e411949
"storage/resource-library/previews/4b38863828c37ab1e32b94a066ce1cc60a57280360ce44eaf36d0cc0cc5d7994/105.jpg",64818,9edc87cf30fa4ff936b9d33152c115e21339b5b93d1e21d10adc06c91d1ef210
"storage/resource-library/previews/4b38863828c37ab1e32b94a066ce1cc60a57280360ce44eaf36d0cc0cc5d7994/106.jpg",62406,1b482dfe1476afab61765b7df26a0a1b3a955559034607cdbbd9adba5381e889
"storage/resource-library/previews/4b38863828c37ab1e32b94a066ce1cc60a57280360ce44eaf36d0cc0cc5d7994/107.jpg",69566,520d4cd08c58f91de68730d237c287d60edb0fb4870231de1e7becaff301628c
"storage/resource-library/previews/4b38863828c37ab1e32b94a066ce1cc60a57280360ce44eaf36d0cc0cc5d7994/108.jpg",77800,bbdcadd9defd21996516a7cd5410121a7a266e1434655ef61abbf06adc096e03
"storage/resource-library/previews/4b38863828c37ab1e32b94a066ce1cc60a57280360ce44eaf36d0cc0cc5d7994/109.jpg",77915,b24477bce0aaaa268a5632633c4fa061d4ec017f003626a9617ffaaf848e8a11
"storage/resource-library/previews/4b38863828c37ab1e32b94a066ce1cc60a57280360ce44eaf36d0cc0cc5d7994/11.jpg",74151,04283da5ef4d6e26cfcd9e33350d857f2113bfc597d17e2d8e6e9fd345065acb
"storage/resource-library/previews/4b38863828c37ab1e32b94a066ce1cc60a57280360ce44eaf36d0cc0cc5d7994/110.jpg",35731,6462d46de029a242a604aeac6830e184cea2d29fbb6abe2d32a2cdb06f184c9d
"storage/resource-library/previews/4b38863828c37ab1e32b94a066ce1cc60a57280360ce44eaf36d0cc0cc5d7994/111.jpg",79157,35575138b07f580f39c5bb3a7927a8af905f535fe8c10ef7b6eba2a0c4f3f90a
"storage/resource-library/previews/4b38863828c37ab1e32b94a066ce1cc60a57280360ce44eaf36d0cc0cc5d7994/112.jpg",68845,a0c494f90024ffa8026f110aeba2307e13344b6155403e2ef193afafcd2459a5
"storage/resource-library/previews/4b38863828c37ab1e32b94a066ce1cc60a57280360ce44eaf36d0cc0cc5d7994/113.jpg",75950,eadd10c52c30e86eb2b38d7195627c6897a19fbf74a90d856153e4b8e36548b8
"storage/resource-library/previews/4b38863828c37ab1e32b94a066ce1cc60a57280360ce44eaf36d0cc0cc5d7994/114.jpg",71519,09c9a807ac52d140aa9ce6bbc1834fbdda1fe72be35786d18e05cf7f33aacfc9
"storage/resource-library/previews/4b38863828c37ab1e32b94a066ce1cc60a57280360ce44eaf36d0cc0cc5d7994/115.jpg",62779,feafd1b16b2fa745820d23724b273eaa5e8e308c4628ad02059f3203e8446f49
"storage/resource-library/previews/4b38863828c37ab1e32b94a066ce1cc60a57280360ce44eaf36d0cc0cc5d7994/116.jpg",62809,5ff5cdecfd103cb7856cf9fd3e709471de14b29b2d37ecb4b6910b487399ec43
"storage/resource-library/previews/4b38863828c37ab1e32b94a066ce1cc60a57280360ce44eaf36d0cc0cc5d7994/117.jpg",61840,9316bde7c7fb9e059106c986d7967318759ae7dd2f3a367d5ad494a3cc2949e5
"storage/resource-library/previews/4b38863828c37ab1e32b94a066ce1cc60a57280360ce44eaf36d0cc0cc5d7994/118.jpg",58405,ed107538085146ddb0107a02d542350d4a9383d0e4a3f6617466dcaba60cd480
"storage/resource-library/previews/4b38863828c37ab1e32b94a066ce1cc60a57280360ce44eaf36d0cc0cc5d7994/119.jpg",58725,1245ded4883759e92d507b4f447d958414096ff7ddba1be107946f8058574bb3
"storage/resource-library/previews/4b38863828c37ab1e32b94a066ce1cc60a57280360ce44eaf36d0cc0cc5d7994/12.jpg",60063,4bfbf815716b3489ca7ba6bf7cb5af84b95a51201e6abb20c1398ad8346d9aed
"storage/resource-library/previews/4b38863828c37ab1e32b94a066ce1cc60a57280360ce44eaf36d0cc0cc5d7994/120.jpg",58502,6f7445ea6c361b06a72c6fd360c16f3e5c05fb8f12e7e2e1ba3451bae253932c
"storage/resource-library/previews/4b38863828c37ab1e32b94a066ce1cc60a57280360ce44eaf36d0cc0cc5d7994/121.jpg",58296,a0fd1dea24660e2c66ff7371a126ba1e33800e423c519ca6d7b10094b750d698
"storage/resource-library/previews/4b38863828c37ab1e32b94a066ce1cc60a57280360ce44eaf36d0cc0cc5d7994/122.jpg",57825,33fca0b72ddf54739794b91f5caf3221077c02454ee5677b843c3d403ec0c62c
"storage/resource-library/previews/4b38863828c37ab1e32b94a066ce1cc60a57280360ce44eaf36d0cc0cc5d7994/123.jpg",64942,1616b6fef0ec06d6414babf40f13b3d20ddf732666eeb59e56b3d19a470cddfc
"storage/resource-library/previews/4b38863828c37ab1e32b94a066ce1cc60a57280360ce44eaf36d0cc0cc5d7994/124.jpg",37828,453729aea29ef5375f8dc4dd66d3ac977af9364f53698327a1183b06db0474f7
"storage/resource-library/previews/4b38863828c37ab1e32b94a066ce1cc60a57280360ce44eaf36d0cc0cc5d7994/125.jpg",40693,a2929effab0ac6aed3e8a35d8c7f965d0990fced4a14130c1c2d87d9f9d884a2
"storage/resource-library/previews/4b38863828c37ab1e32b94a066ce1cc60a57280360ce44eaf36d0cc0cc5d7994/126.jpg",61412,2d777fabb4ea528a987e6db39c6193ba3382a505e55995ce00b021d396a1a484
"storage/resource-library/previews/4b38863828c37ab1e32b94a066ce1cc60a57280360ce44eaf36d0cc0cc5d7994/127.jpg",62336,63dd1c292b4e3c4d4bcf780c58b47233a122865e3b1288d285b8cdbc8442c2fd
"storage/resource-library/previews/4b38863828c37ab1e32b94a066ce1cc60a57280360ce44eaf36d0cc0cc5d7994/128.jpg",59742,0b4d7d4edc5797047c29c750cb20bfaaa97767c6f1f8b05dc317a87e4fb20106
"storage/resource-library/previews/4b38863828c37ab1e32b94a066ce1cc60a57280360ce44eaf36d0cc0cc5d7994/129.jpg",55985,778621d21912a8f0a2f9601c20fa041213eaa94cc516e9856dc401545a61838a
"storage/resource-library/previews/4b38863828c37ab1e32b94a066ce1cc60a57280360ce44eaf36d0cc0cc5d7994/13.jpg",59985,c1ea24824debafc609acce8206bb00b8278f3921fa902799e217791031292400
"storage/resource-library/previews/4b38863828c37ab1e32b94a066ce1cc60a57280360ce44eaf36d0cc0cc5d7994/130.jpg",52034,c70a96337d1cb99217fe36e92a2009139af519522475edb579c705b13184041b
"storage/resource-library/previews/4b38863828c37ab1e32b94a066ce1cc60a57280360ce44eaf36d0cc0cc5d7994/131.jpg",56146,c2d11d73b90cc83c91574f6443843674e07ed1651064374b5cdb1c6cd4211589
"storage/resource-library/previews/4b38863828c37ab1e32b94a066ce1cc60a57280360ce44eaf36d0cc0cc5d7994/132.jpg",62216,817e4dffed26a46da618cb12a4c5cbd62c3bb812c9434a37505dc051b2bb706e
"storage/resource-library/previews/4b38863828c37ab1e32b94a066ce1cc60a57280360ce44eaf36d0cc0cc5d7994/133.jpg",54501,f4a5b8d0f5f2d513c3b1afe0bda6345614021f7f55b67d188dfc5d391309a8f1
"storage/resource-library/previews/4b38863828c37ab1e32b94a066ce1cc60a57280360ce44eaf36d0cc0cc5d7994/134.jpg",56510,b689dfd35904c25926a40f2c9fc96ea384c878dd463709c1d87441f870dd1367
"storage/resource-library/previews/4b38863828c37ab1e32b94a066ce1cc60a57280360ce44eaf36d0cc0cc5d7994/135.jpg",56755,49f1beed60c903a368e1f585122bb0a637a234f505fba6af2b8641966510679e
"storage/resource-library/previews/4b38863828c37ab1e32b94a066ce1cc60a57280360ce44eaf36d0cc0cc5d7994/136.jpg",76639,1befd0f68eb26791c59146d8ea270c76cccf5540b21cbd28e4e145b083957292
"storage/resource-library/previews/4b38863828c37ab1e32b94a066ce1cc60a57280360ce44eaf36d0cc0cc5d7994/137.jpg",48233,f683b60b5d4301fff0fa9a491f9aa0cf17bdc32dc35742bafd50d89cbff4a8ba
"storage/resource-library/previews/4b38863828c37ab1e32b94a066ce1cc60a57280360ce44eaf36d0cc0cc5d7994/138.jpg",50392,6c7c52d554b3766d7044f68fa10e5ed1750052e4d77aee10c41bbe2926a66eed
"storage/resource-library/previews/4b38863828c37ab1e32b94a066ce1cc60a57280360ce44eaf36d0cc0cc5d7994/139.jpg",36710,0dd3811a232182ce07d5424e3d22456e0245843afc1fcc7996c76b523a8592d0
"storage/resource-library/previews/4b38863828c37ab1e32b94a066ce1cc60a57280360ce44eaf36d0cc0cc5d7994/14.jpg",66778,fa56edb2c907751ee85f778323efeb8b3d162c18473c473ed9c4e4bf8e44dfa1
"storage/resource-library/previews/4b38863828c37ab1e32b94a066ce1cc60a57280360ce44eaf36d0cc0cc5d7994/140.jpg",30927,12e7527b61f7744b579a1b152bc89a7b754447db729f257ae5f1571d4e224e3e
"storage/resource-library/previews/4b38863828c37ab1e32b94a066ce1cc60a57280360ce44eaf36d0cc0cc5d7994/141.jpg",81754,e4dbd239b9c6ee952f05d43b6c5dffaf3fbfc560f48ac1b3d5e9378e8aa90b71
"storage/resource-library/previews/4b38863828c37ab1e32b94a066ce1cc60a57280360ce44eaf36d0cc0cc5d7994/142.jpg",68469,b26fc96cd0c8ce8f10df96a0b43b9334bfc2c2510f496e68917509e6f04abfa7
"storage/resource-library/previews/4b38863828c37ab1e32b94a066ce1cc60a57280360ce44eaf36d0cc0cc5d7994/143.jpg",53685,21612b005dbd118f53960e0626c0de32d221e3832a74096bf6bb2a79fab850f6
"storage/resource-library/previews/4b38863828c37ab1e32b94a066ce1cc60a57280360ce44eaf36d0cc0cc5d7994/144.jpg",58625,0d23c51295361a599833b738e57bea727beccca1ad8fb5e02f3a111fabc12fc8
"storage/resource-library/previews/4b38863828c37ab1e32b94a066ce1cc60a57280360ce44eaf36d0cc0cc5d7994/145.jpg",50740,2fc11cffd43829de3037a2da349f949aff529201f3bb4b3b0c0f1becc0624ea0
"storage/resource-library/previews/4b38863828c37ab1e32b94a066ce1cc60a57280360ce44eaf36d0cc0cc5d7994/146.jpg",57112,5c50dceae883a1ceb7817f64428ab1eb08fd3c136e5c469dd41a101e9e568645
"storage/resource-library/previews/4b38863828c37ab1e32b94a066ce1cc60a57280360ce44eaf36d0cc0cc5d7994/147.jpg",59666,149c40938f4804e482cf538a22d2e077f20e4470aab6224049e1615f74e5a595
"storage/resource-library/previews/4b38863828c37ab1e32b94a066ce1cc60a57280360ce44eaf36d0cc0cc5d7994/148.jpg",54626,d55291da0813155fc797ea9635ce7242860a8879714b8b81290c84b169482f0b
"storage/resource-library/previews/4b38863828c37ab1e32b94a066ce1cc60a57280360ce44eaf36d0cc0cc5d7994/149.jpg",63468,3bddc40281c5d7276f8f94f3b764d8696e61029d5fb7209a35522bc49d78a00a
"storage/resource-library/previews/4b38863828c37ab1e32b94a066ce1cc60a57280360ce44eaf36d0cc0cc5d7994/15.jpg",72649,87777029423394251d6f8c8cd5507baba5334c91303cd7006cd5049a74b1f076
"storage/resource-library/previews/4b38863828c37ab1e32b94a066ce1cc60a57280360ce44eaf36d0cc0cc5d7994/150.jpg",58911,a042b3ea8aba60cf404edb68a8bf6b09ef8ca036a0b410a3858c771170b8b3da
"storage/resource-library/previews/4b38863828c37ab1e32b94a066ce1cc60a57280360ce44eaf36d0cc0cc5d7994/151.jpg",65835,5f865209c55b4e4e8fb2e54961d97a11650698139d33ebfcb2fd2dbababaa79a
"storage/resource-library/previews/4b38863828c37ab1e32b94a066ce1cc60a57280360ce44eaf36d0cc0cc5d7994/152.jpg",55706,80c2355c7b38f705fde12a4b23185e0df1e6d5d088a27a9fc931a6ac69491be6
"storage/resource-library/previews/4b38863828c37ab1e32b94a066ce1cc60a57280360ce44eaf36d0cc0cc5d7994/153.jpg",63675,e1d646304b70fad4642f70797e783820f3082e2f0d6c3a50ebcd51aee3e36a98
"storage/resource-library/previews/4b38863828c37ab1e32b94a066ce1cc60a57280360ce44eaf36d0cc0cc5d7994/154.jpg",59885,0a52b22b9395420549eca9d3875c03fbbccd30b6a35d53f0c622c710dbb77a87
"storage/resource-library/previews/4b38863828c37ab1e32b94a066ce1cc60a57280360ce44eaf36d0cc0cc5d7994/155.jpg",66353,5aed6ec700d115f380b04b68e946a3056eedcc8f6e7cda03f2176b3c73eb7d60
"storage/resource-library/previews/4b38863828c37ab1e32b94a066ce1cc60a57280360ce44eaf36d0cc0cc5d7994/156.jpg",73820,4ce21377be9ce4b53791971517d75b9c985c03bfb4c63febd17b487d0248b605
"storage/resource-library/previews/4b38863828c37ab1e32b94a066ce1cc60a57280360ce44eaf36d0cc0cc5d7994/157.jpg",62848,948938ae0bbc1f5451f02445b6296b932f055aec35076e8c9c3bd3234fdfbd58
"storage/resource-library/previews/4b38863828c37ab1e32b94a066ce1cc60a57280360ce44eaf36d0cc0cc5d7994/158.jpg",67082,47bd68130c21f1ad1d1b3737ff8a18d5830c67a8ffcfa242a5f23f9971663b21
"storage/resource-library/previews/4b38863828c37ab1e32b94a066ce1cc60a57280360ce44eaf36d0cc0cc5d7994/159.jpg",66653,c27c0379952874708bf16315694712043e5a4d0f2f1db3281c8f32f426ed8160
"storage/resource-library/previews/4b38863828c37ab1e32b94a066ce1cc60a57280360ce44eaf36d0cc0cc5d7994/16.jpg",56254,e8d1e2c3e9aba83ac06ae655a2e4f9825f943c3d58478c21b81ad70ff2f3e52d
"storage/resource-library/previews/4b38863828c37ab1e32b94a066ce1cc60a57280360ce44eaf36d0cc0cc5d7994/160.jpg",57708,c4e550ebf221a31c0e436d525f9dddab1f03404e518cda9d86eaf86f0e473594
"storage/resource-library/previews/4b38863828c37ab1e32b94a066ce1cc60a57280360ce44eaf36d0cc0cc5d7994/161.jpg",56865,592b767a6c8869cc2269056a1c5825af73d769127da30886155f343a83ed2ea5
"storage/resource-library/previews/4b38863828c37ab1e32b94a066ce1cc60a57280360ce44eaf36d0cc0cc5d7994/162.jpg",66847,34d1747c395f0dc3c1b58216e9ab997226b02734b8c74af3615cf61b4fc9f1f0
"storage/resource-library/previews/4b38863828c37ab1e32b94a066ce1cc60a57280360ce44eaf36d0cc0cc5d7994/163.jpg",62967,124a7de17055b66053a32c312825c052b9d9077f652a9f795651b59255824036
"storage/resource-library/previews/4b38863828c37ab1e32b94a066ce1cc60a57280360ce44eaf36d0cc0cc5d7994/164.jpg",60449,1b4512dc8ce6e15706b61bf8a59507bc77ce726cf30a7025e2497b129fb493c7
"storage/resource-library/previews/4b38863828c37ab1e32b94a066ce1cc60a57280360ce44eaf36d0cc0cc5d7994/165.jpg",53922,46e1bcd208ff2626e7a5d83706815207d4effc88d7774038041ac7f63110dd9f
"storage/resource-library/previews/4b38863828c37ab1e32b94a066ce1cc60a57280360ce44eaf36d0cc0cc5d7994/166.jpg",54469,91511a365ae721f7e275b8be18563392f4bd013e114cf5e5b218558a5eb0db9e
"storage/resource-library/previews/4b38863828c37ab1e32b94a066ce1cc60a57280360ce44eaf36d0cc0cc5d7994/167.jpg",61904,f4918c4dbd9f6149613abd64fe8242b664688d47336a2f9c8c0eab0d19741558
"storage/resource-library/previews/4b38863828c37ab1e32b94a066ce1cc60a57280360ce44eaf36d0cc0cc5d7994/168.jpg",58521,4a5be820dc0d939652b418addb81f48d9dfef4f6e23e385ae034b16121e6fe73
"storage/resource-library/previews/4b38863828c37ab1e32b94a066ce1cc60a57280360ce44eaf36d0cc0cc5d7994/169.jpg",62187,3c0eab666a772109fe701da5ba951fb11035baba377098c739b67e9aab716085
"storage/resource-library/previews/4b38863828c37ab1e32b94a066ce1cc60a57280360ce44eaf36d0cc0cc5d7994/17.jpg",46982,e7b6e01de9f45c5d5442578cee54316b8406c6d442871822894b882645c37ad1
"storage/resource-library/previews/4b38863828c37ab1e32b94a066ce1cc60a57280360ce44eaf36d0cc0cc5d7994/170.jpg",61842,c095976f4c51460410b0584f2784e6fdf8b6abbb1d1aee786c2ddc61b345096c
"storage/resource-library/previews/4b38863828c37ab1e32b94a066ce1cc60a57280360ce44eaf36d0cc0cc5d7994/171.jpg",69775,5ff3d63f83c41fd4f228099b02ea7482ce01a560c32e81c69f08368dfad73d57
"storage/resource-library/previews/4b38863828c37ab1e32b94a066ce1cc60a57280360ce44eaf36d0cc0cc5d7994/172.jpg",56890,a8ed5231d59814f457f6f8700c66fc4da11bd3e28e02849f0ff86eaf8cd1d17b
"storage/resource-library/previews/4b38863828c37ab1e32b94a066ce1cc60a57280360ce44eaf36d0cc0cc5d7994/173.jpg",59732,42a4c9c81af37fd31c00e3e5da95c18bafde2ef38fa426031279d48115e81f88
"storage/resource-library/previews/4b38863828c37ab1e32b94a066ce1cc60a57280360ce44eaf36d0cc0cc5d7994/174.jpg",61294,80dfb028d4f40af1d4ff34038c86aea16373d694248c1fbcf65e8915c32daca7
"storage/resource-library/previews/4b38863828c37ab1e32b94a066ce1cc60a57280360ce44eaf36d0cc0cc5d7994/175.jpg",67354,3290e0e99552febad1a8a11228e1fc68395d621d0b86636fda5cd07d51ffb207
"storage/resource-library/previews/4b38863828c37ab1e32b94a066ce1cc60a57280360ce44eaf36d0cc0cc5d7994/176.jpg",49515,bb4a335b24cdbb54a82a1687e29fdeb141639a374ac81be3da9b698edc5336eb
"storage/resource-library/previews/4b38863828c37ab1e32b94a066ce1cc60a57280360ce44eaf36d0cc0cc5d7994/177.jpg",56193,1816e5f073a1411f23fee17061c73290698b39f179889b791a59427572e13aa3
"storage/resource-library/previews/4b38863828c37ab1e32b94a066ce1cc60a57280360ce44eaf36d0cc0cc5d7994/178.jpg",54341,73b9fda17cc29c4ad16d06798ca7b58de85de8537b12877ef8a1fa42f9395ac9
"storage/resource-library/previews/4b38863828c37ab1e32b94a066ce1cc60a57280360ce44eaf36d0cc0cc5d7994/179.jpg",50843,8801e54a63806917caac8e7e8f956c4a6d1bc0842a1535100ad0b56437d44c4f
"storage/resource-library/previews/4b38863828c37ab1e32b94a066ce1cc60a57280360ce44eaf36d0cc0cc5d7994/18.jpg",67413,5d563e69788a9242b0bac212bbc636534b6d2076a20b43438a8b1d17c2b08221
"storage/resource-library/previews/4b38863828c37ab1e32b94a066ce1cc60a57280360ce44eaf36d0cc0cc5d7994/180.jpg",53794,dccd78d660b111e62506204e7f497e50bbafa04f772c24854700553895f7c8fe
"storage/resource-library/previews/4b38863828c37ab1e32b94a066ce1cc60a57280360ce44eaf36d0cc0cc5d7994/181.jpg",56854,dcea18041574448464fcf7d9d39b0b66b97903a1197cc0f9149c01d982c9f7c8
"storage/resource-library/previews/4b38863828c37ab1e32b94a066ce1cc60a57280360ce44eaf36d0cc0cc5d7994/182.jpg",57691,10096823182de1333267ae3f09574c699e6a69f70cde3421d6f69c11a754af97
"storage/resource-library/previews/4b38863828c37ab1e32b94a066ce1cc60a57280360ce44eaf36d0cc0cc5d7994/183.jpg",64275,58707d22ea16a860326481c450492db6cfee7f4f902287706df1b5be929142b1
"storage/resource-library/previews/4b38863828c37ab1e32b94a066ce1cc60a57280360ce44eaf36d0cc0cc5d7994/184.jpg",61620,fd09a505fcc398a21d0ceb63e92c09f68f8db3860bd685e921a92a9e4fd78c7c
"storage/resource-library/previews/4b38863828c37ab1e32b94a066ce1cc60a57280360ce44eaf36d0cc0cc5d7994/185.jpg",60964,c80cec97353cc8cba429b3573f851f46b2e3bc704c95fabf27f3b3a5383d00b9
"storage/resource-library/previews/4b38863828c37ab1e32b94a066ce1cc60a57280360ce44eaf36d0cc0cc5d7994/186.jpg",68165,d9de99358d5833d718086b145dbf86573a3999c57fa34e5a54317009a7f410d1
"storage/resource-library/previews/4b38863828c37ab1e32b94a066ce1cc60a57280360ce44eaf36d0cc0cc5d7994/187.jpg",54338,e85ae4186975282db94add389b3056d6407f643be6e3f3b1981f718af6bbb63d
"storage/resource-library/previews/4b38863828c37ab1e32b94a066ce1cc60a57280360ce44eaf36d0cc0cc5d7994/188.jpg",60444,9777af6da2453052c62dc03cfb970bbf1bb033a6135e09e9688dc6f89a435da7
"storage/resource-library/previews/4b38863828c37ab1e32b94a066ce1cc60a57280360ce44eaf36d0cc0cc5d7994/189.jpg",61968,18a7b89aefc514bf11796880900cf485c672b22437275f17a771b3419f19aead
"storage/resource-library/previews/4b38863828c37ab1e32b94a066ce1cc60a57280360ce44eaf36d0cc0cc5d7994/19.jpg",67912,3d7357f9f2bae55a66ab2b5af44ae19ca6320eeb63ab5403d11ee2153e03e3f3
"storage/resource-library/previews/4b38863828c37ab1e32b94a066ce1cc60a57280360ce44eaf36d0cc0cc5d7994/190.jpg",61384,d425d338feb3cc23f2139f2b6bf2089b4ba517ccf99e24eaa209973bffdaddb8
"storage/resource-library/previews/4b38863828c37ab1e32b94a066ce1cc60a57280360ce44eaf36d0cc0cc5d7994/191.jpg",72232,2682b42f00daa1584c8c9c643b3003b3db51a9712c5f342bbdaa781adf075ab3
"storage/resource-library/previews/4b38863828c37ab1e32b94a066ce1cc60a57280360ce44eaf36d0cc0cc5d7994/192.jpg",78604,9f7af7eff3504159be454d6d5aff5a2f6464c28d80d853462893618c9f1fa0ef
"storage/resource-library/previews/4b38863828c37ab1e32b94a066ce1cc60a57280360ce44eaf36d0cc0cc5d7994/193.jpg",75565,d7f04f2dcb24c76dfe2e62d7755be0125f888d3db644b4289c42f9f0213c90b8
"storage/resource-library/previews/4b38863828c37ab1e32b94a066ce1cc60a57280360ce44eaf36d0cc0cc5d7994/194.jpg",59941,faaccafe343ec8ac0be2e8591772b54589b7f57145cd8142ff4f0e37c8975982
"storage/resource-library/previews/4b38863828c37ab1e32b94a066ce1cc60a57280360ce44eaf36d0cc0cc5d7994/195.jpg",70032,6aa1a8f8c093f2b966591d6ccce8ef6f2cf57cf970e1581c12a0d7ee6125794b
"storage/resource-library/previews/4b38863828c37ab1e32b94a066ce1cc60a57280360ce44eaf36d0cc0cc5d7994/196.jpg",58717,8356cf789ea4356ec78498c748cd6ec7b7d6cbdeb7851190d3cb5ed5f3f7be3e
"storage/resource-library/previews/4b38863828c37ab1e32b94a066ce1cc60a57280360ce44eaf36d0cc0cc5d7994/197.jpg",76761,db3ab68aed3f26a53939d70ba624018a0af51cc564ef64abe38b0ab5c14b5988
"storage/resource-library/previews/4b38863828c37ab1e32b94a066ce1cc60a57280360ce44eaf36d0cc0cc5d7994/198.jpg",71041,88c9a5a935515a34cf95dcc326c1947b23a78758814119523093c61e70f79f4b
"storage/resource-library/previews/4b38863828c37ab1e32b94a066ce1cc60a57280360ce44eaf36d0cc0cc5d7994/199.jpg",55631,03b3bd7b7b7d004f8b6e62ef4b93b47809fe26c2b6d4fee65c2c1a0d7e168f39
"storage/resource-library/previews/4b38863828c37ab1e32b94a066ce1cc60a57280360ce44eaf36d0cc0cc5d7994/2.jpg",39242,d8c0e90eb483e041f086d2ba80d1bc9830c7b4b10c237d0ebd5ba1d700c30af3
"storage/resource-library/previews/4b38863828c37ab1e32b94a066ce1cc60a57280360ce44eaf36d0cc0cc5d7994/20.jpg",44743,3efd046aa12deeec3423b3d08b750b33402ff0ca3a773c17d69c791f68a1737d
"storage/resource-library/previews/4b38863828c37ab1e32b94a066ce1cc60a57280360ce44eaf36d0cc0cc5d7994/200.jpg",62886,bea7d31bd9f57daf2348f29c8433ab269425969dee06cc6eb40a5807f2be11e2
"storage/resource-library/previews/4b38863828c37ab1e32b94a066ce1cc60a57280360ce44eaf36d0cc0cc5d7994/201.jpg",52314,e0dc4fb22dfba87667f3ed9cb7c68dadac86045e12cb402e2c3d3727255746ed
"storage/resource-library/previews/4b38863828c37ab1e32b94a066ce1cc60a57280360ce44eaf36d0cc0cc5d7994/202.jpg",58353,0b39c4db07b59a535dc77d5adf2a9e31701646f62e3df458aa6e2b52cbd47f66
"storage/resource-library/previews/4b38863828c37ab1e32b94a066ce1cc60a57280360ce44eaf36d0cc0cc5d7994/203.jpg",32598,a0a1c00fbeb14572754bab12d3d51bdbeff7e58864a3d0ca1c4833fdfa38b275
"storage/resource-library/previews/4b38863828c37ab1e32b94a066ce1cc60a57280360ce44eaf36d0cc0cc5d7994/204.jpg",31038,730f1ed0d6cd930d8a97e897beb14b0e6c1f73981a0b20105ddaced7005223cd
"storage/resource-library/previews/4b38863828c37ab1e32b94a066ce1cc60a57280360ce44eaf36d0cc0cc5d7994/205.jpg",87047,6adfb11caf47e558925196ee8af8b66634b231b6f5b28130c02e1b1861184295
"storage/resource-library/previews/4b38863828c37ab1e32b94a066ce1cc60a57280360ce44eaf36d0cc0cc5d7994/206.jpg",90616,8ef31c5e4b5e4614742b5a5aeaf2bc59d6018fcd791d8471838de3ef7d225bfa
"storage/resource-library/previews/4b38863828c37ab1e32b94a066ce1cc60a57280360ce44eaf36d0cc0cc5d7994/207.jpg",77863,c7964921d3aa32f7332641b0c9b32432b65c54d3a1bbaa82c938e2dda6ccb64d
"storage/resource-library/previews/4b38863828c37ab1e32b94a066ce1cc60a57280360ce44eaf36d0cc0cc5d7994/208.jpg",68719,4f65892cf45802cb90f3f1513be515d8fe0f480a2859bffff4ab20910979cf83
"storage/resource-library/previews/4b38863828c37ab1e32b94a066ce1cc60a57280360ce44eaf36d0cc0cc5d7994/209.jpg",66548,1fd175810e672fabfb6ab5f64a9875c5b274a8b15bcf237b7f1278d47e933f02
"storage/resource-library/previews/4b38863828c37ab1e32b94a066ce1cc60a57280360ce44eaf36d0cc0cc5d7994/21.jpg",66799,f7e88da094616a0497adbcfcb9f0d9e7e1738b324f62d4bddefb0b7b52d86ac6
"storage/resource-library/previews/4b38863828c37ab1e32b94a066ce1cc60a57280360ce44eaf36d0cc0cc5d7994/210.jpg",70420,6f67e817fc2b23dc6886862dad9568797e30761aa2d9069dbbff4b9c3e126d85
"storage/resource-library/previews/4b38863828c37ab1e32b94a066ce1cc60a57280360ce44eaf36d0cc0cc5d7994/211.jpg",63328,d4a4e717715324cdef99e7daa45ab451d46588bc577906e7824f5db2e41a8a79
"storage/resource-library/previews/4b38863828c37ab1e32b94a066ce1cc60a57280360ce44eaf36d0cc0cc5d7994/212.jpg",66589,fba073a2e6ce49250b89a4ea8c2a4fa9cdc4c30b51e9292b0cdd99cdc06683a4
"storage/resource-library/previews/4b38863828c37ab1e32b94a066ce1cc60a57280360ce44eaf36d0cc0cc5d7994/213.jpg",81671,7d864e5aec17e42b5bf95c1fed5b338363b564340949df313743ead76b1bcc14
"storage/resource-library/previews/4b38863828c37ab1e32b94a066ce1cc60a57280360ce44eaf36d0cc0cc5d7994/214.jpg",74790,264d4e2b1c0cff065c54f15511cf5d220a14e10ad1d1c6029805dcccd0c42994
"storage/resource-library/previews/4b38863828c37ab1e32b94a066ce1cc60a57280360ce44eaf36d0cc0cc5d7994/215.jpg",74809,0f12fdabc55fa0ad6f71117bb0730fde0d9c5eb83b69bfc789759e2b849cda59
"storage/resource-library/previews/4b38863828c37ab1e32b94a066ce1cc60a57280360ce44eaf36d0cc0cc5d7994/216.jpg",50030,b894db6be85fc72b2b3158dadd9328f5d70e55f32a7c646e0dca7063a687c245
"storage/resource-library/previews/4b38863828c37ab1e32b94a066ce1cc60a57280360ce44eaf36d0cc0cc5d7994/217.jpg",74649,78e0ed11fa64382bf367f40d44ba1d56dd18d234ea30524bc5a00937090e08f7
"storage/resource-library/previews/4b38863828c37ab1e32b94a066ce1cc60a57280360ce44eaf36d0cc0cc5d7994/218.jpg",85789,f9fb6b989f7a4aa53aad210d3fe78779b49b130e3c98e317ba863057d1be0798
"storage/resource-library/previews/4b38863828c37ab1e32b94a066ce1cc60a57280360ce44eaf36d0cc0cc5d7994/219.jpg",79116,e3a10a8c18e0adbebbc7d34cc9bc8cb8f65b741f93f546ab59b06611d22c62ee
"storage/resource-library/previews/4b38863828c37ab1e32b94a066ce1cc60a57280360ce44eaf36d0cc0cc5d7994/22.jpg",59047,34c0a78bb839921127bb8f64c32ce1b6545988244215f2ef3c4334b21326267a
"storage/resource-library/previews/4b38863828c37ab1e32b94a066ce1cc60a57280360ce44eaf36d0cc0cc5d7994/220.jpg",89234,2c8733e2aabcf0fd9b988bda0f82ec78dd016405641e28c0d3b4ac7870cbd052
"storage/resource-library/previews/4b38863828c37ab1e32b94a066ce1cc60a57280360ce44eaf36d0cc0cc5d7994/221.jpg",78523,3e6840cc34eac1b13a5e85385eff460d3610981e5f398ad3d7f41fd6e2b24f70
"storage/resource-library/previews/4b38863828c37ab1e32b94a066ce1cc60a57280360ce44eaf36d0cc0cc5d7994/222.jpg",84732,cca7b92cb96f4a4126950136273ad46cfe5886bd58da63a691a23c2647e35bea
"storage/resource-library/previews/4b38863828c37ab1e32b94a066ce1cc60a57280360ce44eaf36d0cc0cc5d7994/223.jpg",62978,ca8ff999674e583f192e7d26ec690828c01cdc9f467f71c44b610c527fb13173
"storage/resource-library/previews/4b38863828c37ab1e32b94a066ce1cc60a57280360ce44eaf36d0cc0cc5d7994/224.jpg",56885,a745870fdc2904195d4b6d03d5e88882cb2f4fd84c262ca0226640118c0c3304
"storage/resource-library/previews/4b38863828c37ab1e32b94a066ce1cc60a57280360ce44eaf36d0cc0cc5d7994/225.jpg",70081,161ca357be51ff750d83fb3910dcd89286016590351d085a995cf8534dc8d8cd
"storage/resource-library/previews/4b38863828c37ab1e32b94a066ce1cc60a57280360ce44eaf36d0cc0cc5d7994/226.jpg",69283,cae9fcfdc16a3feb4005dd801797f27d99ec9cba777d11a4cf7c7c7f0648eb0a
"storage/resource-library/previews/4b38863828c37ab1e32b94a066ce1cc60a57280360ce44eaf36d0cc0cc5d7994/227.jpg",78462,e34247f75dae5be333443a2f479ac9bf6eb28cabc95e58f60ed03b7bdf6c50a5
"storage/resource-library/previews/4b38863828c37ab1e32b94a066ce1cc60a57280360ce44eaf36d0cc0cc5d7994/228.jpg",74909,ff9c744c0f5ca403a9f0b373b2e9f58167edd9a1bd74cbeed65e79191aa02d3e
"storage/resource-library/previews/4b38863828c37ab1e32b94a066ce1cc60a57280360ce44eaf36d0cc0cc5d7994/229.jpg",78250,e2f58590679a970b46d6335f7338777af5d878c1b8e7dc850bcbec53d4ee539b
"storage/resource-library/previews/4b38863828c37ab1e32b94a066ce1cc60a57280360ce44eaf36d0cc0cc5d7994/23.jpg",83069,f8b5a31fd992e54195573751ca48c2fac5510a4c1052d4d87490af8a37041c4e
"storage/resource-library/previews/4b38863828c37ab1e32b94a066ce1cc60a57280360ce44eaf36d0cc0cc5d7994/230.jpg",86309,01c57b25e47aaa5705ecf874f1a17fe6b791629bf00e8153240e8e7c3fc263ec
"storage/resource-library/previews/4b38863828c37ab1e32b94a066ce1cc60a57280360ce44eaf36d0cc0cc5d7994/231.jpg",87404,f1ada8338a71fcd88134e9f1be1e7ade96a26634354e4e687771ecbd0bc2fe18
"storage/resource-library/previews/4b38863828c37ab1e32b94a066ce1cc60a57280360ce44eaf36d0cc0cc5d7994/232.jpg",72376,e1878e4aff818c6d221611e14fd14e984e41aaf57e45d9c847136a0bccf81de2
"storage/resource-library/previews/4b38863828c37ab1e32b94a066ce1cc60a57280360ce44eaf36d0cc0cc5d7994/233.jpg",69581,83b7e7466f97d7e20e32efb957309cf958c3b8f9cb784da39148c935b9d66022
"storage/resource-library/previews/4b38863828c37ab1e32b94a066ce1cc60a57280360ce44eaf36d0cc0cc5d7994/234.jpg",55724,5edbd9d038faa28582fa8f0f6089d3eb5f81a796599d9acc456613cbde50987f
"storage/resource-library/previews/4b38863828c37ab1e32b94a066ce1cc60a57280360ce44eaf36d0cc0cc5d7994/235.jpg",67893,0c89406b5f31811bd17c8c91b066b347f1de00c98aebc80bbb34cd2977a6913b
"storage/resource-library/previews/4b38863828c37ab1e32b94a066ce1cc60a57280360ce44eaf36d0cc0cc5d7994/236.jpg",76637,37dea400fc109da793b76e525d0fbfa37fffbcd76472e3756145877d556f5a9a
"storage/resource-library/previews/4b38863828c37ab1e32b94a066ce1cc60a57280360ce44eaf36d0cc0cc5d7994/237.jpg",77013,f210975b4bf502c6fad7fdd570dbec1163a35c996da59de1db9be1b3d3827b07
"storage/resource-library/previews/4b38863828c37ab1e32b94a066ce1cc60a57280360ce44eaf36d0cc0cc5d7994/238.jpg",65036,8b058726b4f565d5325fe78c55e33c54f66a8bcb48419282db14292868f04093
"storage/resource-library/previews/4b38863828c37ab1e32b94a066ce1cc60a57280360ce44eaf36d0cc0cc5d7994/239.jpg",64928,5cb49ad4d98f3437992fdd27e0ff4969f0989d4b85706fe7b758577c18406616
"storage/resource-library/previews/4b38863828c37ab1e32b94a066ce1cc60a57280360ce44eaf36d0cc0cc5d7994/24.jpg",65327,618aaae11a96362c0048312b578f115e2c8cabb68a318c8db38a48686f1fca0b
"storage/resource-library/previews/4b38863828c37ab1e32b94a066ce1cc60a57280360ce44eaf36d0cc0cc5d7994/240.jpg",70933,0a43b37cafd26abfcb24338d5493e2ae10ad1f0af7e1b4514e635805eff1a77f
"storage/resource-library/previews/4b38863828c37ab1e32b94a066ce1cc60a57280360ce44eaf36d0cc0cc5d7994/241.jpg",70865,3bed788b18136e21813c7839f260f528b6b0b6b85008901d5c18dd5a7a444173
"storage/resource-library/previews/4b38863828c37ab1e32b94a066ce1cc60a57280360ce44eaf36d0cc0cc5d7994/242.jpg",71426,b401f9c59ef4935e0b1ccc3adac9d4f8175570b25157c8aac9843291bc9f171c
"storage/resource-library/previews/4b38863828c37ab1e32b94a066ce1cc60a57280360ce44eaf36d0cc0cc5d7994/243.jpg",97376,e9528a7da5504c081d29c08ca0d45040cb33fc01ad222eef2d0c1dc452cb1f61
"storage/resource-library/previews/4b38863828c37ab1e32b94a066ce1cc60a57280360ce44eaf36d0cc0cc5d7994/244.jpg",82979,7aa9212a868bb0627dcdace7259a99886eee816fbd2843ca51bddffe3d110a45
"storage/resource-library/previews/4b38863828c37ab1e32b94a066ce1cc60a57280360ce44eaf36d0cc0cc5d7994/245.jpg",59581,a71773672cfd2ccd84b5324df55ac62313ef975a4f287fa7bed98a8cdfc5a18f
"storage/resource-library/previews/4b38863828c37ab1e32b94a066ce1cc60a57280360ce44eaf36d0cc0cc5d7994/246.jpg",30945,40b94c0ebf408ce7443fdad570c30a122fe091503f0d28d8bcca9c1adf43e6fe
"storage/resource-library/previews/4b38863828c37ab1e32b94a066ce1cc60a57280360ce44eaf36d0cc0cc5d7994/247.jpg",99983,5c659ad8c5a84dbe64747f462fa24d5f4159d1a01a15761f62e614f49ed9715f
"storage/resource-library/previews/4b38863828c37ab1e32b94a066ce1cc60a57280360ce44eaf36d0cc0cc5d7994/248.jpg",98312,448ffd133596f2851ebc7084e8d7664b8c432edabe153e9a99b4d8c62753d49a
"storage/resource-library/previews/4b38863828c37ab1e32b94a066ce1cc60a57280360ce44eaf36d0cc0cc5d7994/249.jpg",82735,04b14a0f753a473719983bee4b837c0b9e606c017fc115c15880ef6855549b76
"storage/resource-library/previews/4b38863828c37ab1e32b94a066ce1cc60a57280360ce44eaf36d0cc0cc5d7994/25.jpg",64230,df6b5d4906c24af99dd1e67385d8d4e069596ccfcd34e4dfd1e9080a8fec5705
"storage/resource-library/previews/4b38863828c37ab1e32b94a066ce1cc60a57280360ce44eaf36d0cc0cc5d7994/250.jpg",86516,c6cf5ee55dfdb37646adc8aa3d59adb749668258fd99f24f63527deeb341c5c3
"storage/resource-library/previews/4b38863828c37ab1e32b94a066ce1cc60a57280360ce44eaf36d0cc0cc5d7994/251.jpg",90012,7e0972bcf6af7d459b044e72d4eac96826113c68e16d0a6a886909116d4b4b40
"storage/resource-library/previews/4b38863828c37ab1e32b94a066ce1cc60a57280360ce44eaf36d0cc0cc5d7994/252.jpg",84595,a72367f34e0f24a5fbbc520913b63dcb5b02a5eb3240701a245fe4de2bf780a0
"storage/resource-library/previews/4b38863828c37ab1e32b94a066ce1cc60a57280360ce44eaf36d0cc0cc5d7994/253.jpg",86434,6f89e62a274003e6d45864fa71b4eb55301a1211dd21e563c306294b4417eded
"storage/resource-library/previews/4b38863828c37ab1e32b94a066ce1cc60a57280360ce44eaf36d0cc0cc5d7994/254.jpg",89013,49a61d7ae8865cec9230a4a471660ca3cfb45b7ee8ce720597971d3a144d9860
"storage/resource-library/previews/4b38863828c37ab1e32b94a066ce1cc60a57280360ce44eaf36d0cc0cc5d7994/255.jpg",86315,66681896df6710edd16b7a6eeb716252e4c05900d5c93f10db4e520e6a06248b
"storage/resource-library/previews/4b38863828c37ab1e32b94a066ce1cc60a57280360ce44eaf36d0cc0cc5d7994/256.jpg",86877,5aadf2947d550d80d0356792362cf4801fb19692f11212e0e03bc01359ea68f1
"storage/resource-library/previews/4b38863828c37ab1e32b94a066ce1cc60a57280360ce44eaf36d0cc0cc5d7994/257.jpg",64873,59428ea8d32500b98348a8f84a017c70bd7177abffb89f50799a4a1855b433ee
"storage/resource-library/previews/4b38863828c37ab1e32b94a066ce1cc60a57280360ce44eaf36d0cc0cc5d7994/258.jpg",46671,959031ccdf976547af753481e3438c9fc8be4492987eaba7c4676852d3948159
"storage/resource-library/previews/4b38863828c37ab1e32b94a066ce1cc60a57280360ce44eaf36d0cc0cc5d7994/259.jpg",59261,2cb98a8594283373849792dcf94605145f19cf52741ae12336f0cb61a3df492e
"storage/resource-library/previews/4b38863828c37ab1e32b94a066ce1cc60a57280360ce44eaf36d0cc0cc5d7994/26.jpg",61524,fc5fb7485c51499df4e8ffcef5476fb2d997f08e22dc257b283090e586d2c51a
"storage/resource-library/previews/4b38863828c37ab1e32b94a066ce1cc60a57280360ce44eaf36d0cc0cc5d7994/260.jpg",54731,3054dba9e355f4ef2d2d9b4bbf07a01eaa176828c60d6a6053fc6dcf43fedc40
"storage/resource-library/previews/4b38863828c37ab1e32b94a066ce1cc60a57280360ce44eaf36d0cc0cc5d7994/261.jpg",81454,39c129fa297598e9a71a2783f25bd5cd873c1a417385e58011e33295b31c545e
"storage/resource-library/previews/4b38863828c37ab1e32b94a066ce1cc60a57280360ce44eaf36d0cc0cc5d7994/262.jpg",90650,1a1d66abc7fe70d53684091e5768598f95fe60e2cfd8f327857d4a613361fff5
"storage/resource-library/previews/4b38863828c37ab1e32b94a066ce1cc60a57280360ce44eaf36d0cc0cc5d7994/263.jpg",66918,bcd255bcfb09be9807d86b6bc4fb16474ea6a60ca578b276eed6644d30a9c9db
"storage/resource-library/previews/4b38863828c37ab1e32b94a066ce1cc60a57280360ce44eaf36d0cc0cc5d7994/264.jpg",81464,2f3f5e36403519ef14abf01212ce21fba593ce0fc934ef250dc3b5a17084c500
"storage/resource-library/previews/4b38863828c37ab1e32b94a066ce1cc60a57280360ce44eaf36d0cc0cc5d7994/265.jpg",87479,f80866c1d728c22b147fda504bb49969e7705103802819ee5712daa3f7a5ea86
"storage/resource-library/previews/4b38863828c37ab1e32b94a066ce1cc60a57280360ce44eaf36d0cc0cc5d7994/266.jpg",84926,a15efd6c88c14c11b23dc04daa2ec71351d3354a972fd95c80a7b1f0e348207e
"storage/resource-library/previews/4b38863828c37ab1e32b94a066ce1cc60a57280360ce44eaf36d0cc0cc5d7994/267.jpg",83682,9593c76d6c86a5b9a1b9347650f082cb63d83a51b65abb37b170538b48eb1263
"storage/resource-library/previews/4b38863828c37ab1e32b94a066ce1cc60a57280360ce44eaf36d0cc0cc5d7994/268.jpg",77018,9c74f7d535db299ae66774f26f4d98c357e054386536e2b9afacaa52db53bd2d
"storage/resource-library/previews/4b38863828c37ab1e32b94a066ce1cc60a57280360ce44eaf36d0cc0cc5d7994/269.jpg",85154,b7d684d09470703410db3e29e8a8781781de5d671da93bb0441201a5f1e09558
"storage/resource-library/previews/4b38863828c37ab1e32b94a066ce1cc60a57280360ce44eaf36d0cc0cc5d7994/27.jpg",66013,d61df11c48a12b1680b02aa08699a4731dcbbf975a48bf69db54f22f38ed8069
"storage/resource-library/previews/4b38863828c37ab1e32b94a066ce1cc60a57280360ce44eaf36d0cc0cc5d7994/270.jpg",59724,37d38179a4b3c50071d8f00ead3af756fd6e53c500b267a7c2210e5276ee07f2
"storage/resource-library/previews/4b38863828c37ab1e32b94a066ce1cc60a57280360ce44eaf36d0cc0cc5d7994/271.jpg",73366,61a22cdb2042493540e462746b98e6aeeba6b4be6591ce584cb48b7a30c80fcc
"storage/resource-library/previews/4b38863828c37ab1e32b94a066ce1cc60a57280360ce44eaf36d0cc0cc5d7994/272.jpg",75789,df7f96de976366d5ffbf67715ade4cbb8b816bf1884262b217b851af277c64b2
"storage/resource-library/previews/4b38863828c37ab1e32b94a066ce1cc60a57280360ce44eaf36d0cc0cc5d7994/273.jpg",78821,dfab12a23459e0fdf22390586245d79a5eae2bf10d8081e1eda85711114e653e
"storage/resource-library/previews/4b38863828c37ab1e32b94a066ce1cc60a57280360ce44eaf36d0cc0cc5d7994/274.jpg",79334,dbb1972bc1afa13ab33fe73b20e6d469bbbca4601cf4b34c811d5290c3119797
"storage/resource-library/previews/4b38863828c37ab1e32b94a066ce1cc60a57280360ce44eaf36d0cc0cc5d7994/275.jpg",74357,95bcc2379b553611bdcc449913663a7ea7ceccc4b6257e00bed356c49b4e8948
"storage/resource-library/previews/4b38863828c37ab1e32b94a066ce1cc60a57280360ce44eaf36d0cc0cc5d7994/276.jpg",84245,06cb9418ae844d3d1e2d60af4a21c2250f407f89cb76b444d0be886b074ea0f2
"storage/resource-library/previews/4b38863828c37ab1e32b94a066ce1cc60a57280360ce44eaf36d0cc0cc5d7994/277.jpg",94700,c9a9fadf9f52c0efe64088c5db16d7c4c646900b493b4ab9648b7c2ee8fddad7
"storage/resource-library/previews/4b38863828c37ab1e32b94a066ce1cc60a57280360ce44eaf36d0cc0cc5d7994/278.jpg",48280,13219a5745da40a6b8f84aaa9d706f9c53dfbb4ae2df99f73c6d833cffba84c5
"storage/resource-library/previews/4b38863828c37ab1e32b94a066ce1cc60a57280360ce44eaf36d0cc0cc5d7994/279.jpg",87004,136b6c02ce52b384346968b8678f77cf01c4c7f22e802db9ddd7cf8f3c593e74
"storage/resource-library/previews/4b38863828c37ab1e32b94a066ce1cc60a57280360ce44eaf36d0cc0cc5d7994/28.jpg",69549,c383df881b5fa1945988c9c4c29c68d7c8ea543df90d66ef4b3406a70582c25b
"storage/resource-library/previews/4b38863828c37ab1e32b94a066ce1cc60a57280360ce44eaf36d0cc0cc5d7994/280.jpg",72504,caac19790ab5ceb760cd5c94af25e1d18fb75921d4118db39aa0cfcda36a21ec
"storage/resource-library/previews/4b38863828c37ab1e32b94a066ce1cc60a57280360ce44eaf36d0cc0cc5d7994/281.jpg",60163,0fb86427b4e2aa10c767da9363f56e0c6f242f52d9232077540265cdd059a854
"storage/resource-library/previews/4b38863828c37ab1e32b94a066ce1cc60a57280360ce44eaf36d0cc0cc5d7994/282.jpg",64047,645f06fc0f561b1aa7de2cdd5fb893235722bd662bba698c5a621a405b9c9685
"storage/resource-library/previews/4b38863828c37ab1e32b94a066ce1cc60a57280360ce44eaf36d0cc0cc5d7994/283.jpg",83755,d9c2597fffc28babf4181329fcf4ae9a71750c42d0070f3335583b3ef5d91e30
"storage/resource-library/previews/4b38863828c37ab1e32b94a066ce1cc60a57280360ce44eaf36d0cc0cc5d7994/284.jpg",76773,f722bd68fd12412d7e6ba62a5e6b105c765547f91255ab2ca0a0b16bc5f8a7e4
"storage/resource-library/previews/4b38863828c37ab1e32b94a066ce1cc60a57280360ce44eaf36d0cc0cc5d7994/285.jpg",71808,9c949124d97b25ceaf6f27442208338dc63cf01dc09ecc454399418328a6a1a6
"storage/resource-library/previews/4b38863828c37ab1e32b94a066ce1cc60a57280360ce44eaf36d0cc0cc5d7994/286.jpg",91362,9b7ebf6be99c1e0f5d76e32b4ed00c9493b798a3dbba759411fc165c54c87106
"storage/resource-library/previews/4b38863828c37ab1e32b94a066ce1cc60a57280360ce44eaf36d0cc0cc5d7994/287.jpg",87072,a54c77be29e556b1e3ce89bc222f7e32362a4d4861e7f95c3140b709dffb748f
"storage/resource-library/previews/4b38863828c37ab1e32b94a066ce1cc60a57280360ce44eaf36d0cc0cc5d7994/288.jpg",90406,48aae32bde5c0ea4dfdfc7d094615c47c749426395dd549de1e5097f0bde5e8e
"storage/resource-library/previews/4b38863828c37ab1e32b94a066ce1cc60a57280360ce44eaf36d0cc0cc5d7994/289.jpg",86474,7ccd6cc84ef662c42ef8416585d00ba1b11e8b1ab7e380e8389ab505869a9934
"storage/resource-library/previews/4b38863828c37ab1e32b94a066ce1cc60a57280360ce44eaf36d0cc0cc5d7994/29.jpg",65618,d5e614064c902bc953731c69542c8bdcc48e1c2350d81978ad44206ecf6e0bb7
"storage/resource-library/previews/4b38863828c37ab1e32b94a066ce1cc60a57280360ce44eaf36d0cc0cc5d7994/290.jpg",90627,3f48ab9c200ab20fd94844a40996c434ca7c857922408072faf090f3b0280e3b
"storage/resource-library/previews/4b38863828c37ab1e32b94a066ce1cc60a57280360ce44eaf36d0cc0cc5d7994/291.jpg",108496,b75959ea7c9c2559bf9ce5c13d2ee9d645500bec0502c47664f4acc3997b47b5
"storage/resource-library/previews/4b38863828c37ab1e32b94a066ce1cc60a57280360ce44eaf36d0cc0cc5d7994/292.jpg",88024,6ac72099627d306c638b7cfc16dbca61b7f61a3b24fac9c97ef808fb75232d6a
"storage/resource-library/previews/4b38863828c37ab1e32b94a066ce1cc60a57280360ce44eaf36d0cc0cc5d7994/293.jpg",82378,83e4b71a6bcebf67c7da7b4c151682a800b033f183c6d925598d264250070d9f
"storage/resource-library/previews/4b38863828c37ab1e32b94a066ce1cc60a57280360ce44eaf36d0cc0cc5d7994/294.jpg",73546,2b17ebe181c1307d828858085b4b9fbafad4b49f0427287bb2d9f3a4d7aed4de
"storage/resource-library/previews/4b38863828c37ab1e32b94a066ce1cc60a57280360ce44eaf36d0cc0cc5d7994/295.jpg",76215,e6a8753dfd140e7d65fe6a5210af56e6f0896c3d8dfda8accebdded2c2cc0986
"storage/resource-library/previews/4b38863828c37ab1e32b94a066ce1cc60a57280360ce44eaf36d0cc0cc5d7994/296.jpg",80275,cfa73fb034e137e2f610bb2bfa7cdeb0ad92e237af36c2cdb3e398c3cb87ad6a
"storage/resource-library/previews/4b38863828c37ab1e32b94a066ce1cc60a57280360ce44eaf36d0cc0cc5d7994/297.jpg",88664,2c79d314632a6c47e172a8449ffde5d78a0b7cd6720fa3c9a9b35b6fe42071e5
"storage/resource-library/previews/4b38863828c37ab1e32b94a066ce1cc60a57280360ce44eaf36d0cc0cc5d7994/298.jpg",85131,21e671316345595611c1ef68733b0e66bd36cd7e882892bcea96e8241339ffa4
"storage/resource-library/previews/4b38863828c37ab1e32b94a066ce1cc60a57280360ce44eaf36d0cc0cc5d7994/299.jpg",82190,e3ea2ccd763a49440ff3341eb7b7b497ffbedd5e15f8ecde9b96873a29a4f33d
"storage/resource-library/previews/4b38863828c37ab1e32b94a066ce1cc60a57280360ce44eaf36d0cc0cc5d7994/3.jpg",63188,3c07e990642052ec0bca710a190b1171a6c8b0460305b9f2792cb36a22d1f0d7
"storage/resource-library/previews/4b38863828c37ab1e32b94a066ce1cc60a57280360ce44eaf36d0cc0cc5d7994/30.jpg",59263,59370a3c8dee4545788178d4ecd1e088d9cf946de48a921b2ff15b830a810c02
"storage/resource-library/previews/4b38863828c37ab1e32b94a066ce1cc60a57280360ce44eaf36d0cc0cc5d7994/300.jpg",90888,54b19c77b65da12cf3225d673fe1972f0c5de4d8031cdea507ee4873cfc74e61
"storage/resource-library/previews/4b38863828c37ab1e32b94a066ce1cc60a57280360ce44eaf36d0cc0cc5d7994/301.jpg",92307,e3e3c2cf3e8f54e675c9b52b5c9deedde5d23595314764a231dd4cfd554d26ff
"storage/resource-library/previews/4b38863828c37ab1e32b94a066ce1cc60a57280360ce44eaf36d0cc0cc5d7994/302.jpg",68613,b13426322e3e85c3556570529cec349bb2ab1c19d64c4e22a87b79cb303e253a
"storage/resource-library/previews/4b38863828c37ab1e32b94a066ce1cc60a57280360ce44eaf36d0cc0cc5d7994/303.jpg",91766,3c08e8b7ddcbb0068b33a1150be940ebdfd54fca8eac1e2d5d87db3da2a1d809
"storage/resource-library/previews/4b38863828c37ab1e32b94a066ce1cc60a57280360ce44eaf36d0cc0cc5d7994/304.jpg",92803,a65cd4d2963855abd2637eb34973e668e2e95f8ca6416f8c3ffd26ebab605453
"storage/resource-library/previews/4b38863828c37ab1e32b94a066ce1cc60a57280360ce44eaf36d0cc0cc5d7994/305.jpg",57271,3f0af5012b097671c4ce1aeac368e2e1d5ee84520899d9debf78d185074e278b
"storage/resource-library/previews/4b38863828c37ab1e32b94a066ce1cc60a57280360ce44eaf36d0cc0cc5d7994/306.jpg",31570,2b3c588b4c9b79abc485a7a91eb5ec0211651a921e42d1c81ac95998a5d5a366
"storage/resource-library/previews/4b38863828c37ab1e32b94a066ce1cc60a57280360ce44eaf36d0cc0cc5d7994/307.jpg",79863,22886246e2c7731bcf2fbc1689bcab3b6d296a658711b372e738a5ad71d5a532
"storage/resource-library/previews/4b38863828c37ab1e32b94a066ce1cc60a57280360ce44eaf36d0cc0cc5d7994/308.jpg",67440,43a5ce0da433ac71f3d86f7de159a8788cdb114f04a8d4f36fa34d7e66294693
"storage/resource-library/previews/4b38863828c37ab1e32b94a066ce1cc60a57280360ce44eaf36d0cc0cc5d7994/309.jpg",64217,330c1219d7b3b80ddea6c41625a16149258d153fb8cf4398d8ab345a0f5b1eb4
"storage/resource-library/previews/4b38863828c37ab1e32b94a066ce1cc60a57280360ce44eaf36d0cc0cc5d7994/31.jpg",60318,dbf06b362898e993844c0d7886fa1f669e48c822fa028e2b86c6c8c01399fada
"storage/resource-library/previews/4b38863828c37ab1e32b94a066ce1cc60a57280360ce44eaf36d0cc0cc5d7994/310.jpg",77060,b48f09c825f3374985b68844ce10b5b5b81328817b96cbef78ea51e99207c0b2
"storage/resource-library/previews/4b38863828c37ab1e32b94a066ce1cc60a57280360ce44eaf36d0cc0cc5d7994/311.jpg",66994,e4aa3f9b72dd68b1b5cb05dd70e8f30e115b1433330fc34d113d2a83d3dd4655
"storage/resource-library/previews/4b38863828c37ab1e32b94a066ce1cc60a57280360ce44eaf36d0cc0cc5d7994/312.jpg",63282,9b2059a8e1fb094bc296fe37b31601f17ca440c575c24c21e5f68b12f30d6112
"storage/resource-library/previews/4b38863828c37ab1e32b94a066ce1cc60a57280360ce44eaf36d0cc0cc5d7994/313.jpg",75434,3560bb67b4fa7491a3339c35210cb414b088eb1cca6086c00f05ee4c2d179458
"storage/resource-library/previews/4b38863828c37ab1e32b94a066ce1cc60a57280360ce44eaf36d0cc0cc5d7994/314.jpg",62779,f664d1f15be2cd4ab2aa6a665910abb5ee05ec3d0fa5280513b9113757d76116
"storage/resource-library/previews/4b38863828c37ab1e32b94a066ce1cc60a57280360ce44eaf36d0cc0cc5d7994/315.jpg",60537,584caea9856309c14630e25627306ef820ce3494c07d284e40a44148e2434839
"storage/resource-library/previews/4b38863828c37ab1e32b94a066ce1cc60a57280360ce44eaf36d0cc0cc5d7994/316.jpg",78013,60b479b7fdcf50cb1888c9d052bd6182afaabeca3e21a6aaf7bed72bc22d9b5f
"storage/resource-library/previews/4b38863828c37ab1e32b94a066ce1cc60a57280360ce44eaf36d0cc0cc5d7994/317.jpg",118754,28d604f7232fd1e1cefedd0b8e6a0a5a065eb5212112df0eaa281813c1cd6dfa
"storage/resource-library/previews/4b38863828c37ab1e32b94a066ce1cc60a57280360ce44eaf36d0cc0cc5d7994/318.jpg",71404,7e0e019860e446c9033d6cb0438e0c8994977120c929225cb43ca6d06d2ea2c3
"storage/resource-library/previews/4b38863828c37ab1e32b94a066ce1cc60a57280360ce44eaf36d0cc0cc5d7994/319.jpg",57817,ae9b573120b8bcf5711a8001d1b23f2c05053aec9a2ddfa6ab5c4b2f15f60812
"storage/resource-library/previews/4b38863828c37ab1e32b94a066ce1cc60a57280360ce44eaf36d0cc0cc5d7994/32.jpg",61719,acb260e7854be95104eb585849e459b9b9539023dfd9c357f025a5f4e49e64d7
"storage/resource-library/previews/4b38863828c37ab1e32b94a066ce1cc60a57280360ce44eaf36d0cc0cc5d7994/320.jpg",90689,5d7418a49e4f0b62ea2d0d7dbfd1863688ea03f6bdf59710115a34c554485ef9
"storage/resource-library/previews/4b38863828c37ab1e32b94a066ce1cc60a57280360ce44eaf36d0cc0cc5d7994/321.jpg",78071,308c3e83b52d5d3c86904a87d690aef6b965083fb8356194f5abc25190f73b78
"storage/resource-library/previews/4b38863828c37ab1e32b94a066ce1cc60a57280360ce44eaf36d0cc0cc5d7994/322.jpg",65574,bc5813b77f1c2728eb42a46359a18a623f0a5978ae29a87adf8edf3be9cd81c4
"storage/resource-library/previews/4b38863828c37ab1e32b94a066ce1cc60a57280360ce44eaf36d0cc0cc5d7994/323.jpg",64986,6e3817d05a20b91c424abd1df2afbaaf995ad7bdd3ba13a3e2c43dad7111b1a6
"storage/resource-library/previews/4b38863828c37ab1e32b94a066ce1cc60a57280360ce44eaf36d0cc0cc5d7994/324.jpg",61826,3acd8d2ec423468937068a47f1b2bec99d38765697c02312147546224816b4a4
"storage/resource-library/previews/4b38863828c37ab1e32b94a066ce1cc60a57280360ce44eaf36d0cc0cc5d7994/325.jpg",39530,3e46fd99d908d8498e66b7e40f6648d6c46c08517faeeb008b5bacdf7dc2f74f
"storage/resource-library/previews/4b38863828c37ab1e32b94a066ce1cc60a57280360ce44eaf36d0cc0cc5d7994/326.jpg",31446,0f3de29f3c09e587f33d203d3416eaed2ddf709db48d36f406c18b2889c9d04c
"storage/resource-library/previews/4b38863828c37ab1e32b94a066ce1cc60a57280360ce44eaf36d0cc0cc5d7994/327.jpg",83950,e50cc895d11e10abf97e7e3ad68b0946c91cc63a82d27724bf8144e17c3c7689
"storage/resource-library/previews/4b38863828c37ab1e32b94a066ce1cc60a57280360ce44eaf36d0cc0cc5d7994/328.jpg",70206,2df775e3c7c359bba784397970407798426111f7dcda721f8d645bd943768755
"storage/resource-library/previews/4b38863828c37ab1e32b94a066ce1cc60a57280360ce44eaf36d0cc0cc5d7994/329.jpg",67447,c88fcde9f0217009bf408687bfb1324666541ce5d0283e2e1e9d6f6d21f00559
"storage/resource-library/previews/4b38863828c37ab1e32b94a066ce1cc60a57280360ce44eaf36d0cc0cc5d7994/33.jpg",60470,4f3a76693a11e3d53a2c88617c9290177e79d05e8f8e0e8b720860f05d76576c
"storage/resource-library/previews/4b38863828c37ab1e32b94a066ce1cc60a57280360ce44eaf36d0cc0cc5d7994/330.jpg",60891,786b6bf279fd34678ee68a92f10dc1de268a3a0ae301367fe9b49b5e6937ce20
"storage/resource-library/previews/4b38863828c37ab1e32b94a066ce1cc60a57280360ce44eaf36d0cc0cc5d7994/331.jpg",75834,88432935a35149439c003cd684f47d9c67c7513ea8ad5d35de1978907e38c3d9
"storage/resource-library/previews/4b38863828c37ab1e32b94a066ce1cc60a57280360ce44eaf36d0cc0cc5d7994/332.jpg",64642,674aa7b7e09fb4c984701e432d489dd48332e6df1811700be6a1a476b0aa0df7
"storage/resource-library/previews/4b38863828c37ab1e32b94a066ce1cc60a57280360ce44eaf36d0cc0cc5d7994/333.jpg",77521,2b6f48e3c0c786f983e5ca4b2b7a9cc0e7eec38974d5f05f13ce13ccb4609d40
"storage/resource-library/previews/4b38863828c37ab1e32b94a066ce1cc60a57280360ce44eaf36d0cc0cc5d7994/334.jpg",78209,56ec81bdf3a56e6dc58f1f806354405a2b06fafe52dc88c40f0b33810fa0e9c6
"storage/resource-library/previews/4b38863828c37ab1e32b94a066ce1cc60a57280360ce44eaf36d0cc0cc5d7994/335.jpg",73091,bbf37edf77e5a7806e16802feee398f4e40f88afc9b4aba61333248efe4338ec
"storage/resource-library/previews/4b38863828c37ab1e32b94a066ce1cc60a57280360ce44eaf36d0cc0cc5d7994/336.jpg",73373,cc777674e7f7bc9545fe7b48bb406f90568fae78948f7e347caa3a84b0d12c62
"storage/resource-library/previews/4b38863828c37ab1e32b94a066ce1cc60a57280360ce44eaf36d0cc0cc5d7994/337.jpg",77033,59a825ef27d213f647d771eeee7f3b1c65f8deee7c4600a26391565fdd190301
"storage/resource-library/previews/4b38863828c37ab1e32b94a066ce1cc60a57280360ce44eaf36d0cc0cc5d7994/338.jpg",65343,8d80c64f5f464d51420a62382fbe0eae11e3ecbb3db3d0aa0e451e5634dfbbfb
"storage/resource-library/previews/4b38863828c37ab1e32b94a066ce1cc60a57280360ce44eaf36d0cc0cc5d7994/339.jpg",85475,b832d9d195d98a8ca5ff2eac008500b4b78e5f80ee2b5fc5502b387624e36a6b
"storage/resource-library/previews/4b38863828c37ab1e32b94a066ce1cc60a57280360ce44eaf36d0cc0cc5d7994/34.jpg",64758,3c249f45479c91e20867048194826e0aaf460944fd29b36e739bcb029386d149
"storage/resource-library/previews/4b38863828c37ab1e32b94a066ce1cc60a57280360ce44eaf36d0cc0cc5d7994/340.jpg",80974,914c480483e46048d1069d9ea4259870972e02a11c5c08e61e5488fb4d361f98
"storage/resource-library/previews/4b38863828c37ab1e32b94a066ce1cc60a57280360ce44eaf36d0cc0cc5d7994/341.jpg",81692,41ea5edac70dbf265791bc12d33833d9ca5ed1c4eec1887a687228ed399443d0
"storage/resource-library/previews/4b38863828c37ab1e32b94a066ce1cc60a57280360ce44eaf36d0cc0cc5d7994/342.jpg",84485,2f7d88a44c336ebe4d322b957851eec4b68bf267826b49e788255325b256af92
"storage/resource-library/previews/4b38863828c37ab1e32b94a066ce1cc60a57280360ce44eaf36d0cc0cc5d7994/343.jpg",71669,5994c489d883f86f0932f985068721a82956827daad5884a8d078d374131c0e6
"storage/resource-library/previews/4b38863828c37ab1e32b94a066ce1cc60a57280360ce44eaf36d0cc0cc5d7994/344.jpg",73278,3ab84025889a2dc683ae09886074589ad6cd284b73071d2d15855e559f25ad7b
"storage/resource-library/previews/4b38863828c37ab1e32b94a066ce1cc60a57280360ce44eaf36d0cc0cc5d7994/345.jpg",74324,6c79e750439122539fe36ac0f38c38d5283e0d6f8953585498b844cfe9aa2eb0
"storage/resource-library/previews/4b38863828c37ab1e32b94a066ce1cc60a57280360ce44eaf36d0cc0cc5d7994/346.jpg",69638,dd68be971ca923b5382c2c45cbdd48595ea79995a03824710faf1bfad38b4765
"storage/resource-library/previews/4b38863828c37ab1e32b94a066ce1cc60a57280360ce44eaf36d0cc0cc5d7994/347.jpg",76249,5d403769aaf2210dbca4caef3588b4747a8fad804bfaf520fffe3bda284f07be
"storage/resource-library/previews/4b38863828c37ab1e32b94a066ce1cc60a57280360ce44eaf36d0cc0cc5d7994/348.jpg",71037,b859f55470ecd2bd6d8b36b2b31b09b26513609fffe38163f42bf3662d8d1225
"storage/resource-library/previews/4b38863828c37ab1e32b94a066ce1cc60a57280360ce44eaf36d0cc0cc5d7994/349.jpg",68533,1f5a82d56682150ac006fc1920d64c5cf5d01f3bb0aca8caa5a7a465430b81ed
"storage/resource-library/previews/4b38863828c37ab1e32b94a066ce1cc60a57280360ce44eaf36d0cc0cc5d7994/35.jpg",58278,638489af91b3bf09c79bdd7ca6ecf378d54f91d5d1a638442d1d89ff200749dd
"storage/resource-library/previews/4b38863828c37ab1e32b94a066ce1cc60a57280360ce44eaf36d0cc0cc5d7994/350.jpg",80602,450e7962190af9e92cc43f5fe714e2562cab09c8bfe5c793f94764c1caa7cecc
"storage/resource-library/previews/4b38863828c37ab1e32b94a066ce1cc60a57280360ce44eaf36d0cc0cc5d7994/351.jpg",70468,db9961671c391c9507852fb062851b21a9e30901f5a24cc025a55468702a7d68
"storage/resource-library/previews/4b38863828c37ab1e32b94a066ce1cc60a57280360ce44eaf36d0cc0cc5d7994/352.jpg",69767,df142c71c645bdf902bb3bf85b6e74be8abae5c8df8d59c79d0d348623820186
"storage/resource-library/previews/4b38863828c37ab1e32b94a066ce1cc60a57280360ce44eaf36d0cc0cc5d7994/353.jpg",75127,89a7b7f1fb3402efb95aeedc52225c16148cb3130b1ddfccb1d218c20149caf6
"storage/resource-library/previews/4b38863828c37ab1e32b94a066ce1cc60a57280360ce44eaf36d0cc0cc5d7994/354.jpg",31655,a1e68ff01e46b1a13083eb8c0b138021f656ce2841adf0e92b5ddfdd8f816030
"storage/resource-library/previews/4b38863828c37ab1e32b94a066ce1cc60a57280360ce44eaf36d0cc0cc5d7994/355.jpg",76531,db94daf94b9c91db35d634f854d55e69e0f5bb9cd2d7b8e5aa66f4c1188d0870
"storage/resource-library/previews/4b38863828c37ab1e32b94a066ce1cc60a57280360ce44eaf36d0cc0cc5d7994/356.jpg",60573,ddd0e1eb6683222fa4f64b63970308de393f20138ce6f3fdf2852d71ec70cae8
"storage/resource-library/previews/4b38863828c37ab1e32b94a066ce1cc60a57280360ce44eaf36d0cc0cc5d7994/357.jpg",63311,3288919ffaa6fddf8712f6c6c9484badddae782c6848bf2db7be0276d63a4b9a
"storage/resource-library/previews/4b38863828c37ab1e32b94a066ce1cc60a57280360ce44eaf36d0cc0cc5d7994/358.jpg",74054,17366995376b7dafe6254d0d2e82df869fc8c4e12a82ae57217de39e99f54f8d
"storage/resource-library/previews/4b38863828c37ab1e32b94a066ce1cc60a57280360ce44eaf36d0cc0cc5d7994/359.jpg",83281,94700ef2ac014d53f94322f1b16a051b99ddee66276ff99b1c101e0219959644
"storage/resource-library/previews/4b38863828c37ab1e32b94a066ce1cc60a57280360ce44eaf36d0cc0cc5d7994/36.jpg",67254,00bba8d49749fab26ca3a9ad5effd163ef853fe4944b976f9b3a1075911ee31b
"storage/resource-library/previews/4b38863828c37ab1e32b94a066ce1cc60a57280360ce44eaf36d0cc0cc5d7994/360.jpg",78124,9fd8af7084023609659a3343e09657b5f36bf5fcae6c0f61406fc8cb91e34a2f
"storage/resource-library/previews/4b38863828c37ab1e32b94a066ce1cc60a57280360ce44eaf36d0cc0cc5d7994/361.jpg",65047,fe5ed0eee57bf4a062f02a912f884a06df1f86e2f8854eb0bf165adf2eb01da2
"storage/resource-library/previews/4b38863828c37ab1e32b94a066ce1cc60a57280360ce44eaf36d0cc0cc5d7994/362.jpg",68397,44d85b03770975d21b433433ea0c30265c2d22d152124faef9e034ca3fee576c
"storage/resource-library/previews/4b38863828c37ab1e32b94a066ce1cc60a57280360ce44eaf36d0cc0cc5d7994/363.jpg",68013,820d822511199b6a01bce18b96cd06a41a03fe799655a98b850b9276318ca7d0
"storage/resource-library/previews/4b38863828c37ab1e32b94a066ce1cc60a57280360ce44eaf36d0cc0cc5d7994/364.jpg",70383,d08e83c79c9e8624271203426ef3fd01cf5d0902bf3e0557a6b5e509259e11c7
"storage/resource-library/previews/4b38863828c37ab1e32b94a066ce1cc60a57280360ce44eaf36d0cc0cc5d7994/365.jpg",66160,7e7cce6190e4213cdcbe6f0ad80ec1a32ff7dba92e1bdfe0069b1438799f5612
"storage/resource-library/previews/4b38863828c37ab1e32b94a066ce1cc60a57280360ce44eaf36d0cc0cc5d7994/366.jpg",62947,7ce235034d38418b30fd81f03f7a61b657dfe0002dbe041804b6d4da7320cc92
"storage/resource-library/previews/4b38863828c37ab1e32b94a066ce1cc60a57280360ce44eaf36d0cc0cc5d7994/367.jpg",61926,daea6a0a8749ceafac672d843101791a6c6c1892c06f9b320e54eb86eb77bc90
"storage/resource-library/previews/4b38863828c37ab1e32b94a066ce1cc60a57280360ce44eaf36d0cc0cc5d7994/368.jpg",66429,bc965125eab04f2eb0b40eef79cde8bdb2862a3d083394a62f1e3f922d54079f
"storage/resource-library/previews/4b38863828c37ab1e32b94a066ce1cc60a57280360ce44eaf36d0cc0cc5d7994/369.jpg",41032,20a0d7ddd8f0b6c1bd926d3dc5ef26eb1cd4ef837a532a444429ae1aaf8c4c19
"storage/resource-library/previews/4b38863828c37ab1e32b94a066ce1cc60a57280360ce44eaf36d0cc0cc5d7994/37.jpg",62728,000f6da3ed03e13bd0e8c29a2c70da7d46b8b0fb6fc21b53825ed4b60fb9de62
"storage/resource-library/previews/4b38863828c37ab1e32b94a066ce1cc60a57280360ce44eaf36d0cc0cc5d7994/370.jpg",32740,1c05833986ac8ec6a2e707248f7e4684d77d8ba7042ed09a20a4ebd998848694
"storage/resource-library/previews/4b38863828c37ab1e32b94a066ce1cc60a57280360ce44eaf36d0cc0cc5d7994/371.jpg",54023,b904775b7d76642d7d10e7fe59f8547154d38f5cd341c95b3fe6bdfb7f24c46d
"storage/resource-library/previews/4b38863828c37ab1e32b94a066ce1cc60a57280360ce44eaf36d0cc0cc5d7994/372.jpg",53565,2ce43aad495d9c0529cd1e9dd98a3988c3a04aa893286871384ae17c80aa5065
"storage/resource-library/previews/4b38863828c37ab1e32b94a066ce1cc60a57280360ce44eaf36d0cc0cc5d7994/373.jpg",56531,475983ab53723ee18057d45c865266a36900ddb6ea99160e2b5db30d0366bf67
"storage/resource-library/previews/4b38863828c37ab1e32b94a066ce1cc60a57280360ce44eaf36d0cc0cc5d7994/374.jpg",43656,4af53279f4ebef5fb12216b5da96d99e15cf454cd1d8ccb43b6193be1c0d0220
"storage/resource-library/previews/4b38863828c37ab1e32b94a066ce1cc60a57280360ce44eaf36d0cc0cc5d7994/375.jpg",60530,44faa01a4fe337deca60a5768c1de18919ea6c97ab7d0c313ef50cc05422d2a8
"storage/resource-library/previews/4b38863828c37ab1e32b94a066ce1cc60a57280360ce44eaf36d0cc0cc5d7994/376.jpg",74015,af9e9f62b3cba3726b96c112189004a4b04ac7749be564745b7d939ad3578eb5
"storage/resource-library/previews/4b38863828c37ab1e32b94a066ce1cc60a57280360ce44eaf36d0cc0cc5d7994/377.jpg",64281,05ca1d92cfcbb7df3240f255812e8282b081e88a00253fa53d74deee4c64d296
"storage/resource-library/previews/4b38863828c37ab1e32b94a066ce1cc60a57280360ce44eaf36d0cc0cc5d7994/378.jpg",62031,2d08deccaf6d0d9ca68f6092000b72fa1c3c2f326aadec3f961d127245567315
"storage/resource-library/previews/4b38863828c37ab1e32b94a066ce1cc60a57280360ce44eaf36d0cc0cc5d7994/379.jpg",73275,1f77ca005810a8445ada5519fff39ced85c74d86fa752471d56cee80e631ad95
"storage/resource-library/previews/4b38863828c37ab1e32b94a066ce1cc60a57280360ce44eaf36d0cc0cc5d7994/38.jpg",64104,ba400d27974fbd38269f0021721a6025bd2dd28785ad1a0e97907b776d8ce3f4
"storage/resource-library/previews/4b38863828c37ab1e32b94a066ce1cc60a57280360ce44eaf36d0cc0cc5d7994/380.jpg",72980,16891aed243b3a585045bda7f900e612643a1384993e436c43c95ee8adbef130
"storage/resource-library/previews/4b38863828c37ab1e32b94a066ce1cc60a57280360ce44eaf36d0cc0cc5d7994/381.jpg",83301,9d680ab1aa27335b779a9c58971111658ea77ff7c4f6af22337cd65f82a1d1b4
"storage/resource-library/previews/4b38863828c37ab1e32b94a066ce1cc60a57280360ce44eaf36d0cc0cc5d7994/382.jpg",63427,a45cf19fa9ce6a2fc4f9ee2f0dd106cb4befca34721c76f87aa611c6142f0df0
"storage/resource-library/previews/4b38863828c37ab1e32b94a066ce1cc60a57280360ce44eaf36d0cc0cc5d7994/39.jpg",68327,e9310e45032c4241826130d9d6f2722cfd79f44d36614a7cf2cd6e5c20ff956d
"storage/resource-library/previews/4b38863828c37ab1e32b94a066ce1cc60a57280360ce44eaf36d0cc0cc5d7994/4.jpg",79063,a2af040970aad071eab381bb3612462b1e0ca06cc11dfba75fcd663d370a3288
"storage/resource-library/previews/4b38863828c37ab1e32b94a066ce1cc60a57280360ce44eaf36d0cc0cc5d7994/40.jpg",63095,e936f7e28f78483b9ed18283118ea531b986265bb2ec246aa52d9ca5870cd042
"storage/resource-library/previews/4b38863828c37ab1e32b94a066ce1cc60a57280360ce44eaf36d0cc0cc5d7994/41.jpg",70500,731b2aa3f41d444147d39a9068b184a72690a1becb5c539c5004c4738b8d4592
"storage/resource-library/previews/4b38863828c37ab1e32b94a066ce1cc60a57280360ce44eaf36d0cc0cc5d7994/42.jpg",65466,c561f3fea2bf482b0fd37f87cb01012c91267fba39531e286e9aeb01888d84fd
"storage/resource-library/previews/4b38863828c37ab1e32b94a066ce1cc60a57280360ce44eaf36d0cc0cc5d7994/43.jpg",60265,5ead333e51d0140b48ff75cf05a30cb0966d2f715419a4e72fc8fb77fd219bc9
"storage/resource-library/previews/4b38863828c37ab1e32b94a066ce1cc60a57280360ce44eaf36d0cc0cc5d7994/44.jpg",56568,87239dc9bf196d588af0ad2e00af232ae80633564d8027ed5dc9b4198a84b6ad
"storage/resource-library/previews/4b38863828c37ab1e32b94a066ce1cc60a57280360ce44eaf36d0cc0cc5d7994/45.jpg",53888,6822a909eb1759dd65d2888000e8444ed825ba820f4fb3e92d8ed7e498ad555f
"storage/resource-library/previews/4b38863828c37ab1e32b94a066ce1cc60a57280360ce44eaf36d0cc0cc5d7994/46.jpg",60191,10c22dc0db5b5bc2961fad5074d7af03b064adee1db32b3e4f90063d24dca53c
"storage/resource-library/previews/4b38863828c37ab1e32b94a066ce1cc60a57280360ce44eaf36d0cc0cc5d7994/47.jpg",64008,f130b10ff82a563e32281faf99ccf63c07aca68e4052c52bec91f096f9e72051
"storage/resource-library/previews/4b38863828c37ab1e32b94a066ce1cc60a57280360ce44eaf36d0cc0cc5d7994/48.jpg",62806,19465b3431902a343caea9da2678f191fa1988427d3f160587794018eec709fd
"storage/resource-library/previews/4b38863828c37ab1e32b94a066ce1cc60a57280360ce44eaf36d0cc0cc5d7994/49.jpg",62695,7227d381097a0117231344fe97aa6e9a1033ee18945ef35fd835f1f601c1c52a
"storage/resource-library/previews/4b38863828c37ab1e32b94a066ce1cc60a57280360ce44eaf36d0cc0cc5d7994/5.jpg",80317,69e7ad849a404b08f4dc09eeb12712a01d2029b7d387ba61d0cf20511838a79e
"storage/resource-library/previews/4b38863828c37ab1e32b94a066ce1cc60a57280360ce44eaf36d0cc0cc5d7994/50.jpg",69103,8dee45234bf1788c5f7eebb576fa34cd2c29da575a7fdbe6f150041afe339470
"storage/resource-library/previews/4b38863828c37ab1e32b94a066ce1cc60a57280360ce44eaf36d0cc0cc5d7994/51.jpg",60712,a9a93caa366274b4f299bcd9b224836ab526294bde7777aa19af6895a3f10add
"storage/resource-library/previews/4b38863828c37ab1e32b94a066ce1cc60a57280360ce44eaf36d0cc0cc5d7994/52.jpg",57124,1f2b3824ae34085c6daf4517842a6699fe5ea6c6215cbef15566eefef42c866d
"storage/resource-library/previews/4b38863828c37ab1e32b94a066ce1cc60a57280360ce44eaf36d0cc0cc5d7994/53.jpg",56851,382a2e1208e06ca28f209656b56cb22ac6f7e24dc85147bd2d8d64c60ca72cef
"storage/resource-library/previews/4b38863828c37ab1e32b94a066ce1cc60a57280360ce44eaf36d0cc0cc5d7994/54.jpg",60598,4612c8d1bf78730fde609d8fff303dcdd8f79d32c52ecefcf5c2544ea279b73b
"storage/resource-library/previews/4b38863828c37ab1e32b94a066ce1cc60a57280360ce44eaf36d0cc0cc5d7994/55.jpg",57365,691893a2345557faf6168a8d738eb9173a514cb492b788c35ddc8f13f9b7cf8c
"storage/resource-library/previews/4b38863828c37ab1e32b94a066ce1cc60a57280360ce44eaf36d0cc0cc5d7994/56.jpg",52581,d26b832e751a75dbffaf8264058d53d6e489fd9c679ba07119fe9a947542fb80
"storage/resource-library/previews/4b38863828c37ab1e32b94a066ce1cc60a57280360ce44eaf36d0cc0cc5d7994/57.jpg",68881,d5f3b0c200c468fe3129fac16b6e53de22a12151c8cb3f49429d31214ea588cd
"storage/resource-library/previews/4b38863828c37ab1e32b94a066ce1cc60a57280360ce44eaf36d0cc0cc5d7994/58.jpg",71307,8dfcacff336603dfd9ca9a6e8a361cb2fc6ecfec444f2bffc9fc40ae067ed559
"storage/resource-library/previews/4b38863828c37ab1e32b94a066ce1cc60a57280360ce44eaf36d0cc0cc5d7994/59.jpg",70947,400dab970b254c1000a6c2231aff364d2d54b8bd74949a068231b1c15da06fff
"storage/resource-library/previews/4b38863828c37ab1e32b94a066ce1cc60a57280360ce44eaf36d0cc0cc5d7994/6.jpg",82447,49c7e511e03140be7315b5e58eae5991f9650c6a74f265453f426a8cd4167b59
"storage/resource-library/previews/4b38863828c37ab1e32b94a066ce1cc60a57280360ce44eaf36d0cc0cc5d7994/60.jpg",63618,28057fcbea4214ecadc3d1235b17ca31c7956f5032830da15a72f49917f3973d
"storage/resource-library/previews/4b38863828c37ab1e32b94a066ce1cc60a57280360ce44eaf36d0cc0cc5d7994/61.jpg",57915,136bb9a18836d6b93807c62896efc5e87ad7ee5f1a15fcc4d29f9612864aaefd
"storage/resource-library/previews/4b38863828c37ab1e32b94a066ce1cc60a57280360ce44eaf36d0cc0cc5d7994/62.jpg",62647,c79e55bee80579746f1b173a87dffd81ee018efb9a3dffbd11d4f7757bd3d1bf
"storage/resource-library/previews/4b38863828c37ab1e32b94a066ce1cc60a57280360ce44eaf36d0cc0cc5d7994/63.jpg",63415,84b9a3d29b80d2a20d1fa8e4a684f31f9fb0ccc84b54b87094f8571979c6906e
"storage/resource-library/previews/4b38863828c37ab1e32b94a066ce1cc60a57280360ce44eaf36d0cc0cc5d7994/64.jpg",62540,ac3d6fb1f4e40412012c7c0ccbd03b23aefe0e93e49857d3b83c376b6ed3c23e
"storage/resource-library/previews/4b38863828c37ab1e32b94a066ce1cc60a57280360ce44eaf36d0cc0cc5d7994/65.jpg",59679,d58504ce42f887f1d22711b0a2ea7f58ca19f176c412a1a16fcc1559d6d2f883
"storage/resource-library/previews/4b38863828c37ab1e32b94a066ce1cc60a57280360ce44eaf36d0cc0cc5d7994/66.jpg",57497,dfcbb016edf258fdf1133cb9082868bf0ad00a33da4731473d14113d016d7bf1
"storage/resource-library/previews/4b38863828c37ab1e32b94a066ce1cc60a57280360ce44eaf36d0cc0cc5d7994/67.jpg",66285,e72212966b7ae37c66d6a64e4bcd39a308779650422dc100d8827fffabe96377
"storage/resource-library/previews/4b38863828c37ab1e32b94a066ce1cc60a57280360ce44eaf36d0cc0cc5d7994/68.jpg",62017,8ab9951a792305d048aadf9deac67a5f13feeee786c45c931bfa79488236f47f
"storage/resource-library/previews/4b38863828c37ab1e32b94a066ce1cc60a57280360ce44eaf36d0cc0cc5d7994/69.jpg",61563,56e021c53687c9faf75d395895bcfae8a427146c56eb491a841a51b07e68c69b
"storage/resource-library/previews/4b38863828c37ab1e32b94a066ce1cc60a57280360ce44eaf36d0cc0cc5d7994/7.jpg",83841,188faa84e6360aa91881bc560d5166eef35f2f3ef384f0faee58803bbee3276f
"storage/resource-library/previews/4b38863828c37ab1e32b94a066ce1cc60a57280360ce44eaf36d0cc0cc5d7994/70.jpg",66812,430d82d90f91c188cf4ee0530f830d0dc655863459bd58ead2ac9ad3c4096394
"storage/resource-library/previews/4b38863828c37ab1e32b94a066ce1cc60a57280360ce44eaf36d0cc0cc5d7994/71.jpg",69067,3ffc9ddc641edd0dad702884bc95207fc2075029e9a66682da70b4172c904a5b
"storage/resource-library/previews/4b38863828c37ab1e32b94a066ce1cc60a57280360ce44eaf36d0cc0cc5d7994/72.jpg",65138,8d88536c3574fd9cfee5a29cc494124459661150a9b393844eff0e706be8670a
"storage/resource-library/previews/4b38863828c37ab1e32b94a066ce1cc60a57280360ce44eaf36d0cc0cc5d7994/73.jpg",67763,ce9d655c8d8676b9fd994c02aca70479344869e31b0f395901b82f006c26eaf8
"storage/resource-library/previews/4b38863828c37ab1e32b94a066ce1cc60a57280360ce44eaf36d0cc0cc5d7994/74.jpg",67142,0c8e639599645a228dd2fa6c14fa5fa47c4421e7626110d348453e0f3f73657c
"storage/resource-library/previews/4b38863828c37ab1e32b94a066ce1cc60a57280360ce44eaf36d0cc0cc5d7994/75.jpg",69096,3e43a9992ccc2225e0aa1b32874600b3267881dcf13bb82ac23c96051885a3c1
"storage/resource-library/previews/4b38863828c37ab1e32b94a066ce1cc60a57280360ce44eaf36d0cc0cc5d7994/76.jpg",66534,8ed411258ec551b92cdcdef956361fa0f56717c4180ed454b35ef374980f8576
"storage/resource-library/previews/4b38863828c37ab1e32b94a066ce1cc60a57280360ce44eaf36d0cc0cc5d7994/77.jpg",64676,6bfef7a5080b98de28fd84a52021c859337ea1e2cce2d5838729bc81cb4b5c9a
"storage/resource-library/previews/4b38863828c37ab1e32b94a066ce1cc60a57280360ce44eaf36d0cc0cc5d7994/78.jpg",65581,919491da2eb53806f34ab2da96ad42ec1d3eed112d3c852f1cfa646da2342858
"storage/resource-library/previews/4b38863828c37ab1e32b94a066ce1cc60a57280360ce44eaf36d0cc0cc5d7994/79.jpg",67063,b7d1e1b5df4298eed417ac33193119fe6e378ae40cccc0e4072397ebc3dbbfd1
"storage/resource-library/previews/4b38863828c37ab1e32b94a066ce1cc60a57280360ce44eaf36d0cc0cc5d7994/8.jpg",32866,efcd0a4b6e53ca2bdb4004469502e3b4e35c988d0d5cd97a87001a135b53da7d
"storage/resource-library/previews/4b38863828c37ab1e32b94a066ce1cc60a57280360ce44eaf36d0cc0cc5d7994/80.jpg",62307,2c1c42b2da7b79e1d69249c4a914eb16debb3fb51f69ef4a2e35d6262aa2a783
"storage/resource-library/previews/4b38863828c37ab1e32b94a066ce1cc60a57280360ce44eaf36d0cc0cc5d7994/81.jpg",66053,3f409ac9aa147776a3f648281e8315aa6ec1b0b8427386933622bc9c24cbe2a1
"storage/resource-library/previews/4b38863828c37ab1e32b94a066ce1cc60a57280360ce44eaf36d0cc0cc5d7994/82.jpg",65703,74a58e38d385f0b08018bb1a4236afb2c07f551b9d69bce344b2832b1e601076
"storage/resource-library/previews/4b38863828c37ab1e32b94a066ce1cc60a57280360ce44eaf36d0cc0cc5d7994/83.jpg",59765,bd099b3575ba8980183bbea4f2a1e195246009a7d23b5bd6bbe43508f52ab034
"storage/resource-library/previews/4b38863828c37ab1e32b94a066ce1cc60a57280360ce44eaf36d0cc0cc5d7994/84.jpg",62520,9cca3c872e451bf6418a7ade270c77e665ac18116116f4f1ab40ea8a2eece043
"storage/resource-library/previews/4b38863828c37ab1e32b94a066ce1cc60a57280360ce44eaf36d0cc0cc5d7994/85.jpg",43343,835b302cea15418e6a22a29c1a6ec92659cf953ac79587922865bfc635c9c32d
"storage/resource-library/previews/4b38863828c37ab1e32b94a066ce1cc60a57280360ce44eaf36d0cc0cc5d7994/86.jpg",39962,d1e23d2a4ba5178e5e50b81273d822f787c4909efe7a894808f3bb2dfbc5f5ac
"storage/resource-library/previews/4b38863828c37ab1e32b94a066ce1cc60a57280360ce44eaf36d0cc0cc5d7994/87.jpg",44085,c1a6eb8a5835361621805dbc29935561769426791f669f37482c984fd1580b9e
"storage/resource-library/previews/4b38863828c37ab1e32b94a066ce1cc60a57280360ce44eaf36d0cc0cc5d7994/88.jpg",56843,4b0f42a149bbb5967c582df3470198df2468944df5734b5ae7107bb85460a88f
"storage/resource-library/previews/4b38863828c37ab1e32b94a066ce1cc60a57280360ce44eaf36d0cc0cc5d7994/89.jpg",36495,e04c7862da152b6f903ad2af8ed2a9790870880ad5f6a1c41489aac18a2cff8a
"storage/resource-library/previews/4b38863828c37ab1e32b94a066ce1cc60a57280360ce44eaf36d0cc0cc5d7994/9.jpg",60423,ac1dd060a2cd339b98133911aee9c29a42e2045371afe4fb6abf27dcc1eba534
"storage/resource-library/previews/4b38863828c37ab1e32b94a066ce1cc60a57280360ce44eaf36d0cc0cc5d7994/90.jpg",36164,26284c804f14c92ab4bac73a8e2ab15ef08d42b7a9e141eb198f20159673facb
"storage/resource-library/previews/4b38863828c37ab1e32b94a066ce1cc60a57280360ce44eaf36d0cc0cc5d7994/91.jpg",62637,cf799cb1d74acbb31b932d378d3786d5b6eb1b32571b84531e9c97068203a2e2
"storage/resource-library/previews/4b38863828c37ab1e32b94a066ce1cc60a57280360ce44eaf36d0cc0cc5d7994/92.jpg",63233,ea5a3aac147d71b1ee961eb39266f37674d4fcfe0040586e93e2cb5709eeaa10
"storage/resource-library/previews/4b38863828c37ab1e32b94a066ce1cc60a57280360ce44eaf36d0cc0cc5d7994/93.jpg",61703,08fd0e05263d93053cfd0a297e64a74db1022093818766ca0cf63fb1aff1bc3b
"storage/resource-library/previews/4b38863828c37ab1e32b94a066ce1cc60a57280360ce44eaf36d0cc0cc5d7994/94.jpg",54284,b0c6ae0b9ece778cdd533883a1ade36c303578b48881f8a9815b6f93ec0af109
"storage/resource-library/previews/4b38863828c37ab1e32b94a066ce1cc60a57280360ce44eaf36d0cc0cc5d7994/95.jpg",66171,e14527276a566480981db234a34415cf42c3348f591b10bf6f8c83730f7b67f9
"storage/resource-library/previews/4b38863828c37ab1e32b94a066ce1cc60a57280360ce44eaf36d0cc0cc5d7994/96.jpg",63036,56843ddb142c3c209545711707bb360b89d67dd470e867d0ccb87a8bb26c7d15
"storage/resource-library/previews/4b38863828c37ab1e32b94a066ce1cc60a57280360ce44eaf36d0cc0cc5d7994/97.jpg",39690,9604cc09974102faae7ec729ce8c3a75a6a624c6793d53ac91606a15a3e49738
"storage/resource-library/previews/4b38863828c37ab1e32b94a066ce1cc60a57280360ce44eaf36d0cc0cc5d7994/98.jpg",48121,28d57e0812827bcc8227ef7be1f1d56906400b8691ae38572f324cb540180a86
"storage/resource-library/previews/4b38863828c37ab1e32b94a066ce1cc60a57280360ce44eaf36d0cc0cc5d7994/99.jpg",68748,6e72200e9b7514ea02b43d98186f8dbf731c5e765e21a548b3d698cea6ce69d9
"storage/resource-library/previews/4b38863828c37ab1e32b94a066ce1cc60a57280360ce44eaf36d0cc0cc5d7994/manifest.json",14,4819aae99841e4a6f7897011981a931d7cffd7c9929b6a717a291a8ea2b4ce08
"storage/resource-library/previews/4bfb9fd40d520b509d93edd0564f1b0595e65189e6b05c2846fa5b3f310a34bf/1.jpg",92593,f71f37e15e87711b24678d247350658385949777d6892d60aec692bb8a9b5925
"storage/resource-library/previews/4bfb9fd40d520b509d93edd0564f1b0595e65189e6b05c2846fa5b3f310a34bf/10.jpg",143231,a7f2f07a394e9ba402a7b88e2f8241aac4ab93bee22b33d0bd39de13f5d4f2a6
"storage/resource-library/previews/4bfb9fd40d520b509d93edd0564f1b0595e65189e6b05c2846fa5b3f310a34bf/100.jpg",131287,d06b637ecfb9177e37c0db38d3637a1c118c241caba553559f893c135ac47697
"storage/resource-library/previews/4bfb9fd40d520b509d93edd0564f1b0595e65189e6b05c2846fa5b3f310a34bf/101.jpg",108189,c8d6699e6525c023ab5fbc1426352cc2fc9c1d4e716ac836c5ad7e635eb57854
"storage/resource-library/previews/4bfb9fd40d520b509d93edd0564f1b0595e65189e6b05c2846fa5b3f310a34bf/102.jpg",123882,e5462a6df80aa42d3a83398d870e5da3bcf9a28402eb6b3a7dbe49e7681dc13e
"storage/resource-library/previews/4bfb9fd40d520b509d93edd0564f1b0595e65189e6b05c2846fa5b3f310a34bf/103.jpg",125530,ee391959b59314684b65649482c0691877a7f8afca0db97930ad051995430be4
"storage/resource-library/previews/4bfb9fd40d520b509d93edd0564f1b0595e65189e6b05c2846fa5b3f310a34bf/104.jpg",123693,17dc810f7a3d5618462d883cc75a7f5cbab7d8ca29be742cbddbd14cb99e76ef
"storage/resource-library/previews/4bfb9fd40d520b509d93edd0564f1b0595e65189e6b05c2846fa5b3f310a34bf/105.jpg",94279,c56efc95d0b6b5a03983ed33f5b312bbcd26dd95af9b99abfcfb471b6689686b
"storage/resource-library/previews/4bfb9fd40d520b509d93edd0564f1b0595e65189e6b05c2846fa5b3f310a34bf/106.jpg",140022,1bbfd8111f63a5b4a9efc9dc02d4b00fd4f84f22766d489bb81038292aa28b34
"storage/resource-library/previews/4bfb9fd40d520b509d93edd0564f1b0595e65189e6b05c2846fa5b3f310a34bf/107.jpg",108123,4813ad5149d92953e429e5a3c86323efa85eef8d485e9ea5635dc91028ada930
"storage/resource-library/previews/4bfb9fd40d520b509d93edd0564f1b0595e65189e6b05c2846fa5b3f310a34bf/108.jpg",96171,7fef97c5951c78870afcc7464813a7ae9b42d5194160630d5aa67ff51bc3897d
"storage/resource-library/previews/4bfb9fd40d520b509d93edd0564f1b0595e65189e6b05c2846fa5b3f310a34bf/109.jpg",104734,e9cc5ab6a1399b6b499d39a49958c51ab6b663bd29d778a23c02ead2112d7270
"storage/resource-library/previews/4bfb9fd40d520b509d93edd0564f1b0595e65189e6b05c2846fa5b3f310a34bf/11.jpg",128682,f67e3818f29c13fa0b21fc2e82303207a6ee52e6b7d832d23669e5a4dfb75dfe
"storage/resource-library/previews/4bfb9fd40d520b509d93edd0564f1b0595e65189e6b05c2846fa5b3f310a34bf/110.jpg",119543,d077349eb977be68a5975a52a2f542d3d6832cdebd12bfa9b76aedb2a3834847
"storage/resource-library/previews/4bfb9fd40d520b509d93edd0564f1b0595e65189e6b05c2846fa5b3f310a34bf/111.jpg",140758,9e7a1101283523c24ae08ca1be6581ad47932be0b06e069bc53221be6ae70714
"storage/resource-library/previews/4bfb9fd40d520b509d93edd0564f1b0595e65189e6b05c2846fa5b3f310a34bf/112.jpg",114004,e8d1049b5aee45ce68ed3cea62506511df90de9c3c685d0e7df313fb3c7011bb
"storage/resource-library/previews/4bfb9fd40d520b509d93edd0564f1b0595e65189e6b05c2846fa5b3f310a34bf/113.jpg",130883,2dbcad243354b76a4866fa3b427f1ab2f7ead2f43116f2f8f343b27f1119131b
"storage/resource-library/previews/4bfb9fd40d520b509d93edd0564f1b0595e65189e6b05c2846fa5b3f310a34bf/114.jpg",100475,d27e8dadc2b8cfdba58a5aa455b4f5d9f25c84b94653a7e29e47772ff0da980d
"storage/resource-library/previews/4bfb9fd40d520b509d93edd0564f1b0595e65189e6b05c2846fa5b3f310a34bf/115.jpg",145701,d3ad0dc0e516452196dcc636745c2ceeddc1685a04378775cae437942facaa8b
"storage/resource-library/previews/4bfb9fd40d520b509d93edd0564f1b0595e65189e6b05c2846fa5b3f310a34bf/116.jpg",161182,ca70dc3c75e569ef560033893995a9a735545b915927b0d31a3cdb8bdd1bc20c
"storage/resource-library/previews/4bfb9fd40d520b509d93edd0564f1b0595e65189e6b05c2846fa5b3f310a34bf/117.jpg",168252,ef77781574e290ff19e10b6d01e32ca6cd457a39a800accac40065a4c84e9846
"storage/resource-library/previews/4bfb9fd40d520b509d93edd0564f1b0595e65189e6b05c2846fa5b3f310a34bf/118.jpg",164331,9e6a3523a0b466fc8abaa95693d5f38ce59653ab39a5c81dc31a30e4f37bda0b
"storage/resource-library/previews/4bfb9fd40d520b509d93edd0564f1b0595e65189e6b05c2846fa5b3f310a34bf/119.jpg",115583,f7b16c9a3cd94f1da5485742e055e2ca22116f1be6096e07eac2612453d76060
"storage/resource-library/previews/4bfb9fd40d520b509d93edd0564f1b0595e65189e6b05c2846fa5b3f310a34bf/12.jpg",70991,fac612e68b68334b9b56c2766c7048a3d9651b8c9156c2a5a9fbb7742b36bf12
"storage/resource-library/previews/4bfb9fd40d520b509d93edd0564f1b0595e65189e6b05c2846fa5b3f310a34bf/120.jpg",145195,b1f8fcd7d91f5da6264b131a6570dff1774c4a67925242fb2ab3d7d3c814a5e8
"storage/resource-library/previews/4bfb9fd40d520b509d93edd0564f1b0595e65189e6b05c2846fa5b3f310a34bf/121.jpg",152387,f07e40044be86fb4ca8078ca8d265b29eebd05e80eb6e388d29d036ed4febffa
"storage/resource-library/previews/4bfb9fd40d520b509d93edd0564f1b0595e65189e6b05c2846fa5b3f310a34bf/122.jpg",149179,62cb14e7475b2c711fde6f4ac0068b8010d2c630e1039b68139ded60857fcc37
"storage/resource-library/previews/4bfb9fd40d520b509d93edd0564f1b0595e65189e6b05c2846fa5b3f310a34bf/123.jpg",110402,f4d34bac79f803509b397fc812db10986e4d4265681c95da17ddbdc7f0694562
"storage/resource-library/previews/4bfb9fd40d520b509d93edd0564f1b0595e65189e6b05c2846fa5b3f310a34bf/124.jpg",130022,0973b9d2bc2cd9ffbbae94ba36d059c42196d8b5801657aa30935f66580b838a
"storage/resource-library/previews/4bfb9fd40d520b509d93edd0564f1b0595e65189e6b05c2846fa5b3f310a34bf/125.jpg",119152,a557a7ece13f88c82f38ba0612429e54b6b07835f70ac8a1b5dd4382777c5044
"storage/resource-library/previews/4bfb9fd40d520b509d93edd0564f1b0595e65189e6b05c2846fa5b3f310a34bf/126.jpg",118419,99e8cd26d9432f8f69904dd6b7dfb8042bc0ffeb78d265ff2d04e2daa4f86e82
"storage/resource-library/previews/4bfb9fd40d520b509d93edd0564f1b0595e65189e6b05c2846fa5b3f310a34bf/127.jpg",84601,92ed1e8dd18dede435866a27355add71b6df7f9d2fc675cc5c8fc29ec1da676b
"storage/resource-library/previews/4bfb9fd40d520b509d93edd0564f1b0595e65189e6b05c2846fa5b3f310a34bf/13.jpg",94242,3ab919fad99ab82ff132eec5e466902ddffb69d456cb9904af042d5834075984
"storage/resource-library/previews/4bfb9fd40d520b509d93edd0564f1b0595e65189e6b05c2846fa5b3f310a34bf/14.jpg",89306,5e447044625b6d779adcaee86b2c04523cf704ecca86bec6d03462a4681b2bd1
"storage/resource-library/previews/4bfb9fd40d520b509d93edd0564f1b0595e65189e6b05c2846fa5b3f310a34bf/15.jpg",117593,fcbc301728e0a4c5210ee3f1aecfc95ac40379c62fb3098c0494d27da197c7f1
"storage/resource-library/previews/4bfb9fd40d520b509d93edd0564f1b0595e65189e6b05c2846fa5b3f310a34bf/16.jpg",189333,3c665887d9572c723746f4c00557774599bc9a0b751b5b6ed99a4e4812c9fc70
"storage/resource-library/previews/4bfb9fd40d520b509d93edd0564f1b0595e65189e6b05c2846fa5b3f310a34bf/17.jpg",101619,8ed5caacabc579218ce5acab72e25553a61d4d78539cb2e19e090b80b288cc62
"storage/resource-library/previews/4bfb9fd40d520b509d93edd0564f1b0595e65189e6b05c2846fa5b3f310a34bf/18.jpg",151080,3d2e4296dbb89c7e807868f017483990cae6b551d0ee6345e68e377d81c2edfa
"storage/resource-library/previews/4bfb9fd40d520b509d93edd0564f1b0595e65189e6b05c2846fa5b3f310a34bf/19.jpg",105927,9be79cf4fb61c4bad4ff49bf41b36ba9aab183d27b369768e9476d9adedcee56
"storage/resource-library/previews/4bfb9fd40d520b509d93edd0564f1b0595e65189e6b05c2846fa5b3f310a34bf/2.jpg",232955,dce28a39419d6de8f580cba1877b1320ca74253b77314c14482659c3f4bb5071
"storage/resource-library/previews/4bfb9fd40d520b509d93edd0564f1b0595e65189e6b05c2846fa5b3f310a34bf/20.jpg",176482,20b1a9ff5e466a3d6f3cc6b4d4b19bb5ec568cf9bca391bfb4bde84cd32b828a
"storage/resource-library/previews/4bfb9fd40d520b509d93edd0564f1b0595e65189e6b05c2846fa5b3f310a34bf/21.jpg",163064,02b4365b6d9d603cc401c8232c56613c4f4e15da8b411c09207cd5597d4dbf39
"storage/resource-library/previews/4bfb9fd40d520b509d93edd0564f1b0595e65189e6b05c2846fa5b3f310a34bf/22.jpg",118925,856b81a3f2a0e5d4ff16cccd944e6e621b455ab24c440d3230378bc0e9bf5d89
"storage/resource-library/previews/4bfb9fd40d520b509d93edd0564f1b0595e65189e6b05c2846fa5b3f310a34bf/23.jpg",112810,dbcf265368cdccc7822adeb9163411a68f4435f83b74e5c5652c4f2c81beea4b
"storage/resource-library/previews/4bfb9fd40d520b509d93edd0564f1b0595e65189e6b05c2846fa5b3f310a34bf/24.jpg",107731,3fd03e428910178ce51de3453a48b88532669d100c29321d7929cd46d672bc7e
"storage/resource-library/previews/4bfb9fd40d520b509d93edd0564f1b0595e65189e6b05c2846fa5b3f310a34bf/25.jpg",106654,f0e62a3af88c2fef4e39cfcea4b66fad6e791a037662b4652803223aad85c171
"storage/resource-library/previews/4bfb9fd40d520b509d93edd0564f1b0595e65189e6b05c2846fa5b3f310a34bf/26.jpg",116526,33b2d4d745756506a30b63a97a985f7c7f321aa6971c5bf93660443313078c39
"storage/resource-library/previews/4bfb9fd40d520b509d93edd0564f1b0595e65189e6b05c2846fa5b3f310a34bf/27.jpg",90588,b6b97c29820e00e69d7131277e51499c44378af5e6750812952b527e4c96ee84
"storage/resource-library/previews/4bfb9fd40d520b509d93edd0564f1b0595e65189e6b05c2846fa5b3f310a34bf/28.jpg",115362,92800d6eff08400d5ccd1b2d171cff9e13a3206a8250afebd748661a99029e08
"storage/resource-library/previews/4bfb9fd40d520b509d93edd0564f1b0595e65189e6b05c2846fa5b3f310a34bf/29.jpg",127199,ab5d56cedd4bd8e4ea8f7d5e15a17047f14320b930a3fa92b5f2d4b3e389b173
"storage/resource-library/previews/4bfb9fd40d520b509d93edd0564f1b0595e65189e6b05c2846fa5b3f310a34bf/3.jpg",184496,110693894e647241de0486209c45110ece07810251bfea14c54820989fd89525
"storage/resource-library/previews/4bfb9fd40d520b509d93edd0564f1b0595e65189e6b05c2846fa5b3f310a34bf/30.jpg",97462,da5909f68c0c6327145a6cb3ac3222bc5355009d203093def5aee25d6992c95d
"storage/resource-library/previews/4bfb9fd40d520b509d93edd0564f1b0595e65189e6b05c2846fa5b3f310a34bf/31.jpg",96742,19bba25f31ef276fa6c2df2d0f18e99c1f1c9217bf3b1a20ec4664981d88bf00
"storage/resource-library/previews/4bfb9fd40d520b509d93edd0564f1b0595e65189e6b05c2846fa5b3f310a34bf/32.jpg",108038,82d52e383694e55e2bb32c636bd1748b06871c7d82c5140571a1ec6dd1c8b257
"storage/resource-library/previews/4bfb9fd40d520b509d93edd0564f1b0595e65189e6b05c2846fa5b3f310a34bf/33.jpg",117984,dd92866cd4a19c69426a1f15bce8828f50bba5ae3125546e6b037285f93a41a0
"storage/resource-library/previews/4bfb9fd40d520b509d93edd0564f1b0595e65189e6b05c2846fa5b3f310a34bf/34.jpg",119884,190067ace65e73f802bf91564d8aaf086efd43f5f12b306f2f31416c7aef0fe3
"storage/resource-library/previews/4bfb9fd40d520b509d93edd0564f1b0595e65189e6b05c2846fa5b3f310a34bf/35.jpg",103597,52a3e2f3aa91c7c2708c645247fceded7829ff26406db7c5a0f2dc60476240b6
"storage/resource-library/previews/4bfb9fd40d520b509d93edd0564f1b0595e65189e6b05c2846fa5b3f310a34bf/36.jpg",121335,6faebb5e7ef0e2a8f965c8340c6a6e2ee121041a9ba9262c030813c7e3feba6f
"storage/resource-library/previews/4bfb9fd40d520b509d93edd0564f1b0595e65189e6b05c2846fa5b3f310a34bf/37.jpg",94493,237e0fac7c658a23249d8edeb3ea314cf8329458a6b981ca37392c5e85ad4494
"storage/resource-library/previews/4bfb9fd40d520b509d93edd0564f1b0595e65189e6b05c2846fa5b3f310a34bf/38.jpg",115787,86dd9cef3bcf9fb1971b7e6b8e47986d58793725a87025a9067764c73a9a4b29
"storage/resource-library/previews/4bfb9fd40d520b509d93edd0564f1b0595e65189e6b05c2846fa5b3f310a34bf/39.jpg",113406,735d6b968b2f97048b38606043521e87d1eb3903e3ad07728c1c26487746cdea
"storage/resource-library/previews/4bfb9fd40d520b509d93edd0564f1b0595e65189e6b05c2846fa5b3f310a34bf/4.jpg",137041,878fb610cae9c4559d3ef478736e7b458cd26455e83a12f6535e91e9a98da65c
"storage/resource-library/previews/4bfb9fd40d520b509d93edd0564f1b0595e65189e6b05c2846fa5b3f310a34bf/40.jpg",120680,26a2a92dc88b255429b9ddbe2406c451a596c90780877d51d577fa85040e4299
"storage/resource-library/previews/4bfb9fd40d520b509d93edd0564f1b0595e65189e6b05c2846fa5b3f310a34bf/41.jpg",158216,730c9bf1ec6acb65a0a7f0b69356030982537af18416dda48daf77aba0f270d2
"storage/resource-library/previews/4bfb9fd40d520b509d93edd0564f1b0595e65189e6b05c2846fa5b3f310a34bf/42.jpg",89140,70613f12a91ee0fb687837bd0334e81e7bc9d5c6f6221f3c875843dbee522276
"storage/resource-library/previews/4bfb9fd40d520b509d93edd0564f1b0595e65189e6b05c2846fa5b3f310a34bf/43.jpg",128038,a31779c118b1396b4c454916e6319e3c9298e345723028c9fcb524ccb3122c8f
"storage/resource-library/previews/4bfb9fd40d520b509d93edd0564f1b0595e65189e6b05c2846fa5b3f310a34bf/44.jpg",103394,a56aca68c706f5e6732b56471cc76829b658d98706d26caf2e5251610ebde6dd
"storage/resource-library/previews/4bfb9fd40d520b509d93edd0564f1b0595e65189e6b05c2846fa5b3f310a34bf/45.jpg",77812,553474f04d53c5f8e8895f77ac17a827082bbb7141bf324bf2dcab5339db89d3
"storage/resource-library/previews/4bfb9fd40d520b509d93edd0564f1b0595e65189e6b05c2846fa5b3f310a34bf/46.jpg",129818,79158fa9575a29dc9f2f77fbe97fd4b45d1d5ecea7b5fcee5717b344f9e96678
"storage/resource-library/previews/4bfb9fd40d520b509d93edd0564f1b0595e65189e6b05c2846fa5b3f310a34bf/47.jpg",123196,b38a4fc9c4ab849f8471a26fcf71a5fe66178cd8d6538724f4f74ad66c803605
"storage/resource-library/previews/4bfb9fd40d520b509d93edd0564f1b0595e65189e6b05c2846fa5b3f310a34bf/48.jpg",133897,01d6f36f23c897b23bfd11d403ca9f1c4e8310bd9e9d12e8a6224fbebaec7915
"storage/resource-library/previews/4bfb9fd40d520b509d93edd0564f1b0595e65189e6b05c2846fa5b3f310a34bf/49.jpg",130180,ebe8fde2dfe4f3b80c3fa1bbeb307dacd18512fbfe3f77ed03849d885529f5c2
"storage/resource-library/previews/4bfb9fd40d520b509d93edd0564f1b0595e65189e6b05c2846fa5b3f310a34bf/5.jpg",158129,672fb4d8d54d97416634018e9c477aeed3373689da3b66d3423a860cea17bf0b
"storage/resource-library/previews/4bfb9fd40d520b509d93edd0564f1b0595e65189e6b05c2846fa5b3f310a34bf/50.jpg",120387,0b7fa50e2d6fb89bd7acf491baad43f3bf5dfd91ade18f41f0113b2e0574fe13
"storage/resource-library/previews/4bfb9fd40d520b509d93edd0564f1b0595e65189e6b05c2846fa5b3f310a34bf/51.jpg",140873,c737865365a8ba9a3ec5d0ff643e672e0d61af569fae89f99361188b6adb7da8
"storage/resource-library/previews/4bfb9fd40d520b509d93edd0564f1b0595e65189e6b05c2846fa5b3f310a34bf/52.jpg",138047,25fa8c48cc55f6cfe4bdcedaa9741581159f6ad8d6a6e5cc84a80f29c3699cf3
"storage/resource-library/previews/4bfb9fd40d520b509d93edd0564f1b0595e65189e6b05c2846fa5b3f310a34bf/53.jpg",96016,8aa41842a807142f103e92464c22ee80534784b1473bdc1c62547d90269fec86
"storage/resource-library/previews/4bfb9fd40d520b509d93edd0564f1b0595e65189e6b05c2846fa5b3f310a34bf/54.jpg",151064,a5184487ab60bb198603391fec0ad4013cb45670a2e319ffec720f6b39384b06
"storage/resource-library/previews/4bfb9fd40d520b509d93edd0564f1b0595e65189e6b05c2846fa5b3f310a34bf/55.jpg",122715,be5d9ae7a4e819ab05233ab8af7d5a74b7f3a068caabf82815238d70aec1e128
"storage/resource-library/previews/4bfb9fd40d520b509d93edd0564f1b0595e65189e6b05c2846fa5b3f310a34bf/56.jpg",121701,1122ed94362a69381e8d12577d5b0ec688ceff2fae29f4c2f020cf58efaa8502
"storage/resource-library/previews/4bfb9fd40d520b509d93edd0564f1b0595e65189e6b05c2846fa5b3f310a34bf/57.jpg",131902,0f62f3dcfa8bec758ba9e393b72ed98ae2dbd94da26099e3656bfe7497ac1177
"storage/resource-library/previews/4bfb9fd40d520b509d93edd0564f1b0595e65189e6b05c2846fa5b3f310a34bf/58.jpg",120291,cc60ff8a5d9290cbeddc245061dfedd106ade78ee8ae4623ea4e71559990cf46
"storage/resource-library/previews/4bfb9fd40d520b509d93edd0564f1b0595e65189e6b05c2846fa5b3f310a34bf/59.jpg",140167,869f53d0ecf1b300308ef8804c7f90faee2b796d7c92f1820af13b75d77f9444
"storage/resource-library/previews/4bfb9fd40d520b509d93edd0564f1b0595e65189e6b05c2846fa5b3f310a34bf/6.jpg",161528,baca3cc27b14e93520cdf3aaf21bffb5478f6d4fa06bd68b89054706a7bc630f
"storage/resource-library/previews/4bfb9fd40d520b509d93edd0564f1b0595e65189e6b05c2846fa5b3f310a34bf/60.jpg",119296,b18c561f49912a881322e757fc12cceab07e2fb90a5e417676dbdbffabc0012e
"storage/resource-library/previews/4bfb9fd40d520b509d93edd0564f1b0595e65189e6b05c2846fa5b3f310a34bf/61.jpg",123440,75c9b5cb5cec5a4b7c87545eb616fe0e1fd1422a9380e3cc5826f5ae50c0fcbf
"storage/resource-library/previews/4bfb9fd40d520b509d93edd0564f1b0595e65189e6b05c2846fa5b3f310a34bf/62.jpg",87137,077b4533dfcb4992be409f27f19f3d0acf0a7bc37c519b1ca0f7ae63019cc617
"storage/resource-library/previews/4bfb9fd40d520b509d93edd0564f1b0595e65189e6b05c2846fa5b3f310a34bf/63.jpg",187612,f250728a7735495b3326cb4e605d8383c29a8f38b147fdc9028c7ac4893eb1d5
"storage/resource-library/previews/4bfb9fd40d520b509d93edd0564f1b0595e65189e6b05c2846fa5b3f310a34bf/64.jpg",143770,304038c0f54599a8157af580cefeb1d9cba65d66c3fb5b825dc9dc45c4619981
"storage/resource-library/previews/4bfb9fd40d520b509d93edd0564f1b0595e65189e6b05c2846fa5b3f310a34bf/65.jpg",142116,266090e5555308123ee6154cd7b892f9556e16da4e5f3160bc4fe34e9055d8e7
"storage/resource-library/previews/4bfb9fd40d520b509d93edd0564f1b0595e65189e6b05c2846fa5b3f310a34bf/66.jpg",128532,c28ff31e88fe09fe7f49267ec590c01951e72e7986d40e5961da2d499e3166b3
"storage/resource-library/previews/4bfb9fd40d520b509d93edd0564f1b0595e65189e6b05c2846fa5b3f310a34bf/67.jpg",128554,5d60e9732fb3d9ba92fbbdc92b80799c54f1ea9bcf183e6adee02e47da3eefdc
"storage/resource-library/previews/4bfb9fd40d520b509d93edd0564f1b0595e65189e6b05c2846fa5b3f310a34bf/68.jpg",108280,27f55718a555c6d8205b80a15fbe6024f1e002c69e4f0c4fa76804213bcdec2d
"storage/resource-library/previews/4bfb9fd40d520b509d93edd0564f1b0595e65189e6b05c2846fa5b3f310a34bf/69.jpg",119325,367c589ec2a7ae7bb0401861419a0fecd51f0c8b2a889cd07d8f929f9bfce3aa
"storage/resource-library/previews/4bfb9fd40d520b509d93edd0564f1b0595e65189e6b05c2846fa5b3f310a34bf/7.jpg",140831,cd00f12a15f2cd0e6d9a9ba0db1513540af001e1fca97172de18fd87c9a81056
"storage/resource-library/previews/4bfb9fd40d520b509d93edd0564f1b0595e65189e6b05c2846fa5b3f310a34bf/70.jpg",101169,efbba53832cada92c1392a08b5dd25403ad57ec5267c666b497f1d73987fc8f9
"storage/resource-library/previews/4bfb9fd40d520b509d93edd0564f1b0595e65189e6b05c2846fa5b3f310a34bf/71.jpg",137709,9d227e7849fe640d4029788d4e6f668f0ebeb583ff58b6a28673446b0a3c780e
"storage/resource-library/previews/4bfb9fd40d520b509d93edd0564f1b0595e65189e6b05c2846fa5b3f310a34bf/72.jpg",105167,3ffe707f59723d697d0ef0f28d0047a8553c126a0c6a01b4c9a108e1e2b9688a
"storage/resource-library/previews/4bfb9fd40d520b509d93edd0564f1b0595e65189e6b05c2846fa5b3f310a34bf/73.jpg",115920,51aca1b5680b5147b9adba921d7f338daa40e9186c87cc6b408b416b710a47c2
"storage/resource-library/previews/4bfb9fd40d520b509d93edd0564f1b0595e65189e6b05c2846fa5b3f310a34bf/74.jpg",92819,e283992c3cf392c9ee128931048065e79fb01132e2ca4312fb381f9d9c987e93
"storage/resource-library/previews/4bfb9fd40d520b509d93edd0564f1b0595e65189e6b05c2846fa5b3f310a34bf/75.jpg",91001,5089da2f276a25b6e5fa8a2d62e28a1cac3d2fd00a279fbf0683b909b89aca16
"storage/resource-library/previews/4bfb9fd40d520b509d93edd0564f1b0595e65189e6b05c2846fa5b3f310a34bf/76.jpg",88326,cf8148ed03e6619098edc3578a342bffeb55fe02bf93369da55a68f63be38a14
"storage/resource-library/previews/4bfb9fd40d520b509d93edd0564f1b0595e65189e6b05c2846fa5b3f310a34bf/77.jpg",159315,66f6bf14c9437c35fc37d2d20365c5790303c84b6d585a3230cdb06f57e241ea
"storage/resource-library/previews/4bfb9fd40d520b509d93edd0564f1b0595e65189e6b05c2846fa5b3f310a34bf/78.jpg",139811,5009a81d489f2cc06413b77fa478d446ca2c2f86e8b2fcb6bbea7233943e1ecc
"storage/resource-library/previews/4bfb9fd40d520b509d93edd0564f1b0595e65189e6b05c2846fa5b3f310a34bf/79.jpg",128413,85647d743b590f721d788b314de874c89e7dfb07dea1c84e95eb02694bc0654c
"storage/resource-library/previews/4bfb9fd40d520b509d93edd0564f1b0595e65189e6b05c2846fa5b3f310a34bf/8.jpg",141077,d8ef96a23bd7d118531570a330926cef1b9e20fc9e70555a3c4644646a2404f1
"storage/resource-library/previews/4bfb9fd40d520b509d93edd0564f1b0595e65189e6b05c2846fa5b3f310a34bf/80.jpg",129984,e47f300780c27eec61f241e025ba5cee4ecd41a368162fdaa02b297ba82a361f
"storage/resource-library/previews/4bfb9fd40d520b509d93edd0564f1b0595e65189e6b05c2846fa5b3f310a34bf/81.jpg",110663,165a541902484ade15a377bfabf7b03dbd9b54702a5825aadc36b9269e5cb9b7
"storage/resource-library/previews/4bfb9fd40d520b509d93edd0564f1b0595e65189e6b05c2846fa5b3f310a34bf/82.jpg",121248,30f4d17e439e41fdfdfe8829be016ce1ff6a1660c01abf593ace24b8ad9ae0fb
"storage/resource-library/previews/4bfb9fd40d520b509d93edd0564f1b0595e65189e6b05c2846fa5b3f310a34bf/83.jpg",132341,63e2102d20870e6fd371e6622ab157b387a4a20022226a58e871e22edddc74fb
"storage/resource-library/previews/4bfb9fd40d520b509d93edd0564f1b0595e65189e6b05c2846fa5b3f310a34bf/84.jpg",120786,b6d86349e1038f85823395229183bec3c2f071d1218d1c98077ffa651c6e6e3b
"storage/resource-library/previews/4bfb9fd40d520b509d93edd0564f1b0595e65189e6b05c2846fa5b3f310a34bf/85.jpg",105354,10f6be541f6ed18cb812395605f8aa3c2fe04845a89eb65a62fd14b6c5873520
"storage/resource-library/previews/4bfb9fd40d520b509d93edd0564f1b0595e65189e6b05c2846fa5b3f310a34bf/86.jpg",104865,1e980c0345434a347dab2ae78c520700bd43ba4d07a54ae5e6414d1ebf0a6599
"storage/resource-library/previews/4bfb9fd40d520b509d93edd0564f1b0595e65189e6b05c2846fa5b3f310a34bf/87.jpg",126329,3950f76f8644fa16f2b2626a64ae65e2cdc5e7f35fae9cc51722eb4a07e4863e
"storage/resource-library/previews/4bfb9fd40d520b509d93edd0564f1b0595e65189e6b05c2846fa5b3f310a34bf/88.jpg",134512,199517816cfde34619cf954e4fc0b0add31ff9c19d1c48ff3fedc568bfa3e2db
"storage/resource-library/previews/4bfb9fd40d520b509d93edd0564f1b0595e65189e6b05c2846fa5b3f310a34bf/89.jpg",111000,27bfa4a3ae784d06fffa4f52935e424b0c0b2f03f1203e599facf9eb59a2369d
"storage/resource-library/previews/4bfb9fd40d520b509d93edd0564f1b0595e65189e6b05c2846fa5b3f310a34bf/9.jpg",136496,bc7515119b9fda1f7fbfda42ac3501a6e0de513b4c0aa49df8f3d76d6c5857c2
"storage/resource-library/previews/4bfb9fd40d520b509d93edd0564f1b0595e65189e6b05c2846fa5b3f310a34bf/90.jpg",170782,ddcc617729ddb16e3a17bf2a6cff641b43f0cdd229d0214fa648a98378e863d3
"storage/resource-library/previews/4bfb9fd40d520b509d93edd0564f1b0595e65189e6b05c2846fa5b3f310a34bf/91.jpg",111411,0118556dbd2d5afe65a0099bec2393cf7f8bc3a3ed56de1acb87e25f88634a3f
"storage/resource-library/previews/4bfb9fd40d520b509d93edd0564f1b0595e65189e6b05c2846fa5b3f310a34bf/92.jpg",142644,0c5d3f4345ef1b09b6027aad7ded44934f7dd30d5a11e11e36e21ddf24bf9f7b
"storage/resource-library/previews/4bfb9fd40d520b509d93edd0564f1b0595e65189e6b05c2846fa5b3f310a34bf/93.jpg",128597,c447c86d7d891f02665832a146fb55bd6dfdaebf42a0a7a04590f2b3900790f0
"storage/resource-library/previews/4bfb9fd40d520b509d93edd0564f1b0595e65189e6b05c2846fa5b3f310a34bf/94.jpg",135519,0f827a822dfcfc0221fe1c782d19b7ecbc49534ae926e1e7320540e5b8913d46
"storage/resource-library/previews/4bfb9fd40d520b509d93edd0564f1b0595e65189e6b05c2846fa5b3f310a34bf/95.jpg",158243,be437b574a9d29e5886721860671f74f4a4cd454c9ab9c7a6d301265a5ff5b0c
"storage/resource-library/previews/4bfb9fd40d520b509d93edd0564f1b0595e65189e6b05c2846fa5b3f310a34bf/96.jpg",132139,89dd99d9d0abd6730b02300e1d68230030d2c27c4a946ac7b12597ae3f59ff6b
"storage/resource-library/previews/4bfb9fd40d520b509d93edd0564f1b0595e65189e6b05c2846fa5b3f310a34bf/97.jpg",148299,b05585697b65e5ba97101e4e0e247ec9c027b05150ebc3d37631461baa838331
"storage/resource-library/previews/4bfb9fd40d520b509d93edd0564f1b0595e65189e6b05c2846fa5b3f310a34bf/98.jpg",131965,56197fb231de38cb4baa2ae1de99c174036c49187336b4b74f1759568eb3a0f9
"storage/resource-library/previews/4bfb9fd40d520b509d93edd0564f1b0595e65189e6b05c2846fa5b3f310a34bf/99.jpg",80563,c7aa7c67d75edecf75a86d5ca40819932e37f1327158a5f04305df78252d030e
"storage/resource-library/previews/4bfb9fd40d520b509d93edd0564f1b0595e65189e6b05c2846fa5b3f310a34bf/manifest.json",14,a0fdb1ed33085465dd53a0abdbfec64cf76a5d06592ff4024070a1a4be2250f5
"storage/resource-library/previews/606ed09499af1763bbca2f79361951d012d6fd8b44e256fd0ffdb604d1c1e7a1/1.jpg",87401,23f42643c84bbbf2ae5c32101a18f94af03e9670522fabdea3231e2bf79efe53
"storage/resource-library/previews/606ed09499af1763bbca2f79361951d012d6fd8b44e256fd0ffdb604d1c1e7a1/10.jpg",100653,3c35e3485ad2f6e14b6d157deff14fe33d1a4ec4802fbc85593b3788759279e9
"storage/resource-library/previews/606ed09499af1763bbca2f79361951d012d6fd8b44e256fd0ffdb604d1c1e7a1/11.jpg",99667,a6e9e6a67439fcd29e656ecc972d99cdaefcbfe99955c26decd406f8ad5ce417
"storage/resource-library/previews/606ed09499af1763bbca2f79361951d012d6fd8b44e256fd0ffdb604d1c1e7a1/12.jpg",42912,3eedd761b16956b762a124ea2716ac3d34116966aad4912fb19cab82f90904f8
"storage/resource-library/previews/606ed09499af1763bbca2f79361951d012d6fd8b44e256fd0ffdb604d1c1e7a1/13.jpg",47602,02f81919cc0afcac0856444c693aebed95cca34934312cf1d7d93447fb245955
"storage/resource-library/previews/606ed09499af1763bbca2f79361951d012d6fd8b44e256fd0ffdb604d1c1e7a1/14.jpg",94491,c0524ac0d903978eae68b335a0c6d44fb2559b2d81848d3a13f231ba1f29d3da
"storage/resource-library/previews/606ed09499af1763bbca2f79361951d012d6fd8b44e256fd0ffdb604d1c1e7a1/15.jpg",101891,5a624096705c7799d190d6327fe8291593500664799f3aa5ddce52cbd3df555f
"storage/resource-library/previews/606ed09499af1763bbca2f79361951d012d6fd8b44e256fd0ffdb604d1c1e7a1/16.jpg",101170,211e926c29c29168b1e3d13897e5cb43a281e72cb50ef3a0f21a674c036191a5
"storage/resource-library/previews/606ed09499af1763bbca2f79361951d012d6fd8b44e256fd0ffdb604d1c1e7a1/17.jpg",127542,335a638b00754e8bc53bb73c609f3ac5244b0dd815eadcf17b5995f62646ba03
"storage/resource-library/previews/606ed09499af1763bbca2f79361951d012d6fd8b44e256fd0ffdb604d1c1e7a1/18.jpg",134317,3dc23efe15060382c0c02af061d220f40136e96cd9bca5ab35074cec4ddcc803
"storage/resource-library/previews/606ed09499af1763bbca2f79361951d012d6fd8b44e256fd0ffdb604d1c1e7a1/19.jpg",87330,0a8d62160f8f187c8d6a6ddd9e1d5cc24912e4e3ab6c912bd9655a0a21645670
"storage/resource-library/previews/606ed09499af1763bbca2f79361951d012d6fd8b44e256fd0ffdb604d1c1e7a1/2.jpg",116828,4d19678c2b4be73e6ad98bff46ed0b270b75992f3573176e0c5bba2e83cf234d
"storage/resource-library/previews/606ed09499af1763bbca2f79361951d012d6fd8b44e256fd0ffdb604d1c1e7a1/20.jpg",17119,3645e3e6dfd841844196fa25dd49a519b80c8c31e63c20cb76b2f957985cff57
"storage/resource-library/previews/606ed09499af1763bbca2f79361951d012d6fd8b44e256fd0ffdb604d1c1e7a1/21.jpg",35008,ab3cfceb256ca0a3110119d357c00b335b4eb90f57ae7c7f8fbd4ed3fcdf65b9
"storage/resource-library/previews/606ed09499af1763bbca2f79361951d012d6fd8b44e256fd0ffdb604d1c1e7a1/22.jpg",83568,25186c967a92804b260b12571649004aa374e7dddab6cab5d0c3b58d193faf32
"storage/resource-library/previews/606ed09499af1763bbca2f79361951d012d6fd8b44e256fd0ffdb604d1c1e7a1/23.jpg",42086,cf6d466ef986b62ce540d1c27f4265bc56467a0eec698c959c7e4630ac7a7e1a
"storage/resource-library/previews/606ed09499af1763bbca2f79361951d012d6fd8b44e256fd0ffdb604d1c1e7a1/24.jpg",71804,d8dc29161dd39818e20dba399ce301fda6f45138ba3a7e5cc06dd16805d107b1
"storage/resource-library/previews/606ed09499af1763bbca2f79361951d012d6fd8b44e256fd0ffdb604d1c1e7a1/25.jpg",19379,1c1a48bdec3d1ebae477f06b60910cb43453661b7df00121b2771b079a77fca1
"storage/resource-library/previews/606ed09499af1763bbca2f79361951d012d6fd8b44e256fd0ffdb604d1c1e7a1/26.jpg",30038,f749d2c29b386e11bdb8eb1b63a3273c12f43b0d148e8f13614fba9fc0946091
"storage/resource-library/previews/606ed09499af1763bbca2f79361951d012d6fd8b44e256fd0ffdb604d1c1e7a1/27.jpg",34976,9909a0b24dff88baee8ae9f2e26e5e322c7da08615a33b3602a4890130a3ee29
"storage/resource-library/previews/606ed09499af1763bbca2f79361951d012d6fd8b44e256fd0ffdb604d1c1e7a1/28.jpg",34899,ebacddb086d1b096ce543444bca1dbee82c2ab9afc483b2f53e5cd58b82384ca
"storage/resource-library/previews/606ed09499af1763bbca2f79361951d012d6fd8b44e256fd0ffdb604d1c1e7a1/29.jpg",36025,b1e098e1928ad42cec8121fd96db368cd8156e18ba381f15f3e35060113566c7
"storage/resource-library/previews/606ed09499af1763bbca2f79361951d012d6fd8b44e256fd0ffdb604d1c1e7a1/3.jpg",73888,b9ee31acb2487a93687687c2c325d3a731d85385362a1e86e87c20e2401e7bd6
"storage/resource-library/previews/606ed09499af1763bbca2f79361951d012d6fd8b44e256fd0ffdb604d1c1e7a1/30.jpg",44764,c5dd1e47e1bd8f565b1492801524ceeee1385755b66a590fafd2915c1a19c178
"storage/resource-library/previews/606ed09499af1763bbca2f79361951d012d6fd8b44e256fd0ffdb604d1c1e7a1/31.jpg",92431,6219d18101ca4ebf38fdc5d09ca697e01e8511327a9b8130c39e44982d65f5cb
"storage/resource-library/previews/606ed09499af1763bbca2f79361951d012d6fd8b44e256fd0ffdb604d1c1e7a1/32.jpg",100807,f28aaac9f4e489ff46112cead643399d514374dc78d9fb67a86efdae534b4458
"storage/resource-library/previews/606ed09499af1763bbca2f79361951d012d6fd8b44e256fd0ffdb604d1c1e7a1/33.jpg",133776,b827f3b1723a3c1eeedd27cc015c770b6891dbbc81beb5df2963497072d3b48e
"storage/resource-library/previews/606ed09499af1763bbca2f79361951d012d6fd8b44e256fd0ffdb604d1c1e7a1/34.jpg",148810,b4860074947b5a240df2b0e278e45f452e3bfb79708036e20c9e90bb6743e308
"storage/resource-library/previews/606ed09499af1763bbca2f79361951d012d6fd8b44e256fd0ffdb604d1c1e7a1/35.jpg",101005,b779424956f202d343f394f8688a363921a00079d38c681ad693ac4051bafc5e
"storage/resource-library/previews/606ed09499af1763bbca2f79361951d012d6fd8b44e256fd0ffdb604d1c1e7a1/36.jpg",81650,2e3dc83d6079d69141dced6102bb09610c2854ff4ea0f2aa6f80a228cb8d0914
"storage/resource-library/previews/606ed09499af1763bbca2f79361951d012d6fd8b44e256fd0ffdb604d1c1e7a1/37.jpg",57272,ef1253d6990353129735f0b9ec8a153d37872cd64dca45832270ceffbc5ee503
"storage/resource-library/previews/606ed09499af1763bbca2f79361951d012d6fd8b44e256fd0ffdb604d1c1e7a1/38.jpg",16221,eb962541e3376ac443705d615f48c969640758603413a04ada3e98b5a16656ad
"storage/resource-library/previews/606ed09499af1763bbca2f79361951d012d6fd8b44e256fd0ffdb604d1c1e7a1/4.jpg",64697,ed25f9cb36f97e38ce339725533c575fde69a1cf57b1075ec93c52d1e239940d
"storage/resource-library/previews/606ed09499af1763bbca2f79361951d012d6fd8b44e256fd0ffdb604d1c1e7a1/5.jpg",114760,5ce71f712eeff6b8d71d0d8babad7563db8aa58a95f1d6d17dd2033106679153
"storage/resource-library/previews/606ed09499af1763bbca2f79361951d012d6fd8b44e256fd0ffdb604d1c1e7a1/6.jpg",104967,774609f37e46882104ff95f5def1789345f30845697832a98b4d621bf82366b3
"storage/resource-library/previews/606ed09499af1763bbca2f79361951d012d6fd8b44e256fd0ffdb604d1c1e7a1/7.jpg",73330,3507bbdd54324ada3f4df08baa87cb53ee7019accc377cf1c47c41f6ccb112e7
"storage/resource-library/previews/606ed09499af1763bbca2f79361951d012d6fd8b44e256fd0ffdb604d1c1e7a1/8.jpg",115270,8a283d2a3b8ff132237e52698e77cee1ce82f77692cc5779f102e85b641d569c
"storage/resource-library/previews/606ed09499af1763bbca2f79361951d012d6fd8b44e256fd0ffdb604d1c1e7a1/9.jpg",58238,fff5609892b5e030611c60d3ddef55ddc128dd8b4761641fc03f70c43bce0738
"storage/resource-library/previews/606ed09499af1763bbca2f79361951d012d6fd8b44e256fd0ffdb604d1c1e7a1/manifest.json",13,e765ac80515fc472164c3827769b6472ac30160352900dc0378dcc86753bcc15
"storage/resource-library/previews/6965ed62fbf9bcdf81b6952f5be2b8cad29b0b2be044d2feb0e65ed63ace2cff/1.jpg",187914,1b7d39ce1c7d8c0156c3cc95bdab033a326cb09bfa1c8711294d443fb672ca8e
"storage/resource-library/previews/6965ed62fbf9bcdf81b6952f5be2b8cad29b0b2be044d2feb0e65ed63ace2cff/10.jpg",106348,82a6a7f47accd3400ee0ea672a2bc80ca897fe79799c1e9f040865ceff3e9d72
"storage/resource-library/previews/6965ed62fbf9bcdf81b6952f5be2b8cad29b0b2be044d2feb0e65ed63ace2cff/11.jpg",103349,2f290cf42a92becf289fa06d714c23f0822f91a7c9c1d2643f3d84607d617376
"storage/resource-library/previews/6965ed62fbf9bcdf81b6952f5be2b8cad29b0b2be044d2feb0e65ed63ace2cff/12.jpg",130529,169adc1b3fb85f2bd4f37e1b62c80c8a630846325fbb7f932f03649ed948473a
"storage/resource-library/previews/6965ed62fbf9bcdf81b6952f5be2b8cad29b0b2be044d2feb0e65ed63ace2cff/13.jpg",160464,58b50ca4b92e6f28eb498815c79a41a5726460f86d32904f42dc6c62dd622556
"storage/resource-library/previews/6965ed62fbf9bcdf81b6952f5be2b8cad29b0b2be044d2feb0e65ed63ace2cff/14.jpg",143551,ab8867353a23086eb006e0fa8f133ba1e86ae5e34c0520d8be16932fdc48ed2b
"storage/resource-library/previews/6965ed62fbf9bcdf81b6952f5be2b8cad29b0b2be044d2feb0e65ed63ace2cff/15.jpg",124559,ff89ef6781ef82b297495285f3c1c1b1a81a3f5e1733f6477d23af7dfcd91fea
"storage/resource-library/previews/6965ed62fbf9bcdf81b6952f5be2b8cad29b0b2be044d2feb0e65ed63ace2cff/16.jpg",116716,afaef35afbac3e87a19508d5957aa9ac3657b63d388d11656b992fe3d2188a1b
"storage/resource-library/previews/6965ed62fbf9bcdf81b6952f5be2b8cad29b0b2be044d2feb0e65ed63ace2cff/17.jpg",122629,d2b9fd190c1af5404a9a4f38ae2e87e8efe4e7b428a8da30df4b4f3ccb10006d
"storage/resource-library/previews/6965ed62fbf9bcdf81b6952f5be2b8cad29b0b2be044d2feb0e65ed63ace2cff/18.jpg",83991,6a493e21a9a8ff2634032cd01330b30138317f19c1bffd1dce3696c294d48a0f
"storage/resource-library/previews/6965ed62fbf9bcdf81b6952f5be2b8cad29b0b2be044d2feb0e65ed63ace2cff/19.jpg",117335,42b79e49916f3c9da5e996cb8566ebd76738fbbc02c0186d9afe8ec7d4f93ee5
"storage/resource-library/previews/6965ed62fbf9bcdf81b6952f5be2b8cad29b0b2be044d2feb0e65ed63ace2cff/2.jpg",182273,82018d3dd1cc0e69b8b31c140c5d95773d698f4b1666619a1fc4cb95ee936d2b
"storage/resource-library/previews/6965ed62fbf9bcdf81b6952f5be2b8cad29b0b2be044d2feb0e65ed63ace2cff/20.jpg",135773,73b5f9f54bcafbc084eb56aa66cde9ad96de31caf540d7eacaa715e779e0e5da
"storage/resource-library/previews/6965ed62fbf9bcdf81b6952f5be2b8cad29b0b2be044d2feb0e65ed63ace2cff/21.jpg",173433,9e3cf7d78ce9bbcac35913499e0442ccee195c70d2e46a3d3e3cf97e8aff9cf9
"storage/resource-library/previews/6965ed62fbf9bcdf81b6952f5be2b8cad29b0b2be044d2feb0e65ed63ace2cff/22.jpg",143870,6fc4d0e756c09afcd087b85c52c6f83df2507a0bb9d8bc0bb15f55c380f3f89d
"storage/resource-library/previews/6965ed62fbf9bcdf81b6952f5be2b8cad29b0b2be044d2feb0e65ed63ace2cff/23.jpg",134125,78f763b243eb29a8fc5660cbe9d1dcc83ecace0e8ba38112e5030bf6bc3c7818
"storage/resource-library/previews/6965ed62fbf9bcdf81b6952f5be2b8cad29b0b2be044d2feb0e65ed63ace2cff/24.jpg",182236,53bff2887d77227ada3a7b8fab7921aa7ed489afec57ba34697235b05c4bdc17
"storage/resource-library/previews/6965ed62fbf9bcdf81b6952f5be2b8cad29b0b2be044d2feb0e65ed63ace2cff/25.jpg",106417,cdb089d45bfea49dc56bf49055a09cf857737e6c23146fa2a0a8ad9a4c2b8a52
"storage/resource-library/previews/6965ed62fbf9bcdf81b6952f5be2b8cad29b0b2be044d2feb0e65ed63ace2cff/26.jpg",161411,54501633fca4789a74efa8e60214d48a9c8f4a8bfd9a7ae53020ef4053dbc1be
"storage/resource-library/previews/6965ed62fbf9bcdf81b6952f5be2b8cad29b0b2be044d2feb0e65ed63ace2cff/27.jpg",119467,7847b782e9dcc34f291d7836e3120d92bbfe3f72693a302f9596b8381a955233
"storage/resource-library/previews/6965ed62fbf9bcdf81b6952f5be2b8cad29b0b2be044d2feb0e65ed63ace2cff/28.jpg",151104,d559c9fdb474ba8689a5be28541e1b25d21fa00d1a8705de39945879fdc65b82
"storage/resource-library/previews/6965ed62fbf9bcdf81b6952f5be2b8cad29b0b2be044d2feb0e65ed63ace2cff/29.jpg",143567,509a6d05510a7ff615f267366d3fbecd8dea5abee4bb0b05fe0fb69996c84abd
"storage/resource-library/previews/6965ed62fbf9bcdf81b6952f5be2b8cad29b0b2be044d2feb0e65ed63ace2cff/3.jpg",199135,85c44ccb1fb1fa1a8a4f668243a0a9660d5c57e4a7227c00efab113d8a78f417
"storage/resource-library/previews/6965ed62fbf9bcdf81b6952f5be2b8cad29b0b2be044d2feb0e65ed63ace2cff/30.jpg",160023,1b93c1fb3da3ba8ade97f8630f9dfb51f9e84cf1a191e3dfd4a001d43bbf088e
"storage/resource-library/previews/6965ed62fbf9bcdf81b6952f5be2b8cad29b0b2be044d2feb0e65ed63ace2cff/31.jpg",130763,67835ebb2e559c407ee259d625439247845f411e63a7fc9577f1b68509f36ab6
"storage/resource-library/previews/6965ed62fbf9bcdf81b6952f5be2b8cad29b0b2be044d2feb0e65ed63ace2cff/32.jpg",101584,a9f8e3f889b79bbeb5e3390684a315661678dd4dd3fc4a78325e1d1ee9d5831c
"storage/resource-library/previews/6965ed62fbf9bcdf81b6952f5be2b8cad29b0b2be044d2feb0e65ed63ace2cff/33.jpg",172875,be53a8e65b2ed190497121d64801729310c6e1efc13161ab3d77d7e0f0b6e8c3
"storage/resource-library/previews/6965ed62fbf9bcdf81b6952f5be2b8cad29b0b2be044d2feb0e65ed63ace2cff/34.jpg",149720,8edafe1512c38cce807ae5227f9a550b831919da303af211b297988f41c754d5
"storage/resource-library/previews/6965ed62fbf9bcdf81b6952f5be2b8cad29b0b2be044d2feb0e65ed63ace2cff/35.jpg",151976,aa0d52b66a4eedb8d4e3d8eb56722b7933641c13518a7adebe32c3e874377fa4
"storage/resource-library/previews/6965ed62fbf9bcdf81b6952f5be2b8cad29b0b2be044d2feb0e65ed63ace2cff/36.jpg",140144,d5de606d9c0c10620c318e276c9aa96c41ac9fa2e5ba83994d3bd40666c3477f
"storage/resource-library/previews/6965ed62fbf9bcdf81b6952f5be2b8cad29b0b2be044d2feb0e65ed63ace2cff/37.jpg",135352,d21ac6d577da75fd1c8aeb94cb1c90fa69919e1eb70b46a30f4d45d41030ba17
"storage/resource-library/previews/6965ed62fbf9bcdf81b6952f5be2b8cad29b0b2be044d2feb0e65ed63ace2cff/38.jpg",108808,f434541e5374e1ba593a7a4eb72dad39e0e22c4cfb6f8c284349127b502c3de3
"storage/resource-library/previews/6965ed62fbf9bcdf81b6952f5be2b8cad29b0b2be044d2feb0e65ed63ace2cff/39.jpg",130602,312238f9f3db28e37f726d0f10b21ff0d8e038fbc1d9c32ec41ce7f891520d0c
"storage/resource-library/previews/6965ed62fbf9bcdf81b6952f5be2b8cad29b0b2be044d2feb0e65ed63ace2cff/4.jpg",146366,32a5c915a8eecf0846ebd844d869f514a0ae2749f89513f6cfe627a2896cdc6b
"storage/resource-library/previews/6965ed62fbf9bcdf81b6952f5be2b8cad29b0b2be044d2feb0e65ed63ace2cff/40.jpg",100603,cfda2ab6503b7fd43a24af4f0517a8bbe9bdfcb784fd3f528be10d2ad99bff09
"storage/resource-library/previews/6965ed62fbf9bcdf81b6952f5be2b8cad29b0b2be044d2feb0e65ed63ace2cff/41.jpg",78385,b42841ccbc1a0dbb642b6216f5dc4121b2605b14c45d98da9a573a0ae4d7b655
"storage/resource-library/previews/6965ed62fbf9bcdf81b6952f5be2b8cad29b0b2be044d2feb0e65ed63ace2cff/42.jpg",150083,9beb07a9322c0883c64b6b20937c1739b6ecd31bacecd9bc158bc77db7176684
"storage/resource-library/previews/6965ed62fbf9bcdf81b6952f5be2b8cad29b0b2be044d2feb0e65ed63ace2cff/43.jpg",116982,bf0fbdcf4c34d2f98dfde7ebb0c23ad9d0f7989ffa009775ffa630b249320ee2
"storage/resource-library/previews/6965ed62fbf9bcdf81b6952f5be2b8cad29b0b2be044d2feb0e65ed63ace2cff/44.jpg",112269,b1e995df4c01e6eb8754217271f86fb8cc0cacf546b5d4556ef6d406a48b1daa
"storage/resource-library/previews/6965ed62fbf9bcdf81b6952f5be2b8cad29b0b2be044d2feb0e65ed63ace2cff/45.jpg",105490,a0cea95d79b5dd640caf355df66a3785c266b27397d7385f9a515f3249e41f9f
"storage/resource-library/previews/6965ed62fbf9bcdf81b6952f5be2b8cad29b0b2be044d2feb0e65ed63ace2cff/46.jpg",101821,c144352ee537b04ec8a12d96a27fc06a9c99b6d6661071a6ca3fb840df1f7991
"storage/resource-library/previews/6965ed62fbf9bcdf81b6952f5be2b8cad29b0b2be044d2feb0e65ed63ace2cff/47.jpg",119385,fa3b69b76d9744ac9a8f2760aa281b2e98b6c8d24a1dbe8b31ab70abf97e57cb
"storage/resource-library/previews/6965ed62fbf9bcdf81b6952f5be2b8cad29b0b2be044d2feb0e65ed63ace2cff/48.jpg",49587,47b57de35b235a35b7c8ce07ee9a32692873b95d1b27497515e7030fa151bb7e
"storage/resource-library/previews/6965ed62fbf9bcdf81b6952f5be2b8cad29b0b2be044d2feb0e65ed63ace2cff/49.jpg",135196,5657c95f167e402f39d9c96997ff239d12e1433600df3650bb4570722ba0ce01
"storage/resource-library/previews/6965ed62fbf9bcdf81b6952f5be2b8cad29b0b2be044d2feb0e65ed63ace2cff/5.jpg",170784,fbf2954298a7316d49664559fe35741b4e3eb8f667c66cace2d00af007d3529d
"storage/resource-library/previews/6965ed62fbf9bcdf81b6952f5be2b8cad29b0b2be044d2feb0e65ed63ace2cff/50.jpg",117670,ac177507435345c36fdc4b00eec1db8654c8d901a08ccaf462f9051611c57acb
"storage/resource-library/previews/6965ed62fbf9bcdf81b6952f5be2b8cad29b0b2be044d2feb0e65ed63ace2cff/51.jpg",126777,50282feedf6aad5678a8e9d73b1244dc9980ee8248aab4d14c69c100ecbab353
"storage/resource-library/previews/6965ed62fbf9bcdf81b6952f5be2b8cad29b0b2be044d2feb0e65ed63ace2cff/52.jpg",83081,a4390ed42d2217e7681e89687db84b0959915b5059f31deab9eb17a8d63ac545
"storage/resource-library/previews/6965ed62fbf9bcdf81b6952f5be2b8cad29b0b2be044d2feb0e65ed63ace2cff/53.jpg",98195,8c0b0daad1b3ec188f8f5c04f16cc9187764118cf7611d3263e8f07ab7d9a4a0
"storage/resource-library/previews/6965ed62fbf9bcdf81b6952f5be2b8cad29b0b2be044d2feb0e65ed63ace2cff/54.jpg",86099,906782069e05232ad6ff6c0ac752e5388e21d94817f495e32cc52af6f01a270e
"storage/resource-library/previews/6965ed62fbf9bcdf81b6952f5be2b8cad29b0b2be044d2feb0e65ed63ace2cff/55.jpg",168512,247d1369f36a5ec9f7f779ed1eee67ee8f425906f51dd5e83b135278ecf9edeb
"storage/resource-library/previews/6965ed62fbf9bcdf81b6952f5be2b8cad29b0b2be044d2feb0e65ed63ace2cff/56.jpg",93118,53f7d56fd8d2ad505ca98561851ff11da05b023622b42868ca7c352f7e4e28bd
"storage/resource-library/previews/6965ed62fbf9bcdf81b6952f5be2b8cad29b0b2be044d2feb0e65ed63ace2cff/57.jpg",169444,871a0347135c73f930bab0984791e758bc9d2ade14eb77191a56b1bf1549962b
"storage/resource-library/previews/6965ed62fbf9bcdf81b6952f5be2b8cad29b0b2be044d2feb0e65ed63ace2cff/58.jpg",154338,02f52598ac9e3a08c7e99688f3272ac151a146a1b1ec8de28eb86ea22ecaffd9
"storage/resource-library/previews/6965ed62fbf9bcdf81b6952f5be2b8cad29b0b2be044d2feb0e65ed63ace2cff/59.jpg",132336,c329cc983dd2955ee1418f8740c48f16f37b6102ca1f6341a232f404a0f8795e
"storage/resource-library/previews/6965ed62fbf9bcdf81b6952f5be2b8cad29b0b2be044d2feb0e65ed63ace2cff/6.jpg",146309,b0e5f62a1d7924fce59c3c1f468e3df555b90301e5ca60a2020e1868b61b78fc
"storage/resource-library/previews/6965ed62fbf9bcdf81b6952f5be2b8cad29b0b2be044d2feb0e65ed63ace2cff/60.jpg",112672,c2d93162bbfa03762e9b360b5b6b1236597d1159bf59200f38a938d99c078ae6
"storage/resource-library/previews/6965ed62fbf9bcdf81b6952f5be2b8cad29b0b2be044d2feb0e65ed63ace2cff/61.jpg",79264,52356ed39215d6aaf81a3bccf6328a447599b5e63e3566313862a636a4c3a0ac
"storage/resource-library/previews/6965ed62fbf9bcdf81b6952f5be2b8cad29b0b2be044d2feb0e65ed63ace2cff/62.jpg",129483,6335965e0710b15396884fe9c9e8b3215c33052974d8108a8fe75d760187668e
"storage/resource-library/previews/6965ed62fbf9bcdf81b6952f5be2b8cad29b0b2be044d2feb0e65ed63ace2cff/63.jpg",109649,fef109dcfaacff367b65347c13c960d3b7962840ef86b377dc6af6af3813bacc
"storage/resource-library/previews/6965ed62fbf9bcdf81b6952f5be2b8cad29b0b2be044d2feb0e65ed63ace2cff/64.jpg",133109,68b12fd9391601df44abb7f8d82221111b264837410fd18ed4aeef39ee79c1ae
"storage/resource-library/previews/6965ed62fbf9bcdf81b6952f5be2b8cad29b0b2be044d2feb0e65ed63ace2cff/65.jpg",75979,ae89a7ce6c4a4db9965988972e688d229fa47f4ad34617d8ce573bb68ec21997
"storage/resource-library/previews/6965ed62fbf9bcdf81b6952f5be2b8cad29b0b2be044d2feb0e65ed63ace2cff/66.jpg",133168,0500bac1931e25a7a786a86403210e53b368ae44e2d516a4ff43c7a0e76e8c70
"storage/resource-library/previews/6965ed62fbf9bcdf81b6952f5be2b8cad29b0b2be044d2feb0e65ed63ace2cff/67.jpg",59932,dadf0aad03d7aaaae98f68da50ec9023b9374f96f3a0809dbc1e82f5091c3dbd
"storage/resource-library/previews/6965ed62fbf9bcdf81b6952f5be2b8cad29b0b2be044d2feb0e65ed63ace2cff/68.jpg",92643,860287b9ac5aca8cde54fb77b5dc9be384db426c046177610a0fe443b90424d8
"storage/resource-library/previews/6965ed62fbf9bcdf81b6952f5be2b8cad29b0b2be044d2feb0e65ed63ace2cff/69.jpg",36231,43a3348adf706f57f37aa76e008565682407b4e5a71af7d246e1fa1dd165ac2a
"storage/resource-library/previews/6965ed62fbf9bcdf81b6952f5be2b8cad29b0b2be044d2feb0e65ed63ace2cff/7.jpg",152806,f70d953c222fcf68ef89d982e788b785eecc9bf7a64ae240d5a40cecbff070b3
"storage/resource-library/previews/6965ed62fbf9bcdf81b6952f5be2b8cad29b0b2be044d2feb0e65ed63ace2cff/70.jpg",147985,e87947e1afa27568ecc8756bac5d41431aaff79322e6ef477395f97beac3af1f
"storage/resource-library/previews/6965ed62fbf9bcdf81b6952f5be2b8cad29b0b2be044d2feb0e65ed63ace2cff/71.jpg",114941,04d10b0492b8bf68fccedf11b2feec765b49f13ff45153553db85e7bf831d018
"storage/resource-library/previews/6965ed62fbf9bcdf81b6952f5be2b8cad29b0b2be044d2feb0e65ed63ace2cff/72.jpg",98623,13cb68c14880441e02c9674cc658eb503bd81d57b7d890db05670002c2e5895d
"storage/resource-library/previews/6965ed62fbf9bcdf81b6952f5be2b8cad29b0b2be044d2feb0e65ed63ace2cff/73.jpg",161181,ba1f769ba070c6d8c3754947ba53ae252c3072da0365e4df0d6e827f4e20a8d7
"storage/resource-library/previews/6965ed62fbf9bcdf81b6952f5be2b8cad29b0b2be044d2feb0e65ed63ace2cff/74.jpg",145726,93ab0f74dd8901a040c8b2f09e5c64cf9755a3ff4f55e996912f2eeacad9b4e4
"storage/resource-library/previews/6965ed62fbf9bcdf81b6952f5be2b8cad29b0b2be044d2feb0e65ed63ace2cff/75.jpg",108876,aa65188933585ef9f03c769f6e83711bed3532e7af9b97d0f61b3dd5dcfadc86
"storage/resource-library/previews/6965ed62fbf9bcdf81b6952f5be2b8cad29b0b2be044d2feb0e65ed63ace2cff/76.jpg",152925,28243242a0d2b0c6157cb8f95d69d988c55380e4a3ac96e391fa0d6d32385e3d
"storage/resource-library/previews/6965ed62fbf9bcdf81b6952f5be2b8cad29b0b2be044d2feb0e65ed63ace2cff/77.jpg",190415,d36278b6806c0f0badda78438fce7f6491411f2560fe6ac2aa8c963fd71758bc
"storage/resource-library/previews/6965ed62fbf9bcdf81b6952f5be2b8cad29b0b2be044d2feb0e65ed63ace2cff/78.jpg",91019,604ff37f20ad2995e9c9642bab93338293fa13169f66087dadc1450f07938837
"storage/resource-library/previews/6965ed62fbf9bcdf81b6952f5be2b8cad29b0b2be044d2feb0e65ed63ace2cff/79.jpg",159808,190bd62797ec97cbb333fc42f1d29aa2e152b3fdddc7d5796c601def44c1fe23
"storage/resource-library/previews/6965ed62fbf9bcdf81b6952f5be2b8cad29b0b2be044d2feb0e65ed63ace2cff/8.jpg",151101,7aab0026df9a29503da079f0917a9b68fc16b690028e8e21d63d443144ee37da
"storage/resource-library/previews/6965ed62fbf9bcdf81b6952f5be2b8cad29b0b2be044d2feb0e65ed63ace2cff/80.jpg",139090,fe552a5453904afb3ce567e529964da1c8b50a4a971d07d88e468ea0c54c220e
"storage/resource-library/previews/6965ed62fbf9bcdf81b6952f5be2b8cad29b0b2be044d2feb0e65ed63ace2cff/81.jpg",135408,b6c7c45c026703c0cd54fd2570e5ebee5ada555025fc98423ed3419dcc5aa0ab
"storage/resource-library/previews/6965ed62fbf9bcdf81b6952f5be2b8cad29b0b2be044d2feb0e65ed63ace2cff/82.jpg",96687,aee96d7202179a4c974e7d718a51ee3ee696503a39c7a9d88ce1d38648231f1f
"storage/resource-library/previews/6965ed62fbf9bcdf81b6952f5be2b8cad29b0b2be044d2feb0e65ed63ace2cff/83.jpg",68105,c80650908b530ed3d3245cadfa3542b536d758658bf14f522838c5e6c9c46695
"storage/resource-library/previews/6965ed62fbf9bcdf81b6952f5be2b8cad29b0b2be044d2feb0e65ed63ace2cff/84.jpg",137595,d6447aed37219777eaf4f190319bca082a70dfc7f4611bc2ea744f9ba7093086
"storage/resource-library/previews/6965ed62fbf9bcdf81b6952f5be2b8cad29b0b2be044d2feb0e65ed63ace2cff/85.jpg",134658,fecbcaf82552d7d264cc57a16fcd6b1c95d1b83043c638b795e9d462737014c2
"storage/resource-library/previews/6965ed62fbf9bcdf81b6952f5be2b8cad29b0b2be044d2feb0e65ed63ace2cff/86.jpg",137194,35772cdbeef793ac530c82b639c271f33b67b8b59a378e56af2cecc97abed12f
"storage/resource-library/previews/6965ed62fbf9bcdf81b6952f5be2b8cad29b0b2be044d2feb0e65ed63ace2cff/87.jpg",133782,0f80a7c5cd3a8331b6d5d16538d4b805b173c73dda028a8a94388369f95dfabd
"storage/resource-library/previews/6965ed62fbf9bcdf81b6952f5be2b8cad29b0b2be044d2feb0e65ed63ace2cff/88.jpg",158851,9488ad9b7014a457cb6972389f6c891c1ab70db7f83ce5b7317fb5664face2e1
"storage/resource-library/previews/6965ed62fbf9bcdf81b6952f5be2b8cad29b0b2be044d2feb0e65ed63ace2cff/89.jpg",148019,d4ae1673853f508253766f3737aa949c4d6cee99e292bac31d816afc8baa9925
"storage/resource-library/previews/6965ed62fbf9bcdf81b6952f5be2b8cad29b0b2be044d2feb0e65ed63ace2cff/9.jpg",234476,e8e9c32bb76ddfbe06140f30c804853ed93d955dddf6a24c63ea8c2d00a558aa
"storage/resource-library/previews/6965ed62fbf9bcdf81b6952f5be2b8cad29b0b2be044d2feb0e65ed63ace2cff/90.jpg",104340,9d9f82a38a8dd17c5a986284c9f44bab50c16acfe511686d3476ea92517edb5d
"storage/resource-library/previews/6965ed62fbf9bcdf81b6952f5be2b8cad29b0b2be044d2feb0e65ed63ace2cff/91.jpg",55808,653e282e703f00979daca97e0fc61d408b76586a6abb01360b4f9d420ecf16db
"storage/resource-library/previews/6965ed62fbf9bcdf81b6952f5be2b8cad29b0b2be044d2feb0e65ed63ace2cff/manifest.json",13,bde19d51cad51f394bc30c47f24f8435f392f816877bca92039eaafd41447484
"storage/resource-library/previews/7ad3207955af6019acd4991d09eb3e256c7597277e27af2ed43ec0239083a723/1.jpg",152576,0fd39635c58cefc8cecdb01caeb45c9032ed17e6013ab884e8e0d45004b7bef2
"storage/resource-library/previews/7ad3207955af6019acd4991d09eb3e256c7597277e27af2ed43ec0239083a723/10.jpg",117922,97d1479c4cb1312cd439bcba48b1c064a43c275ebc3659b772f420e759188bb6
"storage/resource-library/previews/7ad3207955af6019acd4991d09eb3e256c7597277e27af2ed43ec0239083a723/100.jpg",96557,a85920bd2886d37e4a4efcb1cbe01db6cb34be791f8e4c7c55933ca8bca30843
"storage/resource-library/previews/7ad3207955af6019acd4991d09eb3e256c7597277e27af2ed43ec0239083a723/101.jpg",57555,39909c0deedcc44a2d0a4b59ee6073cdd30809f3b211a534d8aaf637eca866ac
"storage/resource-library/previews/7ad3207955af6019acd4991d09eb3e256c7597277e27af2ed43ec0239083a723/102.jpg",83406,aa04d3bc077dfb4f2167c00428c19d176f05037f667b1e997910bc313e744e3c
"storage/resource-library/previews/7ad3207955af6019acd4991d09eb3e256c7597277e27af2ed43ec0239083a723/103.jpg",46231,115c60d1d22e6e54031da0a812e1887a691ce796dbb02b12894c8f13e1c6f4c7
"storage/resource-library/previews/7ad3207955af6019acd4991d09eb3e256c7597277e27af2ed43ec0239083a723/104.jpg",100788,976264d178931e1ecbbcf3683db40fff7a9635075cb5069db123981a3cc1537f
"storage/resource-library/previews/7ad3207955af6019acd4991d09eb3e256c7597277e27af2ed43ec0239083a723/105.jpg",20589,078794c0317a0d2563f2a1bf945de0f537e6b76a1d75d189c3e185ad3b7e2fa1
"storage/resource-library/previews/7ad3207955af6019acd4991d09eb3e256c7597277e27af2ed43ec0239083a723/106.jpg",108937,1074d97962cf02b47926891b32354aff535201b6b34f6a6fca464979617a52e9
"storage/resource-library/previews/7ad3207955af6019acd4991d09eb3e256c7597277e27af2ed43ec0239083a723/107.jpg",118594,4b1ed42e53e6f62bb1badd66483fb44a0e793dd90d818db525dc3ae6a8e38223
"storage/resource-library/previews/7ad3207955af6019acd4991d09eb3e256c7597277e27af2ed43ec0239083a723/108.jpg",30942,7be883bd6e45c70d4f8ad75b61889347ae92f1787aa587e21cbb221808c73d3d
"storage/resource-library/previews/7ad3207955af6019acd4991d09eb3e256c7597277e27af2ed43ec0239083a723/109.jpg",129747,f2542d9649b3bc8f89be89eb75b6d9f76b0d8c32755937286e86fa591660c76b
"storage/resource-library/previews/7ad3207955af6019acd4991d09eb3e256c7597277e27af2ed43ec0239083a723/11.jpg",23371,2a6910d1acd266ef0e83fb1e0a370690b7e2eb29f318ed5e763f0895daec4dfe
"storage/resource-library/previews/7ad3207955af6019acd4991d09eb3e256c7597277e27af2ed43ec0239083a723/110.jpg",130240,a9c971e989b63bf671f3de9210cb1765ccf2b543cec429d5278a595fa188e23a
"storage/resource-library/previews/7ad3207955af6019acd4991d09eb3e256c7597277e27af2ed43ec0239083a723/111.jpg",135431,2f92be349356da9da5c4fc065765a35c1ae7119ac3a0fa8cf85f737425b0de70
"storage/resource-library/previews/7ad3207955af6019acd4991d09eb3e256c7597277e27af2ed43ec0239083a723/112.jpg",79138,ab412cc6f3b46bb4af631fedf36978cdb3af3ee1c939e01b3e7d898f3a58e506
"storage/resource-library/previews/7ad3207955af6019acd4991d09eb3e256c7597277e27af2ed43ec0239083a723/113.jpg",103923,649f4e5ff3f673b6107fc23d39ce5ea52c2013641cecdd396f763453bb577aa6
"storage/resource-library/previews/7ad3207955af6019acd4991d09eb3e256c7597277e27af2ed43ec0239083a723/114.jpg",86463,a3e7144368d691c93f19105ef5fa03f6286a5237e02097e2c4a2d3c64d737094
"storage/resource-library/previews/7ad3207955af6019acd4991d09eb3e256c7597277e27af2ed43ec0239083a723/115.jpg",102625,00d987393aab90b97743f8d21baeae9a31c0b1717bd84b403a802dab8af59ec7
"storage/resource-library/previews/7ad3207955af6019acd4991d09eb3e256c7597277e27af2ed43ec0239083a723/116.jpg",35687,a68ff7ad4a1dc6c0d7fc11acb7a1e9c7410e4f2ec30a60ffbd33157be2f404ca
"storage/resource-library/previews/7ad3207955af6019acd4991d09eb3e256c7597277e27af2ed43ec0239083a723/117.jpg",67656,7fe5a54fcc41959f16879f6fabc84caedbaf5cd8b37558a72f30508505b6bb93
"storage/resource-library/previews/7ad3207955af6019acd4991d09eb3e256c7597277e27af2ed43ec0239083a723/118.jpg",57273,0666a67bd87529b4568c746f4e4d2df545a656e77179c2a6900d521a8dabee1d
"storage/resource-library/previews/7ad3207955af6019acd4991d09eb3e256c7597277e27af2ed43ec0239083a723/119.jpg",51544,31a5b809f9b9f8f7d4415f5c0b8998a8042cbaf24e57707e794a3e49be74c71a
"storage/resource-library/previews/7ad3207955af6019acd4991d09eb3e256c7597277e27af2ed43ec0239083a723/12.jpg",94962,ff80d48d52835f51c323f31977bbb8a69bf01e77ca473a8d5a8c131067426c3d
"storage/resource-library/previews/7ad3207955af6019acd4991d09eb3e256c7597277e27af2ed43ec0239083a723/120.jpg",34252,9d942818ee749f49ba4ea2dbda28b99fcce351643f943ed7f620643dc1513ec6
"storage/resource-library/previews/7ad3207955af6019acd4991d09eb3e256c7597277e27af2ed43ec0239083a723/121.jpg",29722,07c2d32d6a768765fc6c1ecd7eb4dcc656119e1784a9a508b26fe49785bdcca0
"storage/resource-library/previews/7ad3207955af6019acd4991d09eb3e256c7597277e27af2ed43ec0239083a723/122.jpg",53335,d007f68ae147192d58ea66ffcb48177b793b463400b1bb5ed987b182d5dc7bb0
"storage/resource-library/previews/7ad3207955af6019acd4991d09eb3e256c7597277e27af2ed43ec0239083a723/123.jpg",166812,6b425fcb47e23380aba6dca030dbfeb8c9fdcb45ab6a4297b9f97e51c859b64c
"storage/resource-library/previews/7ad3207955af6019acd4991d09eb3e256c7597277e27af2ed43ec0239083a723/124.jpg",127380,3bce86b82035efc0c97122b0475521b9ccba39478256df600c5b523b4d314b00
"storage/resource-library/previews/7ad3207955af6019acd4991d09eb3e256c7597277e27af2ed43ec0239083a723/125.jpg",52234,4342fe1f3c19bf58d179991d76f9127253f5de58c3db58ef806d4bd615b188de
"storage/resource-library/previews/7ad3207955af6019acd4991d09eb3e256c7597277e27af2ed43ec0239083a723/126.jpg",46485,8dd61cb7e60aea77cc8892ba17594906d3ceacd80f5ab57abd6bcca167c934ca
"storage/resource-library/previews/7ad3207955af6019acd4991d09eb3e256c7597277e27af2ed43ec0239083a723/127.jpg",75976,59cf26cb0768a47ec1d864561c071958e693d50baa0a752df0eb6815c924b60d
"storage/resource-library/previews/7ad3207955af6019acd4991d09eb3e256c7597277e27af2ed43ec0239083a723/128.jpg",42470,59417d1d9f056a6888ab4b5d2871167ec628e7a6a4297dd44fd3ee117c3dbb01
"storage/resource-library/previews/7ad3207955af6019acd4991d09eb3e256c7597277e27af2ed43ec0239083a723/129.jpg",105230,2a4544539fc97be662ff5790aad02082fd34d2ffcb30eb09dde7e7af741cd750
"storage/resource-library/previews/7ad3207955af6019acd4991d09eb3e256c7597277e27af2ed43ec0239083a723/13.jpg",97970,870afa99b02e02e955aa670e6ebddb010b628c932949d73b243bb44bcaeb123a
"storage/resource-library/previews/7ad3207955af6019acd4991d09eb3e256c7597277e27af2ed43ec0239083a723/130.jpg",31468,714965f933161c848dbd6f32e1ee1d8f7cb5d563e680a370200837ccdc123ba8
"storage/resource-library/previews/7ad3207955af6019acd4991d09eb3e256c7597277e27af2ed43ec0239083a723/131.jpg",77027,fa90cf4b506d31ac2a7ea5db217aae6a44b0efe74b307e2c2ffe3e5fb79da7bd
"storage/resource-library/previews/7ad3207955af6019acd4991d09eb3e256c7597277e27af2ed43ec0239083a723/132.jpg",107180,c3b94f59c6e02b2622fcfc64e2b5424e08e6e59c1b165275d0fc705ac1b336ef
"storage/resource-library/previews/7ad3207955af6019acd4991d09eb3e256c7597277e27af2ed43ec0239083a723/133.jpg",60010,ac00fed253f5b909574f596798723e958ac64b0a76af68ee7e3607428e2687b6
"storage/resource-library/previews/7ad3207955af6019acd4991d09eb3e256c7597277e27af2ed43ec0239083a723/134.jpg",105751,7fd53974b5fbd86e6c4afe5ffadec8eed011c08e01b86aaa65859074b4dfd638
"storage/resource-library/previews/7ad3207955af6019acd4991d09eb3e256c7597277e27af2ed43ec0239083a723/135.jpg",79923,65352bd512b361a28333b21e285daa17a696120a423c52a350ecab140de7a973
"storage/resource-library/previews/7ad3207955af6019acd4991d09eb3e256c7597277e27af2ed43ec0239083a723/136.jpg",74132,f2305fc6d0a73432852b9546dda08d73f7c7e4196468fcb9557ef3b37c75d17c
"storage/resource-library/previews/7ad3207955af6019acd4991d09eb3e256c7597277e27af2ed43ec0239083a723/137.jpg",50560,e6f550ee06b316a209ad4a556b06b8ad5b03e2fa37099c9fa054950df0a453b9
"storage/resource-library/previews/7ad3207955af6019acd4991d09eb3e256c7597277e27af2ed43ec0239083a723/138.jpg",57561,37c0c637c264bccf7da78e368306c87bf22f2478c0b92b3002fd8c15d76760a6
"storage/resource-library/previews/7ad3207955af6019acd4991d09eb3e256c7597277e27af2ed43ec0239083a723/139.jpg",62653,f5ad9e512984dfb95869279d7f170b5161d019c6e0c5d6359f822dd4201a260c
"storage/resource-library/previews/7ad3207955af6019acd4991d09eb3e256c7597277e27af2ed43ec0239083a723/14.jpg",82118,145eed0c9fae5e092b8ae8b2f9bed8c9e55c409f7a0d4a5bace6143af8da1991
"storage/resource-library/previews/7ad3207955af6019acd4991d09eb3e256c7597277e27af2ed43ec0239083a723/140.jpg",138580,3a71135e088a2299cb24e45ab6d4b38943f504d03d3f9c3900fc670f25b94ddc
"storage/resource-library/previews/7ad3207955af6019acd4991d09eb3e256c7597277e27af2ed43ec0239083a723/141.jpg",59720,1b6a936ed762682a4f51ac3e693e5172d1380026581230f62e550535db3f099d
"storage/resource-library/previews/7ad3207955af6019acd4991d09eb3e256c7597277e27af2ed43ec0239083a723/142.jpg",133122,1adfd13948e2ee99786a30166004e353990b008b5d9ecb3b61f0543b514c230a
"storage/resource-library/previews/7ad3207955af6019acd4991d09eb3e256c7597277e27af2ed43ec0239083a723/143.jpg",31939,8a9b5d8b01c28425b40a02d3c910ac06f8cb2fd58f5bc5a54c2a82b00d505374
"storage/resource-library/previews/7ad3207955af6019acd4991d09eb3e256c7597277e27af2ed43ec0239083a723/144.jpg",87324,e00e2ec80ac10a1febe9a6970aac9178d7caf1320363aca5a3a0c7857a2ca64a
"storage/resource-library/previews/7ad3207955af6019acd4991d09eb3e256c7597277e27af2ed43ec0239083a723/145.jpg",106264,359d4b81de295dba75c91cd7b8a8f787f2375c977a0cd655966770b119846002
"storage/resource-library/previews/7ad3207955af6019acd4991d09eb3e256c7597277e27af2ed43ec0239083a723/146.jpg",128299,62df21a4a6a01ab8b1a76cc3a2110ff95d5928782eaf26b1d059210b27c0ed5d
"storage/resource-library/previews/7ad3207955af6019acd4991d09eb3e256c7597277e27af2ed43ec0239083a723/147.jpg",95256,f66ee5366cd46a798535b8707c295e5e3c3f01d63a4dbceeea9fd0c83beb42c6
"storage/resource-library/previews/7ad3207955af6019acd4991d09eb3e256c7597277e27af2ed43ec0239083a723/148.jpg",69472,b1943468065457b91b9ae871952f869084ebe04be05fffd785639d6e38fbc355
"storage/resource-library/previews/7ad3207955af6019acd4991d09eb3e256c7597277e27af2ed43ec0239083a723/149.jpg",114039,7ec31722d0aa9e82e0dee3371e600f9a8727a3636009409b13b886eab7937e1a
"storage/resource-library/previews/7ad3207955af6019acd4991d09eb3e256c7597277e27af2ed43ec0239083a723/15.jpg",179049,b4f8b069c3937f10446705a0be41ecc5a1aa4f5cb0d92ee4da06a0e979b0c22a
"storage/resource-library/previews/7ad3207955af6019acd4991d09eb3e256c7597277e27af2ed43ec0239083a723/150.jpg",70924,f51f6907d661ea6f9469279b67ab1b3427eb80a82af018f51d82865d272b95a5
"storage/resource-library/previews/7ad3207955af6019acd4991d09eb3e256c7597277e27af2ed43ec0239083a723/151.jpg",80208,c152ab6712011d3977968df471f6ab1b9a9f3b152922298b7a83c21c8c3e1a54
"storage/resource-library/previews/7ad3207955af6019acd4991d09eb3e256c7597277e27af2ed43ec0239083a723/152.jpg",115951,63fada7d6ca67ba02c5e2ce69c34062335c9aef0a2f9be1e5c774560da61a6fd
"storage/resource-library/previews/7ad3207955af6019acd4991d09eb3e256c7597277e27af2ed43ec0239083a723/153.jpg",107804,6b400d44d8a5081ca25eaea17975edb18876ffd1c95b99a6d923635bcb89e2fe
"storage/resource-library/previews/7ad3207955af6019acd4991d09eb3e256c7597277e27af2ed43ec0239083a723/154.jpg",68636,1c43c77dafaf1dcd2f689be795d7e56b56186cc88a75dbfba8eff9545f0e9ec0
"storage/resource-library/previews/7ad3207955af6019acd4991d09eb3e256c7597277e27af2ed43ec0239083a723/155.jpg",112239,3d0800e6812907105d95a5bce150ddc573d4186badc242e3c78e201081dedb6a
"storage/resource-library/previews/7ad3207955af6019acd4991d09eb3e256c7597277e27af2ed43ec0239083a723/156.jpg",112555,be40b58e4770696423de0b29b26a38c2be12402f25720a0b058f0ca72903d195
"storage/resource-library/previews/7ad3207955af6019acd4991d09eb3e256c7597277e27af2ed43ec0239083a723/157.jpg",32502,cc69a4c9254520695f0f19d57722226cf98afb40084b031aba9a62faf5eee593
"storage/resource-library/previews/7ad3207955af6019acd4991d09eb3e256c7597277e27af2ed43ec0239083a723/158.jpg",38777,4c8bb5b74dbbbf9cfc25b9bc81f550cdfbbc945517177010a9f0bf298cc5ee1f
"storage/resource-library/previews/7ad3207955af6019acd4991d09eb3e256c7597277e27af2ed43ec0239083a723/159.jpg",72502,33aba27c6fa1a231c9b2738a07ef5625622b242fb6126edc19d6a2d37c76aab6
"storage/resource-library/previews/7ad3207955af6019acd4991d09eb3e256c7597277e27af2ed43ec0239083a723/16.jpg",59570,5e60d4253519075ff41262e4113fc3de56abc7514553747283b497299e26a951
"storage/resource-library/previews/7ad3207955af6019acd4991d09eb3e256c7597277e27af2ed43ec0239083a723/160.jpg",57951,4814a0e25245e4b27bf8574262ff26edc4b2e46e843e998097d3dc65ba6f474d
"storage/resource-library/previews/7ad3207955af6019acd4991d09eb3e256c7597277e27af2ed43ec0239083a723/161.jpg",78734,4f3e250c945d3a3867590d58e796a2f52a8c967390198ee0052f1993479fefec
"storage/resource-library/previews/7ad3207955af6019acd4991d09eb3e256c7597277e27af2ed43ec0239083a723/162.jpg",112146,72c7582794d27932bdbf58f459ac9975f7f4bcd47ba76d36fdf454df8fc82a38
"storage/resource-library/previews/7ad3207955af6019acd4991d09eb3e256c7597277e27af2ed43ec0239083a723/163.jpg",73648,a4f72863382c4bc3664c5aa9d2f6a9575ce75434dd8afb92c09152da0b99dbb1
"storage/resource-library/previews/7ad3207955af6019acd4991d09eb3e256c7597277e27af2ed43ec0239083a723/164.jpg",84275,29f5c0d4ede2d3cecc6187d785b6fec383154d1a755a6a6c935cf9ceec74f0f3
"storage/resource-library/previews/7ad3207955af6019acd4991d09eb3e256c7597277e27af2ed43ec0239083a723/165.jpg",82479,0e845c01354d8e8550489c5c1f161d5be775f6f4fa84a9cbbcb0588f43ee7e1a
"storage/resource-library/previews/7ad3207955af6019acd4991d09eb3e256c7597277e27af2ed43ec0239083a723/166.jpg",65921,5a3d4e6d43bbca41b13ec80623783ca877d697df60b72d4a5ee96782d40ec73d
"storage/resource-library/previews/7ad3207955af6019acd4991d09eb3e256c7597277e27af2ed43ec0239083a723/167.jpg",99244,9b10838ecc411a10c06e9e214a377048a5a30ac4faa044f8826feac5719c0c51
"storage/resource-library/previews/7ad3207955af6019acd4991d09eb3e256c7597277e27af2ed43ec0239083a723/168.jpg",158118,354afca9c4aee44a6f5b39b8c2c9fd2571b054d40f404944cb5acb690103adf0
"storage/resource-library/previews/7ad3207955af6019acd4991d09eb3e256c7597277e27af2ed43ec0239083a723/169.jpg",32483,380bb84a5fd654ef3e3e49d1af74bfe1e54b4ff8ff2ca97360647087ced74a15
"storage/resource-library/previews/7ad3207955af6019acd4991d09eb3e256c7597277e27af2ed43ec0239083a723/17.jpg",39084,2bc76140f83795c0120c02e865253f3c76190958a28acab85d15ca00f2f9e13f
"storage/resource-library/previews/7ad3207955af6019acd4991d09eb3e256c7597277e27af2ed43ec0239083a723/170.jpg",51531,5a49a950ffe3b7003130946d604f97b95f65536a26a22687f8182ad9c722781a
"storage/resource-library/previews/7ad3207955af6019acd4991d09eb3e256c7597277e27af2ed43ec0239083a723/171.jpg",59496,94b58e87f461f716212c962d05c4a23171d058feda786fddc041c76b25ac3e81
"storage/resource-library/previews/7ad3207955af6019acd4991d09eb3e256c7597277e27af2ed43ec0239083a723/172.jpg",117384,f6bab1035dfeb4ce19ecfabf1e8556d2d29a162f9f512c64c39075b2a24149bd
"storage/resource-library/previews/7ad3207955af6019acd4991d09eb3e256c7597277e27af2ed43ec0239083a723/173.jpg",138657,d73a51835d70781e317c8937bb8b5e68908b870d18c5b82f25f33dde50ce1ecc
"storage/resource-library/previews/7ad3207955af6019acd4991d09eb3e256c7597277e27af2ed43ec0239083a723/174.jpg",104995,7de873cff3b36744cc23cbabf60b4952fd448edb678bfff960cc2a7c4fc01c32
"storage/resource-library/previews/7ad3207955af6019acd4991d09eb3e256c7597277e27af2ed43ec0239083a723/175.jpg",15037,8eaf795c2af8824948186276a86330a64007e5f3c7e095a76075f9fe25b2c859
"storage/resource-library/previews/7ad3207955af6019acd4991d09eb3e256c7597277e27af2ed43ec0239083a723/176.jpg",99266,08520dcb87a001261bde739dc06d30a0d733036bafd4425e02dae125a41c92df
"storage/resource-library/previews/7ad3207955af6019acd4991d09eb3e256c7597277e27af2ed43ec0239083a723/177.jpg",99040,b9711eb5732b8a5c66d9109a5e3591d88a90b7c77b372f4f5651179105c0f442
"storage/resource-library/previews/7ad3207955af6019acd4991d09eb3e256c7597277e27af2ed43ec0239083a723/178.jpg",17848,8fbdd442ddb1c3f5e68f9cf1c7da883f0e63239a29d09b114a2a6bfb82a57288
"storage/resource-library/previews/7ad3207955af6019acd4991d09eb3e256c7597277e27af2ed43ec0239083a723/179.jpg",86842,6a644e6919c37c6c21d3029f5b5adedcac77dd4cf5def87ff652e816459a14f8
"storage/resource-library/previews/7ad3207955af6019acd4991d09eb3e256c7597277e27af2ed43ec0239083a723/18.jpg",115381,8d1bf790fe7b3220f3fa73d7fbfdec0bd941913f162a4bc57fd9aee842a44807
"storage/resource-library/previews/7ad3207955af6019acd4991d09eb3e256c7597277e27af2ed43ec0239083a723/180.jpg",54086,5d76ff9a052bcb1f364709f1a6c41ebf253db8dc7dfd687185667ef861feb998
"storage/resource-library/previews/7ad3207955af6019acd4991d09eb3e256c7597277e27af2ed43ec0239083a723/181.jpg",13863,7d495dda76f86321646c8a32794e81d829d64ff2e5625c8ec621fefa0097b1c2
"storage/resource-library/previews/7ad3207955af6019acd4991d09eb3e256c7597277e27af2ed43ec0239083a723/19.jpg",32583,b62b294cd16424823b60887aedd9820a47c07fca9b34a8d06f4499f5501369fd
"storage/resource-library/previews/7ad3207955af6019acd4991d09eb3e256c7597277e27af2ed43ec0239083a723/2.jpg",28999,a051dfb4279335117e75e32885835dabf1fdd22c529a77c8542b8c95d536a6bf
"storage/resource-library/previews/7ad3207955af6019acd4991d09eb3e256c7597277e27af2ed43ec0239083a723/20.jpg",94354,3e9c70ba80f140d50dee6a7f21bcd52560b614b5e0d7b575bc1e031ee2ae394c
"storage/resource-library/previews/7ad3207955af6019acd4991d09eb3e256c7597277e27af2ed43ec0239083a723/21.jpg",109439,5893ebda300fe4e491f1f16fdd31075ca4003f644ed951a37ad55237652136e1
"storage/resource-library/previews/7ad3207955af6019acd4991d09eb3e256c7597277e27af2ed43ec0239083a723/22.jpg",26661,2f7e11db9b76e892cae2a0528648483aa7877ed1d578119d2e26a3254d991253
"storage/resource-library/previews/7ad3207955af6019acd4991d09eb3e256c7597277e27af2ed43ec0239083a723/23.jpg",106524,74357e6ca465168bec5cc48c73ca36214d89a3b4183bf6bbd1d936deae2325b8
"storage/resource-library/previews/7ad3207955af6019acd4991d09eb3e256c7597277e27af2ed43ec0239083a723/24.jpg",72769,2aec12a36808c5ab7ee5b235cc01b08885349abf7b90ae4b4e0c8b937d842508
"storage/resource-library/previews/7ad3207955af6019acd4991d09eb3e256c7597277e27af2ed43ec0239083a723/25.jpg",53126,c602592da813e8cac22eb90d2798c77c1e9d87d7582f6108704c2a6a19e97898
"storage/resource-library/previews/7ad3207955af6019acd4991d09eb3e256c7597277e27af2ed43ec0239083a723/26.jpg",92145,29165a05abea9592ce5c1e90ddee573403a586fa6ed993f6fa1c47bb6b809e40
"storage/resource-library/previews/7ad3207955af6019acd4991d09eb3e256c7597277e27af2ed43ec0239083a723/27.jpg",83998,41480d041d4bd245253848e288b91efa7dcf612f4a7ea031c7cca97eb4369281
"storage/resource-library/previews/7ad3207955af6019acd4991d09eb3e256c7597277e27af2ed43ec0239083a723/28.jpg",96277,409ffe58366273c5fdb40730f305e57dd7d0a9fdf6fcbd2d4705ed7a0e7d17d6
"storage/resource-library/previews/7ad3207955af6019acd4991d09eb3e256c7597277e27af2ed43ec0239083a723/29.jpg",96397,4efa78bd4361e803a7b52c57eab833c7a04436ba1e2f995827f366f90d92a422
"storage/resource-library/previews/7ad3207955af6019acd4991d09eb3e256c7597277e27af2ed43ec0239083a723/3.jpg",35386,92c96608acb41093129aa32796e0a6a05f681d071fc1e8b881a545fe82dfb253
"storage/resource-library/previews/7ad3207955af6019acd4991d09eb3e256c7597277e27af2ed43ec0239083a723/30.jpg",100411,e81345fe23f9115d2a5e15c429bc6334f77b27b9abf40a273bba0e10bd21d1df
"storage/resource-library/previews/7ad3207955af6019acd4991d09eb3e256c7597277e27af2ed43ec0239083a723/31.jpg",44671,376919a65827d65ddc06cfe1a8b05897e8d9f0580e4e8967aa2d102a1fbc6b38
"storage/resource-library/previews/7ad3207955af6019acd4991d09eb3e256c7597277e27af2ed43ec0239083a723/32.jpg",90284,d69d69edf26f2ee97125f5c88bf447c242994f2f6d6da494f4e1cef15a154851
"storage/resource-library/previews/7ad3207955af6019acd4991d09eb3e256c7597277e27af2ed43ec0239083a723/33.jpg",48590,f4449afb16ae7190af649108393114dffd992b8222ee6866bb5cbaed0a473e3b
"storage/resource-library/previews/7ad3207955af6019acd4991d09eb3e256c7597277e27af2ed43ec0239083a723/34.jpg",110586,5e1ef14babe5473b6d2a19a02537df6f7d65cec80a2f1adc8e02808429cbc7ce
"storage/resource-library/previews/7ad3207955af6019acd4991d09eb3e256c7597277e27af2ed43ec0239083a723/35.jpg",92421,a3a97654d0fa1384e307039f5dc3938b5a135c6a904d0961db4910806cb1e14c
"storage/resource-library/previews/7ad3207955af6019acd4991d09eb3e256c7597277e27af2ed43ec0239083a723/36.jpg",35776,fbab1bb0327d982068510171fcf3b6fc51e2c6318ba543eb8ae51965ef2cc705
"storage/resource-library/previews/7ad3207955af6019acd4991d09eb3e256c7597277e27af2ed43ec0239083a723/37.jpg",143604,ddb07c751704f0f95c4393902b7482bc9dda46ea28f504d148d9c30d7e5e1407
"storage/resource-library/previews/7ad3207955af6019acd4991d09eb3e256c7597277e27af2ed43ec0239083a723/38.jpg",128156,4cbc35d734c7dab9efd0db1f2122cfe2efb8d8039be0cda4e567d4c0144d2c06
"storage/resource-library/previews/7ad3207955af6019acd4991d09eb3e256c7597277e27af2ed43ec0239083a723/39.jpg",24240,cb5a4dd9bef0bc6c639dc067d008efa9d7a2b20c8dcf338f7cb05b0cab4c33af
"storage/resource-library/previews/7ad3207955af6019acd4991d09eb3e256c7597277e27af2ed43ec0239083a723/4.jpg",50604,51c52f2926756aa9fc1947fac2b056d851f45f9159c6ea26a612401b4911f8db
"storage/resource-library/previews/7ad3207955af6019acd4991d09eb3e256c7597277e27af2ed43ec0239083a723/40.jpg",92080,abe48563f161a079e1058bb4a70bedc3f1be429abb9968cd50e2d5c3753266a9
"storage/resource-library/previews/7ad3207955af6019acd4991d09eb3e256c7597277e27af2ed43ec0239083a723/41.jpg",77913,fcdc8f42f66aa27115a7b0380dc2883338f7c7fbf176359f027575418d2bd7cb
"storage/resource-library/previews/7ad3207955af6019acd4991d09eb3e256c7597277e27af2ed43ec0239083a723/42.jpg",106801,3413d3472859d34d9f3a892c59cab9270c67b78d68a18af8a5603899bd22e7d8
"storage/resource-library/previews/7ad3207955af6019acd4991d09eb3e256c7597277e27af2ed43ec0239083a723/43.jpg",35253,633517cf6d3e014f81fda5563fae87276d982b44458adcf88adc863e5a98d082
"storage/resource-library/previews/7ad3207955af6019acd4991d09eb3e256c7597277e27af2ed43ec0239083a723/44.jpg",108302,8a92300f44829f8d5cc597d39a1914f91c70f7395fd16f93066a8b5894b9185f
"storage/resource-library/previews/7ad3207955af6019acd4991d09eb3e256c7597277e27af2ed43ec0239083a723/45.jpg",58802,eb26825d1d5316f254b80b2d1ee2db71485fc7240fccec7894f22838c7711241
"storage/resource-library/previews/7ad3207955af6019acd4991d09eb3e256c7597277e27af2ed43ec0239083a723/46.jpg",45635,c47acaebcde4f0c1dcd30a611721b23adbfcdad55a6c26743688f9ef54d2e060
"storage/resource-library/previews/7ad3207955af6019acd4991d09eb3e256c7597277e27af2ed43ec0239083a723/47.jpg",94411,f3efae75597a108bf9ef2d16d3c2b2dd1860bd946f16f5b93e285f40a301b83c
"storage/resource-library/previews/7ad3207955af6019acd4991d09eb3e256c7597277e27af2ed43ec0239083a723/48.jpg",56857,e7492cc0064a575c644f216fb51f620ab2193a82ff09a26e5be888939771eed6
"storage/resource-library/previews/7ad3207955af6019acd4991d09eb3e256c7597277e27af2ed43ec0239083a723/49.jpg",90107,b91d3ba334b40d861cb6dda83b2c8749634b6a8c209df616b669e22ff8cac608
"storage/resource-library/previews/7ad3207955af6019acd4991d09eb3e256c7597277e27af2ed43ec0239083a723/5.jpg",133319,980bc228688675c3c19879303c061cbd838e6d7f0e096c94c3546a76ab601089
"storage/resource-library/previews/7ad3207955af6019acd4991d09eb3e256c7597277e27af2ed43ec0239083a723/50.jpg",52217,389d13d015bdaddc484f4eeb8e003fc36302a2a56cd3959e28b52fc7f3976f21
"storage/resource-library/previews/7ad3207955af6019acd4991d09eb3e256c7597277e27af2ed43ec0239083a723/51.jpg",86844,87143e808c4fa72e171e7e2313da5f64ab7e2441efa670e999fab7a8cc236f53
"storage/resource-library/previews/7ad3207955af6019acd4991d09eb3e256c7597277e27af2ed43ec0239083a723/52.jpg",63807,839bb08788b03b654509ed30b8e99519463cda8e5257d939217470591db0b04f
"storage/resource-library/previews/7ad3207955af6019acd4991d09eb3e256c7597277e27af2ed43ec0239083a723/53.jpg",48639,468e152beff4e8e0f8aad5e00f71e8dfd98c305373678f9be818d2e49c545c19
"storage/resource-library/previews/7ad3207955af6019acd4991d09eb3e256c7597277e27af2ed43ec0239083a723/54.jpg",80560,88963a9f4a9bc006b404af59511ccfab3f3c1269f39c519dc13dafc6199cbc70
"storage/resource-library/previews/7ad3207955af6019acd4991d09eb3e256c7597277e27af2ed43ec0239083a723/55.jpg",76534,14f96e8c707341c9e0ba0b1152b53a2e6cb42b3e8ba0a29a934b6494d8b97863
"storage/resource-library/previews/7ad3207955af6019acd4991d09eb3e256c7597277e27af2ed43ec0239083a723/56.jpg",26618,03a276b3f629e9b561b8fca2beeea68969a4084f4215578eb5c6275d5d8855fa
"storage/resource-library/previews/7ad3207955af6019acd4991d09eb3e256c7597277e27af2ed43ec0239083a723/57.jpg",147922,101e70197f437b249fb75c68f924018e331d0d46751055affafc7a9bce787673
"storage/resource-library/previews/7ad3207955af6019acd4991d09eb3e256c7597277e27af2ed43ec0239083a723/58.jpg",44379,c2180c9213e54ea4c0eeca750aad4ea8f36b2f3ee415c773618d61dc00c8ff81
"storage/resource-library/previews/7ad3207955af6019acd4991d09eb3e256c7597277e27af2ed43ec0239083a723/59.jpg",106033,04efad0fad86dd2c026ce2a87a8a84d972ef18c47cfa2c57c50a93ade468398f
"storage/resource-library/previews/7ad3207955af6019acd4991d09eb3e256c7597277e27af2ed43ec0239083a723/6.jpg",24903,25854e758069d994bab7ff2967ceb3c94c0532697452a28c57663018531d1315
"storage/resource-library/previews/7ad3207955af6019acd4991d09eb3e256c7597277e27af2ed43ec0239083a723/60.jpg",101562,907d1d39eff2981242611fc3eaed6bad30dfb4a5b8b1dd487cea2bc63190e0fd
"storage/resource-library/previews/7ad3207955af6019acd4991d09eb3e256c7597277e27af2ed43ec0239083a723/61.jpg",98888,3a6fab9dc73431bda1f7da9d3bac60615ef817559fa875fe90adc843078e9ece
"storage/resource-library/previews/7ad3207955af6019acd4991d09eb3e256c7597277e27af2ed43ec0239083a723/62.jpg",50041,ac163627bb2cbc32da07ff3634083f329c819654ea4839d2eda6280966d8242c
"storage/resource-library/previews/7ad3207955af6019acd4991d09eb3e256c7597277e27af2ed43ec0239083a723/63.jpg",125391,d1b807ff4994b8a3d58d79eae3cd6d68da8f7761100f44d749794aa0e6977061
"storage/resource-library/previews/7ad3207955af6019acd4991d09eb3e256c7597277e27af2ed43ec0239083a723/64.jpg",75366,1b31d246e445b26f53b59a7e696d6b15cc886c1f5e9ab03ddecf520a05907823
"storage/resource-library/previews/7ad3207955af6019acd4991d09eb3e256c7597277e27af2ed43ec0239083a723/65.jpg",38147,c17b08c935201b292009add872306564d9d80cecbef74d37b344e7c541865731
"storage/resource-library/previews/7ad3207955af6019acd4991d09eb3e256c7597277e27af2ed43ec0239083a723/66.jpg",105099,1535adb14981281480e340fe0a63f30460164f72560df28a07fc52145fbbc1ab
"storage/resource-library/previews/7ad3207955af6019acd4991d09eb3e256c7597277e27af2ed43ec0239083a723/67.jpg",89718,167dd091be626717519cd520bf020058562a64bbb7253628fcd97b01e17fe5e8
"storage/resource-library/previews/7ad3207955af6019acd4991d09eb3e256c7597277e27af2ed43ec0239083a723/68.jpg",79069,5f11897c8b93bc057332e6c5271e64248854553686c98f0386b78329beb1eb07
"storage/resource-library/previews/7ad3207955af6019acd4991d09eb3e256c7597277e27af2ed43ec0239083a723/69.jpg",63259,e6551fd261de374c9077fef68fcf2d9f21cd35ab56c13cad6b7493fa6bc2e53d
"storage/resource-library/previews/7ad3207955af6019acd4991d09eb3e256c7597277e27af2ed43ec0239083a723/7.jpg",110578,2e0c73c07b5ca6ee07b4404da6cdb463413faddea8a7edac8fab58f466230d63
"storage/resource-library/previews/7ad3207955af6019acd4991d09eb3e256c7597277e27af2ed43ec0239083a723/70.jpg",111184,739cbedcf641def56162ea772675b8a30899a33a8b25b1166cedfd55ceba2926
"storage/resource-library/previews/7ad3207955af6019acd4991d09eb3e256c7597277e27af2ed43ec0239083a723/71.jpg",88126,8ef69490929ed2c13be12d4f77f10c8b74740131b222e500471309d2db1f4839
"storage/resource-library/previews/7ad3207955af6019acd4991d09eb3e256c7597277e27af2ed43ec0239083a723/72.jpg",36613,7af0883787c9f04d7a4afc84c74add119e716ade0ffc549f3f25445b09d67578
"storage/resource-library/previews/7ad3207955af6019acd4991d09eb3e256c7597277e27af2ed43ec0239083a723/73.jpg",92834,eacb60862a5a0b383c45d09a673474ef59bb60e0bbc7cdb7b32b810df3526f18
"storage/resource-library/previews/7ad3207955af6019acd4991d09eb3e256c7597277e27af2ed43ec0239083a723/74.jpg",90059,cf0dd4b659eeb12eb8d9fc8f49163e26315481e7940e2d2eb796715062715bb9
"storage/resource-library/previews/7ad3207955af6019acd4991d09eb3e256c7597277e27af2ed43ec0239083a723/75.jpg",86942,615872c89b89224a38f6d7db3a687cc69fbedff6e7839f70565e5895a663a4d3
"storage/resource-library/previews/7ad3207955af6019acd4991d09eb3e256c7597277e27af2ed43ec0239083a723/76.jpg",18794,9e35e66224aeeb984d46afb429c96c231062ade614ab4ed0fefb5486ac9f4ac2
"storage/resource-library/previews/7ad3207955af6019acd4991d09eb3e256c7597277e27af2ed43ec0239083a723/77.jpg",77074,daa2dca97e1d65b96e896183959ef5e3aa80b48a05f0df9ae747767f578b0014
"storage/resource-library/previews/7ad3207955af6019acd4991d09eb3e256c7597277e27af2ed43ec0239083a723/78.jpg",57666,dea93e840409c16d72808befb0f17ec71dfa2bcaa7b057e679df8232d355d330
"storage/resource-library/previews/7ad3207955af6019acd4991d09eb3e256c7597277e27af2ed43ec0239083a723/79.jpg",85683,8b2f197da1ae954f58bfe826b3f6622ed012f5a1a13756cc8562fa459e6ea10b
"storage/resource-library/previews/7ad3207955af6019acd4991d09eb3e256c7597277e27af2ed43ec0239083a723/8.jpg",99752,19f236446a86bd2cfff136d63f20a2d118dc1e2167614fc754a1033d5946e661
"storage/resource-library/previews/7ad3207955af6019acd4991d09eb3e256c7597277e27af2ed43ec0239083a723/80.jpg",102553,0c080be0e891a6bff094ed1f25880f705cfd8959161ed5b8eeb9448854f126db
"storage/resource-library/previews/7ad3207955af6019acd4991d09eb3e256c7597277e27af2ed43ec0239083a723/81.jpg",108753,6566266453764b8059bc544e4d128fc72d3b2d3677eddb2f9bf76cdbf05dfcb9
"storage/resource-library/previews/7ad3207955af6019acd4991d09eb3e256c7597277e27af2ed43ec0239083a723/82.jpg",98931,565a3a4e6f0c145d1cccd8594fbcdcf75d0a8aee39076be50da8c89c2b281258
"storage/resource-library/previews/7ad3207955af6019acd4991d09eb3e256c7597277e27af2ed43ec0239083a723/83.jpg",57872,aa8635c66dfc43b91b2e5f7c10d63ac9e1f175a9107e0497b16dc38acec13cfb
"storage/resource-library/previews/7ad3207955af6019acd4991d09eb3e256c7597277e27af2ed43ec0239083a723/84.jpg",148070,66db9ef69401704b9ae7e2235134183f558fd393b25b2987439ff10a65e8a988
"storage/resource-library/previews/7ad3207955af6019acd4991d09eb3e256c7597277e27af2ed43ec0239083a723/85.jpg",78356,8a6990fc4a6ed221d39aeeb8cb3e1c49b408e12fdb21dc225f9dd23d5d6294a9
"storage/resource-library/previews/7ad3207955af6019acd4991d09eb3e256c7597277e27af2ed43ec0239083a723/86.jpg",108042,4d9bba155b2cd26c2a0b75c5e0bf4f40a30598a2a5fb60370cf714559f8a3c22
"storage/resource-library/previews/7ad3207955af6019acd4991d09eb3e256c7597277e27af2ed43ec0239083a723/87.jpg",76468,b13b09f13ba8d8df162042b94b4147a91d28b4d9a8cca8a7c713cbb3ea63823d
"storage/resource-library/previews/7ad3207955af6019acd4991d09eb3e256c7597277e27af2ed43ec0239083a723/88.jpg",98073,e50940981799da69fadc4a54f4417d44f4be3eb53832c0b2b5042e3d6dca1992
"storage/resource-library/previews/7ad3207955af6019acd4991d09eb3e256c7597277e27af2ed43ec0239083a723/89.jpg",79743,c02d7dfbf85e9355d6be68a3cc9543fe61bf668a33073c9f48fe79e3d8524b78
"storage/resource-library/previews/7ad3207955af6019acd4991d09eb3e256c7597277e27af2ed43ec0239083a723/9.jpg",23823,700dcd5f31a0d1ca76fce6614634120e08a53286908aafab361786461adfc97a
"storage/resource-library/previews/7ad3207955af6019acd4991d09eb3e256c7597277e27af2ed43ec0239083a723/90.jpg",39959,8ca2a90cf6fac267a702e25ab6c40fcc3f22c2948ff71d25e12dead9bd6a28bd
"storage/resource-library/previews/7ad3207955af6019acd4991d09eb3e256c7597277e27af2ed43ec0239083a723/91.jpg",68932,3f955318d510efe6330ea351903d356ddb53df03e2e2bd5bca1d8318d7f82f68
"storage/resource-library/previews/7ad3207955af6019acd4991d09eb3e256c7597277e27af2ed43ec0239083a723/92.jpg",109569,906b955b5b9a610425f2b54d78b68944732c3449e7b0a49bb6c683a857f2abee
"storage/resource-library/previews/7ad3207955af6019acd4991d09eb3e256c7597277e27af2ed43ec0239083a723/93.jpg",38445,7dab7ac4ac0bc9360f37391355bd439b0397fba41e899b1b4f3cf77a9804237f
"storage/resource-library/previews/7ad3207955af6019acd4991d09eb3e256c7597277e27af2ed43ec0239083a723/94.jpg",103188,5d629c400ec94dcbd3d15d79c2f6c087d6be21327c140f9dff775069d2a92946
"storage/resource-library/previews/7ad3207955af6019acd4991d09eb3e256c7597277e27af2ed43ec0239083a723/95.jpg",122246,b823faa09a5a6eb9fb7e0810217410108560f1775796973a241ab0aa73330787
"storage/resource-library/previews/7ad3207955af6019acd4991d09eb3e256c7597277e27af2ed43ec0239083a723/96.jpg",89902,74fc054bb47594a80158673c1aaa58abfecad554e0c267c9b75cb3406cf00afe
"storage/resource-library/previews/7ad3207955af6019acd4991d09eb3e256c7597277e27af2ed43ec0239083a723/97.jpg",45206,bde8e6930e3310d2b101dede5190b66cae8cd761a1a467adc8469e16aa6a7d19
"storage/resource-library/previews/7ad3207955af6019acd4991d09eb3e256c7597277e27af2ed43ec0239083a723/98.jpg",125955,45e0899ca3eb2e213294b5cf888ab4fe66965f980810ece4cfbbb2ddcb3d725d
"storage/resource-library/previews/7ad3207955af6019acd4991d09eb3e256c7597277e27af2ed43ec0239083a723/99.jpg",116172,cf9cfb77720a21d27ee5be2bc71d84bc10c43f4cf17ea25250f45bd69d486e54
"storage/resource-library/previews/7ad3207955af6019acd4991d09eb3e256c7597277e27af2ed43ec0239083a723/manifest.json",14,636ce22e4e011dc8ceb95c972075a1e3e2b010fcfccd8712950a9d47318ac1cf
"storage/resource-library/previews/8675a08c3912452710530e85b5fb664b41dc04e605855d165d12745bc1ad5a3d/1.jpg",207371,4cb669dd5a5cb3bdb01c603a00a4f85ae696f955b1db2db7bb79e19d8b329474
"storage/resource-library/previews/8675a08c3912452710530e85b5fb664b41dc04e605855d165d12745bc1ad5a3d/10.jpg",193948,8ba40e3938607026c87131b77bd8924386f5c90725d499ad1c754b07f018aea0
"storage/resource-library/previews/8675a08c3912452710530e85b5fb664b41dc04e605855d165d12745bc1ad5a3d/11.jpg",165994,027798a6d649d3b748c545dcf64c8baa4d93362b03f2dc0d08adfa6830425a59
"storage/resource-library/previews/8675a08c3912452710530e85b5fb664b41dc04e605855d165d12745bc1ad5a3d/12.jpg",172598,342571490a1f63d66850a5c37ef929a1062a371dcfdaf1d333a26796aa1a5e7c
"storage/resource-library/previews/8675a08c3912452710530e85b5fb664b41dc04e605855d165d12745bc1ad5a3d/13.jpg",184434,9b6e963e4a365587acaa5a7b2b851a999d21ace4c6043ac58a48a4a02635fc06
"storage/resource-library/previews/8675a08c3912452710530e85b5fb664b41dc04e605855d165d12745bc1ad5a3d/14.jpg",161461,3bc878849163cc9bf920bd7ac4a911fe762e0f758a9fecf878e31cb0ee19ddb6
"storage/resource-library/previews/8675a08c3912452710530e85b5fb664b41dc04e605855d165d12745bc1ad5a3d/15.jpg",167529,bc8edba4e0f5b84a77cc57b8936d6d5837a9f03bb780cb3f91a6a05183d664c3
"storage/resource-library/previews/8675a08c3912452710530e85b5fb664b41dc04e605855d165d12745bc1ad5a3d/16.jpg",174684,6e974a1630a0fdd313b54c44b04059949f2e8442944107d3cbbf791b3b49524d
"storage/resource-library/previews/8675a08c3912452710530e85b5fb664b41dc04e605855d165d12745bc1ad5a3d/2.jpg",182855,114c823b407e5ab5c47a23033beef78891173eb41afc44d439d00779100dd655
"storage/resource-library/previews/8675a08c3912452710530e85b5fb664b41dc04e605855d165d12745bc1ad5a3d/3.jpg",187078,10a9a1906bd3d5af5cae4e0fb1f9e6348d9cd1955110aa205527dd4f0fb97a7d
"storage/resource-library/previews/8675a08c3912452710530e85b5fb664b41dc04e605855d165d12745bc1ad5a3d/4.jpg",170571,4adc8d799a3a1765e32d8afab16a191d238631b00c11680d64f68288955e8a07
"storage/resource-library/previews/8675a08c3912452710530e85b5fb664b41dc04e605855d165d12745bc1ad5a3d/5.jpg",158179,9e7d1db9ba5297b6d8bc6b0f82f53e8e3aef16a4353c995d11a916793c718050
"storage/resource-library/previews/8675a08c3912452710530e85b5fb664b41dc04e605855d165d12745bc1ad5a3d/6.jpg",176032,20c3677c32bf906fed47d32f499fd1a32d0436dc1c910293c54e9eb91fb9a82b
"storage/resource-library/previews/8675a08c3912452710530e85b5fb664b41dc04e605855d165d12745bc1ad5a3d/7.jpg",190925,8a51fabd20568781e4788f6db1c847677fb7cd17695ee54726b9ccf41d861fbb
"storage/resource-library/previews/8675a08c3912452710530e85b5fb664b41dc04e605855d165d12745bc1ad5a3d/8.jpg",210532,c6174436902e6616f97906b1a0188722c2430fb42c11ad2077801035263493f3
"storage/resource-library/previews/8675a08c3912452710530e85b5fb664b41dc04e605855d165d12745bc1ad5a3d/9.jpg",130253,be5d630b898371155975134b23d80f0e339a20a75b10c343bd17b47fe358a132
"storage/resource-library/previews/8675a08c3912452710530e85b5fb664b41dc04e605855d165d12745bc1ad5a3d/manifest.json",13,ec820ceff141ea1cf704cf436313b511bc27eea176f951923caf081e81cb18ec
"storage/resource-library/previews/ab6f62ca84f9a45549557f665b141d56f054938f3c55fb376b343c559d1535e8/1.jpg",44237,dda083124a271e15253ad52e8522d304b1073c8380c321f4664381901abe2d5b
"storage/resource-library/previews/ab6f62ca84f9a45549557f665b141d56f054938f3c55fb376b343c559d1535e8/10.jpg",62614,b8db13d762dad2d7ca89554755e9b8fd614c8e699e477d8cb72c0196159d9617
"storage/resource-library/previews/ab6f62ca84f9a45549557f665b141d56f054938f3c55fb376b343c559d1535e8/11.jpg",112057,db9ec4b46103f032075292390c9f16ed6cc090315f139380212e6c5b79953db6
"storage/resource-library/previews/ab6f62ca84f9a45549557f665b141d56f054938f3c55fb376b343c559d1535e8/12.jpg",110144,c4ec92bde4e0c9424339203dfb421fe674b33df0319182f554e78520eb13f180
"storage/resource-library/previews/ab6f62ca84f9a45549557f665b141d56f054938f3c55fb376b343c559d1535e8/13.jpg",108360,da50e9a074949cc96d3d68562c21d45f9f6f565bdbfa96c32759e9938732ea26
"storage/resource-library/previews/ab6f62ca84f9a45549557f665b141d56f054938f3c55fb376b343c559d1535e8/14.jpg",121932,f968c458bdbee5e9c02e7b1965a58e0563119a52dc9fe1d0194b268e64a71e2a
"storage/resource-library/previews/ab6f62ca84f9a45549557f665b141d56f054938f3c55fb376b343c559d1535e8/15.jpg",139932,8d09f9c96c568087ce2bc27162e8eec7bc2926c19faee59922e074acf8af3036
"storage/resource-library/previews/ab6f62ca84f9a45549557f665b141d56f054938f3c55fb376b343c559d1535e8/16.jpg",157767,53a22eebe21596c1dbc34fe8dab065cd52bef6bba7c2eb388435640579b81a87
"storage/resource-library/previews/ab6f62ca84f9a45549557f665b141d56f054938f3c55fb376b343c559d1535e8/17.jpg",84354,e0d51697b0aaecb35d174b42c16cf63fe07a2d59b5a30a4ca8cb0212490d714c
"storage/resource-library/previews/ab6f62ca84f9a45549557f665b141d56f054938f3c55fb376b343c559d1535e8/18.jpg",98600,aa844030e8adb9dce6e2a514adf634f3be33c3ace0fe09ae75472bca4fce1b3a
"storage/resource-library/previews/ab6f62ca84f9a45549557f665b141d56f054938f3c55fb376b343c559d1535e8/19.jpg",130934,5b7d2a91ed75081023e102b46e14710f443baf638a77d0f2c1a251126f5f5edf
"storage/resource-library/previews/ab6f62ca84f9a45549557f665b141d56f054938f3c55fb376b343c559d1535e8/2.jpg",163609,1accc040913185b569a5b2cc815710c55f36b6457471b4782fefb228816b37b0
"storage/resource-library/previews/ab6f62ca84f9a45549557f665b141d56f054938f3c55fb376b343c559d1535e8/20.jpg",125588,88232e1a7ad7d8ebcd3fd4a7c8c12109d36cc91a58112680aba9217b28199593
"storage/resource-library/previews/ab6f62ca84f9a45549557f665b141d56f054938f3c55fb376b343c559d1535e8/21.jpg",134962,99f0c6adb3f013ef821d707a8232935309d8242fd0e0bbf02fa6203a81edb6b6
"storage/resource-library/previews/ab6f62ca84f9a45549557f665b141d56f054938f3c55fb376b343c559d1535e8/22.jpg",92862,e2983f4568f55f9a69b07576b4918f0717ff88776ea71325aea2a0790319602e
"storage/resource-library/previews/ab6f62ca84f9a45549557f665b141d56f054938f3c55fb376b343c559d1535e8/23.jpg",132954,f4d16e34e0c2c05c82a985181a4d7a7f686080d6d3edd974533dae1295439234
"storage/resource-library/previews/ab6f62ca84f9a45549557f665b141d56f054938f3c55fb376b343c559d1535e8/24.jpg",87352,6f3ab03e1f292a9a773d78a6f714c55a6d83383ccb71e85cbc5a6c06f99cc418
"storage/resource-library/previews/ab6f62ca84f9a45549557f665b141d56f054938f3c55fb376b343c559d1535e8/25.jpg",120832,f100843121d0b40771239cefcde97a1950f0cb43a346bc4ad931b6094a829227
"storage/resource-library/previews/ab6f62ca84f9a45549557f665b141d56f054938f3c55fb376b343c559d1535e8/26.jpg",157497,e1f2ea7242b983c9738cc9270715b2d9a49a5bbcfa6f14a2d8f2b755819b5835
"storage/resource-library/previews/ab6f62ca84f9a45549557f665b141d56f054938f3c55fb376b343c559d1535e8/27.jpg",131866,ab7af61e125b88431c6c73bd4641b3326409195ab84585731e8ec648e0d82166
"storage/resource-library/previews/ab6f62ca84f9a45549557f665b141d56f054938f3c55fb376b343c559d1535e8/28.jpg",157932,4145d4f83a55615e7884ed941b35d09f3967129cc87b23bba5491e99c6638c92
"storage/resource-library/previews/ab6f62ca84f9a45549557f665b141d56f054938f3c55fb376b343c559d1535e8/29.jpg",97732,be06a798a3d7d8fc522e77be8c0902c6d7f09b22eae6188652c2f99c0df662d4
"storage/resource-library/previews/ab6f62ca84f9a45549557f665b141d56f054938f3c55fb376b343c559d1535e8/3.jpg",134923,8c1c4924426ac09b3ca8927aa985798e49937626cd0ffc1c8f0475b03ad1963a
"storage/resource-library/previews/ab6f62ca84f9a45549557f665b141d56f054938f3c55fb376b343c559d1535e8/30.jpg",129681,25f160e27a30e57e4ea9f68a6ca57138c824cf1490bd43b1078def573fa9b3f5
"storage/resource-library/previews/ab6f62ca84f9a45549557f665b141d56f054938f3c55fb376b343c559d1535e8/31.jpg",132158,7838e6c1fd4e0bb0ac7181842062d3fe405900761949c868ad375c32aab55083
"storage/resource-library/previews/ab6f62ca84f9a45549557f665b141d56f054938f3c55fb376b343c559d1535e8/32.jpg",137510,a5d4f36c71a8dd370bd17ba18bcca11732efb84e1964e3ea31abc90f4924acdb
"storage/resource-library/previews/ab6f62ca84f9a45549557f665b141d56f054938f3c55fb376b343c559d1535e8/33.jpg",114753,bf888aa61c1f1f35d37af171fc95dd047a576db3a89137f573fd9ab8a8ab46e0
"storage/resource-library/previews/ab6f62ca84f9a45549557f665b141d56f054938f3c55fb376b343c559d1535e8/34.jpg",102109,2358b416f403121a829df5ba4b869e6de11268dd205dcfcbe44b7f1bd6f6af12
"storage/resource-library/previews/ab6f62ca84f9a45549557f665b141d56f054938f3c55fb376b343c559d1535e8/35.jpg",132598,d4597f0289ffd874e98bf8f3a6988b4d5aee51ee5fbfeff667714e3ccd90f7b7
"storage/resource-library/previews/ab6f62ca84f9a45549557f665b141d56f054938f3c55fb376b343c559d1535e8/36.jpg",108097,3b66abfe00e3d75eb8b8ef48ab88d097598a4e99efb571b5f6d08567b5e5aebb
"storage/resource-library/previews/ab6f62ca84f9a45549557f665b141d56f054938f3c55fb376b343c559d1535e8/37.jpg",121654,e24122be47d803ead9becf3d5f103313f11e2f32ae082c8f1e5b80187cfff3b8
"storage/resource-library/previews/ab6f62ca84f9a45549557f665b141d56f054938f3c55fb376b343c559d1535e8/38.jpg",60082,829d84fa5815b63d9b08140cef7db5b4d745352686e68de548b63728d2e04195
"storage/resource-library/previews/ab6f62ca84f9a45549557f665b141d56f054938f3c55fb376b343c559d1535e8/39.jpg",110172,d898c6c4a9a853c4191f937b1f136acd05ae1de6d1874da685257da8f2c672ea
"storage/resource-library/previews/ab6f62ca84f9a45549557f665b141d56f054938f3c55fb376b343c559d1535e8/4.jpg",101386,3d0d75e07d2be3b535c88d8d896449762353d291e1631604f70dd4e0f8fe4c41
"storage/resource-library/previews/ab6f62ca84f9a45549557f665b141d56f054938f3c55fb376b343c559d1535e8/40.jpg",121199,92fbc004ad23cb78bf8f297b705485e44bdcf5cad7b77eac5e7f9ae5fc2e2b84
"storage/resource-library/previews/ab6f62ca84f9a45549557f665b141d56f054938f3c55fb376b343c559d1535e8/41.jpg",131010,28bd9bffbd8e72302795a02b74d221a9dbb63d4f3a4ec62232b1b87f48142a6a
"storage/resource-library/previews/ab6f62ca84f9a45549557f665b141d56f054938f3c55fb376b343c559d1535e8/42.jpg",115945,fe3d2aa9920a8ef8e11eae3fe15a1d6f69d6e0327ab90bf5ba85a81704ed6aa6
"storage/resource-library/previews/ab6f62ca84f9a45549557f665b141d56f054938f3c55fb376b343c559d1535e8/43.jpg",119799,1f2f8b1ed5d4d8b0610096a118a4b04ad070e0ae4cc7acabe4432e23ef062016
"storage/resource-library/previews/ab6f62ca84f9a45549557f665b141d56f054938f3c55fb376b343c559d1535e8/44.jpg",127274,5fc70e8a7861dfbd0e285b3b7af7bef8dd423b29312dd834112a685e195b8907
"storage/resource-library/previews/ab6f62ca84f9a45549557f665b141d56f054938f3c55fb376b343c559d1535e8/45.jpg",109425,5008d081b7132dfc13489cc8030bda7205416e140fbec9ab1c134b6a6c44fa1a
"storage/resource-library/previews/ab6f62ca84f9a45549557f665b141d56f054938f3c55fb376b343c559d1535e8/46.jpg",110111,c37213f370f62f3ab51c8c99499cb7e1f07e0200e192940e3737da1c432d7f53
"storage/resource-library/previews/ab6f62ca84f9a45549557f665b141d56f054938f3c55fb376b343c559d1535e8/47.jpg",113223,3b79279d8763742bc612b85a5129ce62b1525ae84c5ed17ff2c2ea9777d1377a
"storage/resource-library/previews/ab6f62ca84f9a45549557f665b141d56f054938f3c55fb376b343c559d1535e8/48.jpg",97019,1bc1f52ac6aa32db32632ed8fd8bf44710755291f8b9bb528e3f112e48d465d3
"storage/resource-library/previews/ab6f62ca84f9a45549557f665b141d56f054938f3c55fb376b343c559d1535e8/49.jpg",100419,66016ad8a56c251b2d79c37492dda5270a4696e4906556ff2eba0c85038ab06d
"storage/resource-library/previews/ab6f62ca84f9a45549557f665b141d56f054938f3c55fb376b343c559d1535e8/5.jpg",139878,5a0e5d4baf4beb14b31250824e87dfba2a117ec952a63f7e42ed22264e0b0ca7
"storage/resource-library/previews/ab6f62ca84f9a45549557f665b141d56f054938f3c55fb376b343c559d1535e8/50.jpg",83415,a139e9d1f3e3e341b6f466dafe9f72fb439a615f8639a64912940d52e2e5ac50
"storage/resource-library/previews/ab6f62ca84f9a45549557f665b141d56f054938f3c55fb376b343c559d1535e8/51.jpg",87486,7076652a93505b38e3eb62de57bc5d9bddde5bacc1059b1d105e012007c15cdc
"storage/resource-library/previews/ab6f62ca84f9a45549557f665b141d56f054938f3c55fb376b343c559d1535e8/52.jpg",104450,1749bafd95a444d768cc4bb3bd6974e9cb0546f6d5caecbb12b18860f50d51ef
"storage/resource-library/previews/ab6f62ca84f9a45549557f665b141d56f054938f3c55fb376b343c559d1535e8/53.jpg",113163,6277c321782d22a50346def40b4395530d1a05e9ab290ad99f5edc97c736f49d
"storage/resource-library/previews/ab6f62ca84f9a45549557f665b141d56f054938f3c55fb376b343c559d1535e8/54.jpg",112562,7b14c4fbf64a2c6d28153318f40adace72b1cf4c0e0cff1c668992060268ac54
"storage/resource-library/previews/ab6f62ca84f9a45549557f665b141d56f054938f3c55fb376b343c559d1535e8/55.jpg",152942,a0c45c4deb13c6dcf91bb643ab68cedc9933d1f0224111eb5cb929404e1de413
"storage/resource-library/previews/ab6f62ca84f9a45549557f665b141d56f054938f3c55fb376b343c559d1535e8/56.jpg",108217,267efe35865b60fd2c9a5c06fc2464d11d155283b3721c07364707b692533586
"storage/resource-library/previews/ab6f62ca84f9a45549557f665b141d56f054938f3c55fb376b343c559d1535e8/57.jpg",88558,f2802b4c8958717e00398765128d0e0df909dcf6a7b0dd6c8f0415200fc53149
"storage/resource-library/previews/ab6f62ca84f9a45549557f665b141d56f054938f3c55fb376b343c559d1535e8/6.jpg",146031,f32523e5d8f99e527fc8541f979bd0f8af3ba256ddd7b8b18634f76891c8f897
"storage/resource-library/previews/ab6f62ca84f9a45549557f665b141d56f054938f3c55fb376b343c559d1535e8/7.jpg",59682,afb32f1d9d6438c404ac7979a643f7886874370428670253b0a5e2251a98e423
"storage/resource-library/previews/ab6f62ca84f9a45549557f665b141d56f054938f3c55fb376b343c559d1535e8/8.jpg",62417,0c07705fbd9bab37be1c42a86f3435893950f65d9cefbd955cf2822fcd8220cb
"storage/resource-library/previews/ab6f62ca84f9a45549557f665b141d56f054938f3c55fb376b343c559d1535e8/9.jpg",84360,3bdd088141827f46c4695e4941d58a6cec7817ad201e325e51995e4f8facb2d6
"storage/resource-library/previews/ab6f62ca84f9a45549557f665b141d56f054938f3c55fb376b343c559d1535e8/manifest.json",13,b3e5f092c728cbf144d0a3c78500f1f82e2c881c6cd61231b1c269cf9fde160d
"storage/resource-library/previews/b2b03886e3996e1a8c7b34d44db39963277bdace84b5e6b3767bbeb9cf96793d/1.jpg",173339,b3dc59a5902fa23eaaa036809737f0b25bd04d8bd9e2593911b8f16be538e6b1
"storage/resource-library/previews/b2b03886e3996e1a8c7b34d44db39963277bdace84b5e6b3767bbeb9cf96793d/10.jpg",172058,7a3c87a1ec2c5cac758b412bfbd5179cef49335cf862ed12f3c22c628cef9883
"storage/resource-library/previews/b2b03886e3996e1a8c7b34d44db39963277bdace84b5e6b3767bbeb9cf96793d/11.jpg",173571,7ce58c403c15469bdd51e050a031617600f6a5f37854f8d2721142764bd6f60d
"storage/resource-library/previews/b2b03886e3996e1a8c7b34d44db39963277bdace84b5e6b3767bbeb9cf96793d/12.jpg",186757,d5040db9e39eb68aa2c46c2fe2f0605dc75e1457569fbe3371dbc69dcedb6666
"storage/resource-library/previews/b2b03886e3996e1a8c7b34d44db39963277bdace84b5e6b3767bbeb9cf96793d/13.jpg",166646,55a03db06d215c109e24d77d3e71a59a5d325b508300cb07030ed6eb037256a7
"storage/resource-library/previews/b2b03886e3996e1a8c7b34d44db39963277bdace84b5e6b3767bbeb9cf96793d/14.jpg",154865,f7c079b744be71de7c6835f0b554c13b12955b9376f42a52fcf495a5bfd56476
"storage/resource-library/previews/b2b03886e3996e1a8c7b34d44db39963277bdace84b5e6b3767bbeb9cf96793d/15.jpg",187169,8cb53d55b8e5863e140a807ce4ecf10290c8cfddad572e2acb5f55366ea3f834
"storage/resource-library/previews/b2b03886e3996e1a8c7b34d44db39963277bdace84b5e6b3767bbeb9cf96793d/16.jpg",182924,879512b4309a4a240d3a6a2fd495129f9af4ba0752b59f76dc798d0730495bae
"storage/resource-library/previews/b2b03886e3996e1a8c7b34d44db39963277bdace84b5e6b3767bbeb9cf96793d/17.jpg",204054,4389f686e615d395a030b851b83e4c6f459f4ce23f5b0601d95bf9bb7563a6be
"storage/resource-library/previews/b2b03886e3996e1a8c7b34d44db39963277bdace84b5e6b3767bbeb9cf96793d/18.jpg",146216,31c3ff8a3b76806cf55c5b106b33342990aae034c5d201d305ced2d2d95bfa4e
"storage/resource-library/previews/b2b03886e3996e1a8c7b34d44db39963277bdace84b5e6b3767bbeb9cf96793d/19.jpg",182730,35be9c93438bfb7e9894563ec116cc0f408595f4fe9b595e3a03f0244ce9fbaa
"storage/resource-library/previews/b2b03886e3996e1a8c7b34d44db39963277bdace84b5e6b3767bbeb9cf96793d/2.jpg",161567,373ea7c21831e3414a746f7c6b043082659354c35810022b7f0980f07c0d7c2a
"storage/resource-library/previews/b2b03886e3996e1a8c7b34d44db39963277bdace84b5e6b3767bbeb9cf96793d/20.jpg",179550,5181921b5d829aa3edf433d8e2b12972a667521c0d1d31aefb18cd94af452148
"storage/resource-library/previews/b2b03886e3996e1a8c7b34d44db39963277bdace84b5e6b3767bbeb9cf96793d/21.jpg",176374,ccd2a95354a748afbf16f24ae29b7505d83dfc0cc6d34eb7935d60fff907d8c1
"storage/resource-library/previews/b2b03886e3996e1a8c7b34d44db39963277bdace84b5e6b3767bbeb9cf96793d/22.jpg",167388,985cd45f844a4fcecc98e8c9b4e2e2e879f995fd27daa33fff5f51c075cc35fc
"storage/resource-library/previews/b2b03886e3996e1a8c7b34d44db39963277bdace84b5e6b3767bbeb9cf96793d/23.jpg",197287,a2c62ebdd16651ab6dcb48314712e75b8a6202b4865fd4e93c2587b461ad82be
"storage/resource-library/previews/b2b03886e3996e1a8c7b34d44db39963277bdace84b5e6b3767bbeb9cf96793d/24.jpg",169841,736282663a898159008facd2ccc2a128156549c6dd419fffbcfd97010beb0a3a
"storage/resource-library/previews/b2b03886e3996e1a8c7b34d44db39963277bdace84b5e6b3767bbeb9cf96793d/25.jpg",173908,a8cea69edd4e0d72f655bad705de05278aee2044a4160c3dcc8a3e2b18ead713
"storage/resource-library/previews/b2b03886e3996e1a8c7b34d44db39963277bdace84b5e6b3767bbeb9cf96793d/26.jpg",155105,65642c261a59e3f26d9ff54bfdf83c4df704fd9989272953deb8700cc4c991ec
"storage/resource-library/previews/b2b03886e3996e1a8c7b34d44db39963277bdace84b5e6b3767bbeb9cf96793d/27.jpg",192736,1d31900945eb89e574c50f51080bf1dd39b0c831faa7c1804b7b997f3b60d376
"storage/resource-library/previews/b2b03886e3996e1a8c7b34d44db39963277bdace84b5e6b3767bbeb9cf96793d/28.jpg",167604,96a6dbf58566ee45a6d0ad19e738874cfe3a775afc8a9ddc1181854aa576392a
"storage/resource-library/previews/b2b03886e3996e1a8c7b34d44db39963277bdace84b5e6b3767bbeb9cf96793d/29.jpg",166714,4bbeb74b171eef9b779fd67a637aeb58adba396efa8636c2c5bf841636a3cb79
"storage/resource-library/previews/b2b03886e3996e1a8c7b34d44db39963277bdace84b5e6b3767bbeb9cf96793d/3.jpg",189460,15c9b1f565b0a7a444620d64f332f6a45ca6719d2e2347c8b111fee45eef79d0
"storage/resource-library/previews/b2b03886e3996e1a8c7b34d44db39963277bdace84b5e6b3767bbeb9cf96793d/30.jpg",154805,985c96bfbc5c5fffd70683a721b8b5a4b45e1f2eeb42a4f7a00e3307aca8d78b
"storage/resource-library/previews/b2b03886e3996e1a8c7b34d44db39963277bdace84b5e6b3767bbeb9cf96793d/31.jpg",129763,24a183ec4cbaac838fb4e505d518cfdd5d767130dfdfa0133e6357da2bf359f0
"storage/resource-library/previews/b2b03886e3996e1a8c7b34d44db39963277bdace84b5e6b3767bbeb9cf96793d/32.jpg",105214,293798522ff3beec0513cb0c35295644bbd25a38f1fabe3bccf316886602e74f
"storage/resource-library/previews/b2b03886e3996e1a8c7b34d44db39963277bdace84b5e6b3767bbeb9cf96793d/33.jpg",104588,46cc7481152dfa3a74adeeeafe4cfee595ad953643dd1ad5639c3cb980257368
"storage/resource-library/previews/b2b03886e3996e1a8c7b34d44db39963277bdace84b5e6b3767bbeb9cf96793d/34.jpg",125610,a82f39d4819ddb4d8e0ee01f090905b7d845afa9e12fccd02a564005a3ad8080
"storage/resource-library/previews/b2b03886e3996e1a8c7b34d44db39963277bdace84b5e6b3767bbeb9cf96793d/35.jpg",116695,198bcd363bf28a854267c3a78f6b68bdb4a1ba6dda6374cbfa25567d1fa05907
"storage/resource-library/previews/b2b03886e3996e1a8c7b34d44db39963277bdace84b5e6b3767bbeb9cf96793d/36.jpg",96388,e9e05cd5f79b3e109cc1527dd0c74363dbe936797aa22db4534aa3a0d124f205
"storage/resource-library/previews/b2b03886e3996e1a8c7b34d44db39963277bdace84b5e6b3767bbeb9cf96793d/37.jpg",79750,e27a344eea56de3cf35c6bd9f3a2214c6c025500c526dfc7dbeab2daf44a93be
"storage/resource-library/previews/b2b03886e3996e1a8c7b34d44db39963277bdace84b5e6b3767bbeb9cf96793d/38.jpg",95247,c584b2cd056c06d99b60fe80fd0238697aba19954ca6caba159858b7a24bbfa2
"storage/resource-library/previews/b2b03886e3996e1a8c7b34d44db39963277bdace84b5e6b3767bbeb9cf96793d/39.jpg",88001,7d2e20a87d79a92acb2ce51a492a33d01fccd12fd59e78b6f71e27bd8c5626fa
"storage/resource-library/previews/b2b03886e3996e1a8c7b34d44db39963277bdace84b5e6b3767bbeb9cf96793d/4.jpg",194706,40e6909a0432a93632d05f79ec4c56b2d3105746e2cf33d0744f63249a70ad92
"storage/resource-library/previews/b2b03886e3996e1a8c7b34d44db39963277bdace84b5e6b3767bbeb9cf96793d/40.jpg",141854,2b78af7e187ffedda5625ba6459a693d73c4e86298457e99597dc4747d93bdd9
"storage/resource-library/previews/b2b03886e3996e1a8c7b34d44db39963277bdace84b5e6b3767bbeb9cf96793d/41.jpg",110347,6f563bcbb0ec77811ff9dd15f468797dd4d381862df9c5f9a7749acb2ddc0c65
"storage/resource-library/previews/b2b03886e3996e1a8c7b34d44db39963277bdace84b5e6b3767bbeb9cf96793d/42.jpg",92870,f474c9c3254a559bc310640818e3e0be6d19914853b507e63a19a2609eaeadf5
"storage/resource-library/previews/b2b03886e3996e1a8c7b34d44db39963277bdace84b5e6b3767bbeb9cf96793d/43.jpg",71381,9d565e699705b1eb1356791659ff6a557f814351e92142fbeff155b00b8814ff
"storage/resource-library/previews/b2b03886e3996e1a8c7b34d44db39963277bdace84b5e6b3767bbeb9cf96793d/44.jpg",85020,794b968f223cb0c659513c83d17c4bca78642be5a2510095d8a185b238340951
"storage/resource-library/previews/b2b03886e3996e1a8c7b34d44db39963277bdace84b5e6b3767bbeb9cf96793d/45.jpg",141458,f876c8ce95ac72294e505b54c2c5f46307a34abaa04b79c05f5df96519169019
"storage/resource-library/previews/b2b03886e3996e1a8c7b34d44db39963277bdace84b5e6b3767bbeb9cf96793d/46.jpg",101499,58c1d19682324ef0b216a9185e5b446a751631bc5143ed19c09200b22b6627fb
"storage/resource-library/previews/b2b03886e3996e1a8c7b34d44db39963277bdace84b5e6b3767bbeb9cf96793d/47.jpg",93776,be55911ba38766bf7e8dee07585bb6acaec5f6e85b4ea11ba0fa3068bc713b6a
"storage/resource-library/previews/b2b03886e3996e1a8c7b34d44db39963277bdace84b5e6b3767bbeb9cf96793d/48.jpg",73753,399660e218d3c2db1be6b376e80eafd65af4757d9fd40829dc7c42f1f86ba28c
"storage/resource-library/previews/b2b03886e3996e1a8c7b34d44db39963277bdace84b5e6b3767bbeb9cf96793d/49.jpg",87425,b4ae7f331f52b28d89b07c7a62a94f9acd6649b78c89094abcd00131a38afd8d
"storage/resource-library/previews/b2b03886e3996e1a8c7b34d44db39963277bdace84b5e6b3767bbeb9cf96793d/5.jpg",177645,876098d83af4f9961b65e5b3a721491a6fceded6ef6ec31ec3ddba5356a08d7f
"storage/resource-library/previews/b2b03886e3996e1a8c7b34d44db39963277bdace84b5e6b3767bbeb9cf96793d/50.jpg",74391,aaad6c4965b50c3ebadf9f275fc26c32f5eba0e5929c6f09beedd83fcde4b823
"storage/resource-library/previews/b2b03886e3996e1a8c7b34d44db39963277bdace84b5e6b3767bbeb9cf96793d/51.jpg",92635,59f03670360890c9a05ef43e1d42459fb8c201f64d663bfc4e9e5b7166ecb332
"storage/resource-library/previews/b2b03886e3996e1a8c7b34d44db39963277bdace84b5e6b3767bbeb9cf96793d/52.jpg",149195,dff8cae1483c96d83e5e2e056cff16fbff4fce5c72012db77f9e58a80ddc791b
"storage/resource-library/previews/b2b03886e3996e1a8c7b34d44db39963277bdace84b5e6b3767bbeb9cf96793d/53.jpg",90359,610054fd8f111904fc2a8d5e89a479620f6323de3d1559af38d2bd20d3d4b91c
"storage/resource-library/previews/b2b03886e3996e1a8c7b34d44db39963277bdace84b5e6b3767bbeb9cf96793d/54.jpg",85526,5e8904ba6cbf1528c80d61f11b4048998cc0d020ff79c9d8ca7cba58e4decf64
"storage/resource-library/previews/b2b03886e3996e1a8c7b34d44db39963277bdace84b5e6b3767bbeb9cf96793d/55.jpg",75981,f0fc7e44dc4142920393b2785e3129ea54c579a2eced06a3bc40a3cc88e49c3f
"storage/resource-library/previews/b2b03886e3996e1a8c7b34d44db39963277bdace84b5e6b3767bbeb9cf96793d/56.jpg",61280,c7124a07c99df246732cff49e5ae3c12121cacb8d6127f99e70d223ec43960af
"storage/resource-library/previews/b2b03886e3996e1a8c7b34d44db39963277bdace84b5e6b3767bbeb9cf96793d/57.jpg",94633,cf4d025e6544a201e044d9de09e1af891a2da02b1a5348afccef9211fb770e03
"storage/resource-library/previews/b2b03886e3996e1a8c7b34d44db39963277bdace84b5e6b3767bbeb9cf96793d/58.jpg",113423,69ed5c6f0eb2ee7f4c365770cd65604beb17d2c8cead22ed3246fa3b4025d64b
"storage/resource-library/previews/b2b03886e3996e1a8c7b34d44db39963277bdace84b5e6b3767bbeb9cf96793d/59.jpg",76897,bd78a09649b7df8d29584141451d7bae1fb54d2806d7b702107ac97dcf4ca2a0
"storage/resource-library/previews/b2b03886e3996e1a8c7b34d44db39963277bdace84b5e6b3767bbeb9cf96793d/6.jpg",161678,f85b01b0d3fb0d7409ac067615d207f57acb04ec15c61b5a0a9729d1ab6f2dbf
"storage/resource-library/previews/b2b03886e3996e1a8c7b34d44db39963277bdace84b5e6b3767bbeb9cf96793d/60.jpg",84624,b4ab31b470664846dc043d395da5731f2a0d1e71e5df8696656489fb95861766
"storage/resource-library/previews/b2b03886e3996e1a8c7b34d44db39963277bdace84b5e6b3767bbeb9cf96793d/61.jpg",73095,5bbf09e732be696e6e1e99df5dfd0840cbe566e01032d1bc09cac8922d0aed4e
"storage/resource-library/previews/b2b03886e3996e1a8c7b34d44db39963277bdace84b5e6b3767bbeb9cf96793d/62.jpg",46506,83a21ee68afe296152524da991a5659cd72fd57403846b966aef69391da1e2f9
"storage/resource-library/previews/b2b03886e3996e1a8c7b34d44db39963277bdace84b5e6b3767bbeb9cf96793d/63.jpg",136914,8f4bcc0f8559428b91aabcf55baa569cc045630955d51397b1b9331af1761bdd
"storage/resource-library/previews/b2b03886e3996e1a8c7b34d44db39963277bdace84b5e6b3767bbeb9cf96793d/64.jpg",92293,d773a2aba0b1ff5879da51836d7dedfaff13323e73be2127a0e672c6acd2cee7
"storage/resource-library/previews/b2b03886e3996e1a8c7b34d44db39963277bdace84b5e6b3767bbeb9cf96793d/65.jpg",100217,0ff9d5a017cf534940f433495df88347e2b0be3104b247531bce89e698ee17d4
"storage/resource-library/previews/b2b03886e3996e1a8c7b34d44db39963277bdace84b5e6b3767bbeb9cf96793d/66.jpg",114192,d88f0c00710f65ee997781a03ffe3f64dc1632f8f5b586f583fb64b0d5eae8c0
"storage/resource-library/previews/b2b03886e3996e1a8c7b34d44db39963277bdace84b5e6b3767bbeb9cf96793d/67.jpg",136405,34e45ce9b61d28a44ca0cd7c93045aa011b7d94d81862cb02f562910e6c926ca
"storage/resource-library/previews/b2b03886e3996e1a8c7b34d44db39963277bdace84b5e6b3767bbeb9cf96793d/68.jpg",136179,89bc2003fee740bf214b76c77d50b35301fd00b598bb7eded8a740630ceb4647
"storage/resource-library/previews/b2b03886e3996e1a8c7b34d44db39963277bdace84b5e6b3767bbeb9cf96793d/69.jpg",96533,5781f3862d996d7c817d31171d1840bcf059e970330705b05cb32b1630db72bd
"storage/resource-library/previews/b2b03886e3996e1a8c7b34d44db39963277bdace84b5e6b3767bbeb9cf96793d/7.jpg",168377,b951e5dcb87c5e26b2537f75061edac50b88bab69bc6777aa4b8ce8ef6eae31f
"storage/resource-library/previews/b2b03886e3996e1a8c7b34d44db39963277bdace84b5e6b3767bbeb9cf96793d/70.jpg",111515,f81abaac183bfbe70d215d1c2600727778c751ef136ae78ba6b46203e00cc979
"storage/resource-library/previews/b2b03886e3996e1a8c7b34d44db39963277bdace84b5e6b3767bbeb9cf96793d/71.jpg",115068,b62c44f81810182426eab6eeb1c422a0cfd761b34f890328bc57a5ab130aace9
"storage/resource-library/previews/b2b03886e3996e1a8c7b34d44db39963277bdace84b5e6b3767bbeb9cf96793d/72.jpg",77508,cf0c3ce86503756fd369aa6ebd8eac525ad09b1f28269b879c754ca76faac9e0
"storage/resource-library/previews/b2b03886e3996e1a8c7b34d44db39963277bdace84b5e6b3767bbeb9cf96793d/73.jpg",95964,ccaab4e62da1d6595078ca9a5130c5009e197c8eb856aa4b333b7a54756950fd
"storage/resource-library/previews/b2b03886e3996e1a8c7b34d44db39963277bdace84b5e6b3767bbeb9cf96793d/74.jpg",105668,fa6cbb378539f75eadd86f088be15f2f34e27b3275304e55fa021b37da1990a5
"storage/resource-library/previews/b2b03886e3996e1a8c7b34d44db39963277bdace84b5e6b3767bbeb9cf96793d/75.jpg",105437,5df03aae8df13afde495c42d69820d9cba514a9136a915cece5cd6483912a8a8
"storage/resource-library/previews/b2b03886e3996e1a8c7b34d44db39963277bdace84b5e6b3767bbeb9cf96793d/76.jpg",104194,c5634167c45246a560280acf8ab3684e93ad6fd70df03f9ae12615fdd0c380e2
"storage/resource-library/previews/b2b03886e3996e1a8c7b34d44db39963277bdace84b5e6b3767bbeb9cf96793d/77.jpg",164056,06e58d11b8f04f78be8d1eef9aea2752cb4d02a19e8f6716d4959244ed30b20f
"storage/resource-library/previews/b2b03886e3996e1a8c7b34d44db39963277bdace84b5e6b3767bbeb9cf96793d/78.jpg",123157,9fcda6265f2f1eee27e8cdae88e3b4ec7932a2e6f1f3a08475fe954d55eef828
"storage/resource-library/previews/b2b03886e3996e1a8c7b34d44db39963277bdace84b5e6b3767bbeb9cf96793d/8.jpg",168336,930779ea071794e7cfc536c036803bacd74f7892f9860e2330759ecc80c41d8d
"storage/resource-library/previews/b2b03886e3996e1a8c7b34d44db39963277bdace84b5e6b3767bbeb9cf96793d/9.jpg",179171,53473b16258ce966f797b67e3795d47994318d7e9ce1eca2cd08a764ff231dae
"storage/resource-library/previews/b2b03886e3996e1a8c7b34d44db39963277bdace84b5e6b3767bbeb9cf96793d/manifest.json",13,180cd96c4f801e2a0d352b5d943f2d43bb990c4157f7652ffe69fcfbc4d6ec78
"storage/resource-library/previews/e54a6208865f754f296cdb134cbc4aa6a950f70ec0a83dab47b7a3a1c62f04a3/1.jpg",139962,1d64a4a18fdde8bb8d70fd515fed8628fdad523777c3c363b81cb1a126327359
"storage/resource-library/previews/e54a6208865f754f296cdb134cbc4aa6a950f70ec0a83dab47b7a3a1c62f04a3/10.jpg",126066,ba40462b7e1f8b5fbde159bb893346eb73b54cc5410d795175aed5c4a9f77bab
"storage/resource-library/previews/e54a6208865f754f296cdb134cbc4aa6a950f70ec0a83dab47b7a3a1c62f04a3/100.jpg",121841,8e66979fda2fe112866cd68ea11adbaf6750dfdec93a5cae04918e7ebc93f956
"storage/resource-library/previews/e54a6208865f754f296cdb134cbc4aa6a950f70ec0a83dab47b7a3a1c62f04a3/101.jpg",121582,ca40835744a6d4b73a094e539ee2dbc67533d4f9ff412880bc9ece4b8f3d0819
"storage/resource-library/previews/e54a6208865f754f296cdb134cbc4aa6a950f70ec0a83dab47b7a3a1c62f04a3/102.jpg",118621,a0fe62e43c5d38eb846cc8514539f47c249da594ed9f820a90f1a5b115968d05
"storage/resource-library/previews/e54a6208865f754f296cdb134cbc4aa6a950f70ec0a83dab47b7a3a1c62f04a3/103.jpg",115336,f291e73d8be48fff6010922817f0f12ef973eb11a18e0eb6b9a7212da11792e2
"storage/resource-library/previews/e54a6208865f754f296cdb134cbc4aa6a950f70ec0a83dab47b7a3a1c62f04a3/104.jpg",112231,671e196e204f73f6c57f11aaddb7fb37a9c9de3960573b819564027eff6d45bf
"storage/resource-library/previews/e54a6208865f754f296cdb134cbc4aa6a950f70ec0a83dab47b7a3a1c62f04a3/105.jpg",108613,866052e71d7a680e1cc1fef9b65e5ff05b606ea6c180621e1630a19d09a46056
"storage/resource-library/previews/e54a6208865f754f296cdb134cbc4aa6a950f70ec0a83dab47b7a3a1c62f04a3/106.jpg",105172,c67ae274a5e1a9c245a0c042f2c8f59b4fa44d08af4aa31c2827e29f2f1945d6
"storage/resource-library/previews/e54a6208865f754f296cdb134cbc4aa6a950f70ec0a83dab47b7a3a1c62f04a3/107.jpg",56826,ea01c9f90a723e2c51be16edb8df9f087edd53f411acac2a4a0b2ac2adf2eca2
"storage/resource-library/previews/e54a6208865f754f296cdb134cbc4aa6a950f70ec0a83dab47b7a3a1c62f04a3/108.jpg",113993,d2325ea578d73a6d54ee9b29ebfa76279f580bcb55324992cb02d1e3bce6d151
"storage/resource-library/previews/e54a6208865f754f296cdb134cbc4aa6a950f70ec0a83dab47b7a3a1c62f04a3/109.jpg",122303,60b29c53898212947f9913317f5e4375057b2ffd4cb8cc7881a5634a61b9eb2c
"storage/resource-library/previews/e54a6208865f754f296cdb134cbc4aa6a950f70ec0a83dab47b7a3a1c62f04a3/11.jpg",124709,8bdd577804f37111f653adb3a4d7e74c5f31cc7078a3849a9b1eca7a39313668
"storage/resource-library/previews/e54a6208865f754f296cdb134cbc4aa6a950f70ec0a83dab47b7a3a1c62f04a3/110.jpg",117731,737cdb6bf6baa77a4dc0d0ebbc45d7c7705aa2b1aea024df8d9d3920bae49093
"storage/resource-library/previews/e54a6208865f754f296cdb134cbc4aa6a950f70ec0a83dab47b7a3a1c62f04a3/111.jpg",111943,421480ed45b1a84b2babac7b5173abd81e446e2cbe3b5521424ebd6569c9eb4c
"storage/resource-library/previews/e54a6208865f754f296cdb134cbc4aa6a950f70ec0a83dab47b7a3a1c62f04a3/112.jpg",119472,f97d54ac4fbe3be9845747cb28ab240d5e9cdbd9c6809187ec92a41e2c1ce49f
"storage/resource-library/previews/e54a6208865f754f296cdb134cbc4aa6a950f70ec0a83dab47b7a3a1c62f04a3/113.jpg",113575,559e15eaef0c142a4a7643a6dcb6191e61a9a49b621fbb1f0b6a670957cd47f2
"storage/resource-library/previews/e54a6208865f754f296cdb134cbc4aa6a950f70ec0a83dab47b7a3a1c62f04a3/114.jpg",121869,8da39504c9a322c1583a8ce0152b8a7dc24af150f64be08553622aef81229280
"storage/resource-library/previews/e54a6208865f754f296cdb134cbc4aa6a950f70ec0a83dab47b7a3a1c62f04a3/115.jpg",117889,6077702471a7f4fe05e7b7403c63006413d0d2aa336daad32be3dfbf65d00fd8
"storage/resource-library/previews/e54a6208865f754f296cdb134cbc4aa6a950f70ec0a83dab47b7a3a1c62f04a3/116.jpg",110546,c354ca1442b40761be8e20b2162d642e02269ab6955bea3e3d79155a77f78ef6
"storage/resource-library/previews/e54a6208865f754f296cdb134cbc4aa6a950f70ec0a83dab47b7a3a1c62f04a3/117.jpg",108976,a942c6e6c31f9aa0ebaa8cb89230fb42574717236fb3bc1987a640d5f328a559
"storage/resource-library/previews/e54a6208865f754f296cdb134cbc4aa6a950f70ec0a83dab47b7a3a1c62f04a3/118.jpg",121745,63fa1d1023ff3448e2b7eabde46112da79cf338e9ac4a31a288992dfbac7b3f1
"storage/resource-library/previews/e54a6208865f754f296cdb134cbc4aa6a950f70ec0a83dab47b7a3a1c62f04a3/119.jpg",119018,c5b1c7edf9dad321922f65c31e898011df8aac6f064d2df2ba4f47cde22ecc08
"storage/resource-library/previews/e54a6208865f754f296cdb134cbc4aa6a950f70ec0a83dab47b7a3a1c62f04a3/12.jpg",122002,08b2331378830b66d21491d5ddc7d89798bda3bd527669b698ae65dad94fd5e7
"storage/resource-library/previews/e54a6208865f754f296cdb134cbc4aa6a950f70ec0a83dab47b7a3a1c62f04a3/120.jpg",127007,3a27908ca823cdebdfe65d413a06336ab79630d7b94ea923867565600e54d92a
"storage/resource-library/previews/e54a6208865f754f296cdb134cbc4aa6a950f70ec0a83dab47b7a3a1c62f04a3/121.jpg",115629,58170f3696713be124cbe0782d20a5482952035c5a25d6525abd91d0f3c2b2b7
"storage/resource-library/previews/e54a6208865f754f296cdb134cbc4aa6a950f70ec0a83dab47b7a3a1c62f04a3/122.jpg",121162,86524a825671659d87069eaa966c3937af5592bbc5b0f4a2c49d8823e8e58589
"storage/resource-library/previews/e54a6208865f754f296cdb134cbc4aa6a950f70ec0a83dab47b7a3a1c62f04a3/123.jpg",117118,5a2c7a27d0ccc0496386ac74359f45af2fc70f913a4cd35a47de0bd12d8cb09a
"storage/resource-library/previews/e54a6208865f754f296cdb134cbc4aa6a950f70ec0a83dab47b7a3a1c62f04a3/124.jpg",123226,dafac9c5937dc95f3ad47ea554ea268b8ad06c9ecdd15dce0e468c5a92bc03a0
"storage/resource-library/previews/e54a6208865f754f296cdb134cbc4aa6a950f70ec0a83dab47b7a3a1c62f04a3/125.jpg",125124,4a8087e1bb2cff8fd0a03003d733cf0ff2ea9971c504c46310b8633c6e2d5d84
"storage/resource-library/previews/e54a6208865f754f296cdb134cbc4aa6a950f70ec0a83dab47b7a3a1c62f04a3/126.jpg",105435,89690fc4da6d884f981bf3bbe2082be4bf8f6a8b797d9889534f00da501ffa6e
"storage/resource-library/previews/e54a6208865f754f296cdb134cbc4aa6a950f70ec0a83dab47b7a3a1c62f04a3/127.jpg",113824,008790eacb93e698cb70ce62832f4a11660c3fe36ecbf418dfd1142b5970030c
"storage/resource-library/previews/e54a6208865f754f296cdb134cbc4aa6a950f70ec0a83dab47b7a3a1c62f04a3/128.jpg",112882,f20d61821f24ae095687adba0b461185cd35f82d0fe06e4bbecc39bfe439645d
"storage/resource-library/previews/e54a6208865f754f296cdb134cbc4aa6a950f70ec0a83dab47b7a3a1c62f04a3/129.jpg",114086,d4eeb03040f9424f58718ab7f2b8e63fb50786b32cb8f5d604a264c1a6487cb2
"storage/resource-library/previews/e54a6208865f754f296cdb134cbc4aa6a950f70ec0a83dab47b7a3a1c62f04a3/13.jpg",117609,3eb9309d7ec5b8ef2b7491d4a6613da0d8e7a11737514deb44cb9c25a37fc2dc
"storage/resource-library/previews/e54a6208865f754f296cdb134cbc4aa6a950f70ec0a83dab47b7a3a1c62f04a3/130.jpg",105528,792259afe1b613128b3535353d4e5fa6e854737223b2d88959b029fa320c6d82
"storage/resource-library/previews/e54a6208865f754f296cdb134cbc4aa6a950f70ec0a83dab47b7a3a1c62f04a3/131.jpg",126111,8537fca55a01df574f4455ed042d4d7a76f392dd8a2425dacff804382013391c
"storage/resource-library/previews/e54a6208865f754f296cdb134cbc4aa6a950f70ec0a83dab47b7a3a1c62f04a3/132.jpg",122033,f1419e1ba057f0dd4eb708a66dd227a923b4186f4ee331cfc0d245adc07c6729
"storage/resource-library/previews/e54a6208865f754f296cdb134cbc4aa6a950f70ec0a83dab47b7a3a1c62f04a3/133.jpg",124298,ee9a6ff6c73a03faff09a240becc3b963e151f7197ab19a632d13d372ce74d3a
"storage/resource-library/previews/e54a6208865f754f296cdb134cbc4aa6a950f70ec0a83dab47b7a3a1c62f04a3/134.jpg",120800,c049a66bcfb86d2ef6a305f27e363d1799d2f909b250182ebe6865899aadbc58
"storage/resource-library/previews/e54a6208865f754f296cdb134cbc4aa6a950f70ec0a83dab47b7a3a1c62f04a3/135.jpg",136647,47500891133cf7ad669113165761671bb882920cd987485b6a2c4e4d9758d591
"storage/resource-library/previews/e54a6208865f754f296cdb134cbc4aa6a950f70ec0a83dab47b7a3a1c62f04a3/136.jpg",128320,5d2a0ff4ab9405292c9d95876a79edc95c11ac7bcb5f7528c2e2da604a9dc0f8
"storage/resource-library/previews/e54a6208865f754f296cdb134cbc4aa6a950f70ec0a83dab47b7a3a1c62f04a3/137.jpg",116693,7ad34ec2432124daef2ac59898b564ba5646d9723d192487e703d522230afc01
"storage/resource-library/previews/e54a6208865f754f296cdb134cbc4aa6a950f70ec0a83dab47b7a3a1c62f04a3/138.jpg",118893,4b4484458b6b139779bc15df39261153a577c44d50806887b67d2f1f56945095
"storage/resource-library/previews/e54a6208865f754f296cdb134cbc4aa6a950f70ec0a83dab47b7a3a1c62f04a3/139.jpg",115620,ba2d07b5ce3d5eb55df5661cc2b267c83c9a8afb9a37cf2e5d11f87ddddddd50
"storage/resource-library/previews/e54a6208865f754f296cdb134cbc4aa6a950f70ec0a83dab47b7a3a1c62f04a3/14.jpg",114378,c6b81c83bb51143fed698ca20ff59f647b725b827fa4669cf1bc100e6f973591
"storage/resource-library/previews/e54a6208865f754f296cdb134cbc4aa6a950f70ec0a83dab47b7a3a1c62f04a3/140.jpg",122284,df26979cbf310c106d5f6ee14da630feaf7002d6e7855dd20f42d64009a86b6c
"storage/resource-library/previews/e54a6208865f754f296cdb134cbc4aa6a950f70ec0a83dab47b7a3a1c62f04a3/141.jpg",120819,20bcf3b5f994482794e1941c118e00b007911c66710e43647d274c77f30ed5eb
"storage/resource-library/previews/e54a6208865f754f296cdb134cbc4aa6a950f70ec0a83dab47b7a3a1c62f04a3/142.jpg",114029,3e9636814f90cd9db16ac2880ca887207e87b3934f72454a65fe1f298614fd4f
"storage/resource-library/previews/e54a6208865f754f296cdb134cbc4aa6a950f70ec0a83dab47b7a3a1c62f04a3/143.jpg",133737,90af8e236e71f90de69b167d3a6d680d0490840122b11e666389d96a1e37f56c
"storage/resource-library/previews/e54a6208865f754f296cdb134cbc4aa6a950f70ec0a83dab47b7a3a1c62f04a3/144.jpg",123393,99b99986517994c43413941d5a6f419f05220747cc8919f9a54a03061652ada2
"storage/resource-library/previews/e54a6208865f754f296cdb134cbc4aa6a950f70ec0a83dab47b7a3a1c62f04a3/145.jpg",118150,a1b7ab967af7f6a93273de09592119025e3083c88d86f9c658d139f5d3a2bac4
"storage/resource-library/previews/e54a6208865f754f296cdb134cbc4aa6a950f70ec0a83dab47b7a3a1c62f04a3/146.jpg",120393,1b9ad2cd1051e29cfc8363140e53171886e033fd1d04ad76151aafaf91b62140
"storage/resource-library/previews/e54a6208865f754f296cdb134cbc4aa6a950f70ec0a83dab47b7a3a1c62f04a3/147.jpg",93892,adcb9eace2b40b677440789475b3c0670766bcff398e68335b3bea3b77c7ac24
"storage/resource-library/previews/e54a6208865f754f296cdb134cbc4aa6a950f70ec0a83dab47b7a3a1c62f04a3/148.jpg",101863,caf0a4ae52bbdb1f91e7d79763cc7245df7203bdab036238e8e328c695f170bb
"storage/resource-library/previews/e54a6208865f754f296cdb134cbc4aa6a950f70ec0a83dab47b7a3a1c62f04a3/149.jpg",101243,7540ebe9a0f4e1f6f0000f832164011692711cb3cf9142b6f4dd51debb841436
"storage/resource-library/previews/e54a6208865f754f296cdb134cbc4aa6a950f70ec0a83dab47b7a3a1c62f04a3/15.jpg",125456,58b3815b2761802503a9386da75108fe88b443a9bc8b8fbdd0f5bc2db5d0731b
"storage/resource-library/previews/e54a6208865f754f296cdb134cbc4aa6a950f70ec0a83dab47b7a3a1c62f04a3/150.jpg",107634,6a6e20210c9b4d2a67756770b56c12626dd709bd41b38a914dc02aa65deaca16
"storage/resource-library/previews/e54a6208865f754f296cdb134cbc4aa6a950f70ec0a83dab47b7a3a1c62f04a3/151.jpg",106361,6f76286b8d040116d673ac61692d6f8a41642858b796483917d0bfb860130a6e
"storage/resource-library/previews/e54a6208865f754f296cdb134cbc4aa6a950f70ec0a83dab47b7a3a1c62f04a3/152.jpg",130055,552acef09368fd352310d00ec01d1268d4762bc5171bb5a37ef1ec07275e419b
"storage/resource-library/previews/e54a6208865f754f296cdb134cbc4aa6a950f70ec0a83dab47b7a3a1c62f04a3/153.jpg",117016,98670fca85f2f9da7d79b1871e6d80d55e49db5611519d63fc353f8987d1fbb6
"storage/resource-library/previews/e54a6208865f754f296cdb134cbc4aa6a950f70ec0a83dab47b7a3a1c62f04a3/154.jpg",108375,ebc0abbb257e5b7e6ceffb19b5e561414d2347c8f0dfdbb302a607d6076d9a64
"storage/resource-library/previews/e54a6208865f754f296cdb134cbc4aa6a950f70ec0a83dab47b7a3a1c62f04a3/155.jpg",123901,d4acc4fc526f669743e0b4150fcdebce9d8ecc8646ad93df4eb80a5afa1b7025
"storage/resource-library/previews/e54a6208865f754f296cdb134cbc4aa6a950f70ec0a83dab47b7a3a1c62f04a3/156.jpg",95234,201f6b776dedcb66cac175475f39a4cebe525439055d5c1630f14d828d5ea6b3
"storage/resource-library/previews/e54a6208865f754f296cdb134cbc4aa6a950f70ec0a83dab47b7a3a1c62f04a3/157.jpg",112341,56b6c15746a212ea66676452577b5a275ea04b58d5f1d92e3a56a9d291c59e12
"storage/resource-library/previews/e54a6208865f754f296cdb134cbc4aa6a950f70ec0a83dab47b7a3a1c62f04a3/158.jpg",111505,a165c8648d75a835a693090567d8ee9ad9e97abafe0d67bc57db2c721e7aeca8
"storage/resource-library/previews/e54a6208865f754f296cdb134cbc4aa6a950f70ec0a83dab47b7a3a1c62f04a3/159.jpg",100036,c9345282604b626aa26b7889fe249d0ac2d1d6f952d0de129e02ad5fd17694fe
"storage/resource-library/previews/e54a6208865f754f296cdb134cbc4aa6a950f70ec0a83dab47b7a3a1c62f04a3/16.jpg",120578,3d82ddc3672ea8a58ca33d9225932ef504b4d0f316d4f66918aceed3123e277b
"storage/resource-library/previews/e54a6208865f754f296cdb134cbc4aa6a950f70ec0a83dab47b7a3a1c62f04a3/160.jpg",98604,2fa6ba62effeb7635ba0817a66ae0c1ad18434f4f81fd92dca9871b822827310
"storage/resource-library/previews/e54a6208865f754f296cdb134cbc4aa6a950f70ec0a83dab47b7a3a1c62f04a3/161.jpg",116897,ae4023149715423fd98f15795369db4f553277268676038ca24cd58baa8ac642
"storage/resource-library/previews/e54a6208865f754f296cdb134cbc4aa6a950f70ec0a83dab47b7a3a1c62f04a3/162.jpg",114535,3f04de9fb3cc19b25920e6d06c4ab2fe6b12169d9501bd12d70e3748ff82ca18
"storage/resource-library/previews/e54a6208865f754f296cdb134cbc4aa6a950f70ec0a83dab47b7a3a1c62f04a3/163.jpg",97483,b27b8ca350586f2490ca13710464ac6454134c97ce10fe7a2815a52dbee4fdb6
"storage/resource-library/previews/e54a6208865f754f296cdb134cbc4aa6a950f70ec0a83dab47b7a3a1c62f04a3/164.jpg",102229,1100db88fca81aebe070d9b1c3d943ca89b63bdcd156f3033736f4869bb78106
"storage/resource-library/previews/e54a6208865f754f296cdb134cbc4aa6a950f70ec0a83dab47b7a3a1c62f04a3/165.jpg",107814,a27b78d11fdcf3c1d39c752b28e8d31e57b75c37ce24ff29a610f0bcc9f175ca
"storage/resource-library/previews/e54a6208865f754f296cdb134cbc4aa6a950f70ec0a83dab47b7a3a1c62f04a3/166.jpg",108503,242cc8bdaf2510b55124f8dcafaf750444742cf4c69ecfc66ad1f6766c12c8c8
"storage/resource-library/previews/e54a6208865f754f296cdb134cbc4aa6a950f70ec0a83dab47b7a3a1c62f04a3/167.jpg",103059,b122aa1a0f21347585290494105cf3287c3eb9e1b7e099a1dde0fe25f400b792
"storage/resource-library/previews/e54a6208865f754f296cdb134cbc4aa6a950f70ec0a83dab47b7a3a1c62f04a3/168.jpg",93928,cf2605cde93d078976d184c19586550b11e0ca0e64a9c40ae72c624a6f3e5cbc
"storage/resource-library/previews/e54a6208865f754f296cdb134cbc4aa6a950f70ec0a83dab47b7a3a1c62f04a3/169.jpg",101563,ccca98d1ad1e8deed75edee80c23457a2a84821892284185c762f2ec5140f19d
"storage/resource-library/previews/e54a6208865f754f296cdb134cbc4aa6a950f70ec0a83dab47b7a3a1c62f04a3/17.jpg",125964,5071f485306e577b833fb2a4d8d3a3c84d27c16660a91bace9a3564fc2a5c141
"storage/resource-library/previews/e54a6208865f754f296cdb134cbc4aa6a950f70ec0a83dab47b7a3a1c62f04a3/170.jpg",113264,5ab36ffbb7996c1e2961afd249b2913eeff6385f9fc9ca81d1e226311ac3d32a
"storage/resource-library/previews/e54a6208865f754f296cdb134cbc4aa6a950f70ec0a83dab47b7a3a1c62f04a3/171.jpg",101242,dd9abde382f908cb4deadc909e27927f306cb17a96917ea64f2d9d5e7420ca70
"storage/resource-library/previews/e54a6208865f754f296cdb134cbc4aa6a950f70ec0a83dab47b7a3a1c62f04a3/172.jpg",102483,cdf6ca1fad25bd0d95d745ee625d8ce31ed94bc0a403a855b7c8892baa401253
"storage/resource-library/previews/e54a6208865f754f296cdb134cbc4aa6a950f70ec0a83dab47b7a3a1c62f04a3/173.jpg",106537,a16828743e8ec537545f6c59309eba31af928724f74bc017648117111bc32062
"storage/resource-library/previews/e54a6208865f754f296cdb134cbc4aa6a950f70ec0a83dab47b7a3a1c62f04a3/174.jpg",104088,40ba5aa1d5e324c89722f08cb9bbac4defe065a725f57c0e7a5114c1975f5a21
"storage/resource-library/previews/e54a6208865f754f296cdb134cbc4aa6a950f70ec0a83dab47b7a3a1c62f04a3/175.jpg",117273,f8ac773c025baa2dbfc890a872a934efc4ab8595e49f50ebede68abee7f16a97
"storage/resource-library/previews/e54a6208865f754f296cdb134cbc4aa6a950f70ec0a83dab47b7a3a1c62f04a3/176.jpg",112193,f99fa79bfe083899eea1a76ed4b5765b64dbd5cf501fc8c15c29baffd4a671ec
"storage/resource-library/previews/e54a6208865f754f296cdb134cbc4aa6a950f70ec0a83dab47b7a3a1c62f04a3/177.jpg",110575,9df75018a66eaf5433bf97ccece30829f9377dde282ba7e4c4949dea427f608c
"storage/resource-library/previews/e54a6208865f754f296cdb134cbc4aa6a950f70ec0a83dab47b7a3a1c62f04a3/178.jpg",117101,f0993d0c393c98a9d19e18523bc43b4199b70a7735c0fd585180c2517d4fa324
"storage/resource-library/previews/e54a6208865f754f296cdb134cbc4aa6a950f70ec0a83dab47b7a3a1c62f04a3/179.jpg",116750,595e685870fe0a82396366736df9c3203306803f89aa555bf8a8bdfc027d6ef7
"storage/resource-library/previews/e54a6208865f754f296cdb134cbc4aa6a950f70ec0a83dab47b7a3a1c62f04a3/18.jpg",134794,e8a28014f8dd0e864b7cc9596b1d1a6ceb91c4505f8bd4f102316ab62a6d283d
"storage/resource-library/previews/e54a6208865f754f296cdb134cbc4aa6a950f70ec0a83dab47b7a3a1c62f04a3/180.jpg",112854,0de64d0c763007f3c73fe657bfe2989641310e87fdad07e4d3679cd9930fd9df
"storage/resource-library/previews/e54a6208865f754f296cdb134cbc4aa6a950f70ec0a83dab47b7a3a1c62f04a3/181.jpg",85088,bd51cf20d516bf5dad71d76b52623cd4992a3e273f29f756337995e49927b63f
"storage/resource-library/previews/e54a6208865f754f296cdb134cbc4aa6a950f70ec0a83dab47b7a3a1c62f04a3/182.jpg",141711,871bfba1a6754c159311886b28803eeb43f89e4aa917eb9503edf9cbaad366c7
"storage/resource-library/previews/e54a6208865f754f296cdb134cbc4aa6a950f70ec0a83dab47b7a3a1c62f04a3/183.jpg",154206,9ce78d6980df1710c78ffa4bf7b4600e89f296c7a7ab1d16b0dd704939f37fa8
"storage/resource-library/previews/e54a6208865f754f296cdb134cbc4aa6a950f70ec0a83dab47b7a3a1c62f04a3/184.jpg",163353,098274d88d21ac1e1b07b0ff980da49d6eb6f4a207f9ea3f294c084c9fb25fe8
"storage/resource-library/previews/e54a6208865f754f296cdb134cbc4aa6a950f70ec0a83dab47b7a3a1c62f04a3/185.jpg",144921,3d91103f8777be9452f99e0c58f0f26189a6be7c3c5b33cc1ff852bb5f99fe4f
"storage/resource-library/previews/e54a6208865f754f296cdb134cbc4aa6a950f70ec0a83dab47b7a3a1c62f04a3/186.jpg",154406,3c035fdebb3d5f5d4c30315e3eba493a95b1486291f44e111a949b16c0dcee40
"storage/resource-library/previews/e54a6208865f754f296cdb134cbc4aa6a950f70ec0a83dab47b7a3a1c62f04a3/187.jpg",153275,e5062451ceafeb58efade311d8ffc027405f30f7a619d8b56fbc92a284f740c5
"storage/resource-library/previews/e54a6208865f754f296cdb134cbc4aa6a950f70ec0a83dab47b7a3a1c62f04a3/188.jpg",144012,320ea7b3e8f527529bc7ff13ae9ec12ac82934d7b8e1ece04259accab08bcc07
"storage/resource-library/previews/e54a6208865f754f296cdb134cbc4aa6a950f70ec0a83dab47b7a3a1c62f04a3/189.jpg",147487,07c63c44c67c0843c6084d82385dbc28926d0102befa6f73a0918f8e671eaacf
"storage/resource-library/previews/e54a6208865f754f296cdb134cbc4aa6a950f70ec0a83dab47b7a3a1c62f04a3/19.jpg",122430,ceeca9d9f409d24d8a730a3592a1b11dfe8ff6cdaf5329ff8e51efe1b91c6d4b
"storage/resource-library/previews/e54a6208865f754f296cdb134cbc4aa6a950f70ec0a83dab47b7a3a1c62f04a3/190.jpg",144660,20119640ae0e752cec5882478ea1b1e4dd9c45a745e654e87ffa740030d2fa04
"storage/resource-library/previews/e54a6208865f754f296cdb134cbc4aa6a950f70ec0a83dab47b7a3a1c62f04a3/191.jpg",135843,f43b47d8a170d65d7e45fe4a1ff1efbff26d23b08323f05b255fdd01bfb35145
"storage/resource-library/previews/e54a6208865f754f296cdb134cbc4aa6a950f70ec0a83dab47b7a3a1c62f04a3/192.jpg",138926,958a9e46951f3af0601fa59f16ef5d8090b033407b1fc51700a1dfefb70856e1
"storage/resource-library/previews/e54a6208865f754f296cdb134cbc4aa6a950f70ec0a83dab47b7a3a1c62f04a3/193.jpg",144202,d5f4682070a23f729e8433927ddadbaa12e06f4b7fa4c30d96ed4d95580fb4d0
"storage/resource-library/previews/e54a6208865f754f296cdb134cbc4aa6a950f70ec0a83dab47b7a3a1c62f04a3/194.jpg",132493,69a06e40fb040a1d9a143a5d2196b28a64c61f2aca684ee13c89dfc93fc9c0a5
"storage/resource-library/previews/e54a6208865f754f296cdb134cbc4aa6a950f70ec0a83dab47b7a3a1c62f04a3/195.jpg",143181,b56f03cf6d9e1ca2728a0c01a69aea8c63c13e84457469ecc78b7e72eb653233
"storage/resource-library/previews/e54a6208865f754f296cdb134cbc4aa6a950f70ec0a83dab47b7a3a1c62f04a3/196.jpg",143286,2f6aef900036e252134743d4cbcfb8fcf9d4b2ad9f9d69b30a3c13ab67fa49c7
"storage/resource-library/previews/e54a6208865f754f296cdb134cbc4aa6a950f70ec0a83dab47b7a3a1c62f04a3/197.jpg",157570,a64559f1749628defba3edb56a8bf05ed33f8bb60e6a7b3e7aacc7f13849934f
"storage/resource-library/previews/e54a6208865f754f296cdb134cbc4aa6a950f70ec0a83dab47b7a3a1c62f04a3/198.jpg",137102,8951f1e10a502eb70744a9deff1ed621284db55f96d3cc3d02fe0fe50b7ae24b
"storage/resource-library/previews/e54a6208865f754f296cdb134cbc4aa6a950f70ec0a83dab47b7a3a1c62f04a3/199.jpg",155848,9b9dbbd28e8b4bd454e144d0f5ed6c0e6506ae559e03e9fdcc5e30eb91ccabb5
"storage/resource-library/previews/e54a6208865f754f296cdb134cbc4aa6a950f70ec0a83dab47b7a3a1c62f04a3/2.jpg",132563,848c9e486cfe1d4d59707e0593c3fb5045ed7f1a6ba09ee252740a2b74e6e257
"storage/resource-library/previews/e54a6208865f754f296cdb134cbc4aa6a950f70ec0a83dab47b7a3a1c62f04a3/20.jpg",130287,8cfebd97e90a15b12c2b1528e9a90c0622d4806017d56d43e5ad8ef4c5f6fe02
"storage/resource-library/previews/e54a6208865f754f296cdb134cbc4aa6a950f70ec0a83dab47b7a3a1c62f04a3/200.jpg",142454,2adc26f0ccab39e8fc4a1e07df6e8f5b3fe6807c4d9d44b1a39ef18a517efb7a
"storage/resource-library/previews/e54a6208865f754f296cdb134cbc4aa6a950f70ec0a83dab47b7a3a1c62f04a3/201.jpg",145749,93c2d06a6723f0a644b28db93e19eb9d695636c65e46ae001161b205229ade73
"storage/resource-library/previews/e54a6208865f754f296cdb134cbc4aa6a950f70ec0a83dab47b7a3a1c62f04a3/202.jpg",145526,ef43c78a200e190eacb2fd2b402e6aff75e9b667efc1546aa9f66217cc7cfb8d
"storage/resource-library/previews/e54a6208865f754f296cdb134cbc4aa6a950f70ec0a83dab47b7a3a1c62f04a3/203.jpg",146654,eb6fa76efaf0cc71eb9f47e7c5bc2a35da5019de81fee3c663eb3122a640c12c
"storage/resource-library/previews/e54a6208865f754f296cdb134cbc4aa6a950f70ec0a83dab47b7a3a1c62f04a3/204.jpg",142063,69f58a3b51872a7ab7dbc710f893ab97fb39aecbce362a368c2422c9e06e2f64
"storage/resource-library/previews/e54a6208865f754f296cdb134cbc4aa6a950f70ec0a83dab47b7a3a1c62f04a3/205.jpg",146727,6dcdd49da0fa2cd4208b7c8ce2f71e22aeecb280473654c70e2eae2ee59184e9
"storage/resource-library/previews/e54a6208865f754f296cdb134cbc4aa6a950f70ec0a83dab47b7a3a1c62f04a3/206.jpg",144910,0fc8da3e7481d4cd7d487a44b24f9cb0702f26967844afb31475f7fbcc54eab2
"storage/resource-library/previews/e54a6208865f754f296cdb134cbc4aa6a950f70ec0a83dab47b7a3a1c62f04a3/207.jpg",146696,4e5b2ca9248daee79836e39b7076040b5a369e550afcb9e15ca73219a8549921
"storage/resource-library/previews/e54a6208865f754f296cdb134cbc4aa6a950f70ec0a83dab47b7a3a1c62f04a3/208.jpg",139127,1ff1c2153efaf8e891ed6c022efd9784dc9b116336c1c57c7ef86308397faeff
"storage/resource-library/previews/e54a6208865f754f296cdb134cbc4aa6a950f70ec0a83dab47b7a3a1c62f04a3/209.jpg",143310,8c244a3729536ae2af1d1b6b04ad56d605d32d423884924bdceaec783d2bad4c
"storage/resource-library/previews/e54a6208865f754f296cdb134cbc4aa6a950f70ec0a83dab47b7a3a1c62f04a3/21.jpg",124502,7dd11af0509d5dcfd1f5b576c1b97c801d41bb96c47e3d9914bf84a6e3637f40
"storage/resource-library/previews/e54a6208865f754f296cdb134cbc4aa6a950f70ec0a83dab47b7a3a1c62f04a3/210.jpg",142029,462dccbb63c649491be67b7595555a794260645f29df522233e590cdb8d9bcf3
"storage/resource-library/previews/e54a6208865f754f296cdb134cbc4aa6a950f70ec0a83dab47b7a3a1c62f04a3/211.jpg",153398,d38004becd1bcfa964257061751966126685e24d77ec44534052e36443aaa8de
"storage/resource-library/previews/e54a6208865f754f296cdb134cbc4aa6a950f70ec0a83dab47b7a3a1c62f04a3/212.jpg",146378,1a43d61d7ea96df83b1002fd27ca793f3459d1326e14a0a7f7fab53ee1831615
"storage/resource-library/previews/e54a6208865f754f296cdb134cbc4aa6a950f70ec0a83dab47b7a3a1c62f04a3/213.jpg",137495,f962ddf9ba6bb294598a8e2863b8955f6cffe5557548211b745008bda904ed80
"storage/resource-library/previews/e54a6208865f754f296cdb134cbc4aa6a950f70ec0a83dab47b7a3a1c62f04a3/214.jpg",143199,b0d045d06bb819696ae83332267fd9c61b7eec7f1ad0ad00e8509a5e74a13819
"storage/resource-library/previews/e54a6208865f754f296cdb134cbc4aa6a950f70ec0a83dab47b7a3a1c62f04a3/215.jpg",145330,d18ab34085ed61299687b5fe949c6c3f1c3fb529d878b570762ad31383ee806a
"storage/resource-library/previews/e54a6208865f754f296cdb134cbc4aa6a950f70ec0a83dab47b7a3a1c62f04a3/216.jpg",139046,86030819e436076a2e1d1b61ec68766a90c5227fb748d3643bd1a60a796b62da
"storage/resource-library/previews/e54a6208865f754f296cdb134cbc4aa6a950f70ec0a83dab47b7a3a1c62f04a3/217.jpg",141578,f3165cb2aa25c25672dec47e8638761d05c5dd70b3749043ae85f7a22490ec33
"storage/resource-library/previews/e54a6208865f754f296cdb134cbc4aa6a950f70ec0a83dab47b7a3a1c62f04a3/218.jpg",141568,f75c949d920eef8253102a9ee23862b2a69f4995de594bb33100f7c45b691fba
"storage/resource-library/previews/e54a6208865f754f296cdb134cbc4aa6a950f70ec0a83dab47b7a3a1c62f04a3/219.jpg",139133,e8d93b13ecd3ff10a1ce66937968ff15230f55f39400ff74b6ea4aa4d25160fc
"storage/resource-library/previews/e54a6208865f754f296cdb134cbc4aa6a950f70ec0a83dab47b7a3a1c62f04a3/22.jpg",128198,94af9cbbd4f5af420f82ee80fb76f607336f2ceba9f002dceb189bd21d13cb41
"storage/resource-library/previews/e54a6208865f754f296cdb134cbc4aa6a950f70ec0a83dab47b7a3a1c62f04a3/220.jpg",138570,19cad80aeaa10d7f0e3f4a9b1aa0e4c27a83944667126e9a49e815b03b4086bd
"storage/resource-library/previews/e54a6208865f754f296cdb134cbc4aa6a950f70ec0a83dab47b7a3a1c62f04a3/221.jpg",141279,0c8679ee6ff642670caa3abfdfeb3ce214246f3335a39ed2febd86f22a361e08
"storage/resource-library/previews/e54a6208865f754f296cdb134cbc4aa6a950f70ec0a83dab47b7a3a1c62f04a3/222.jpg",136878,9a3b3e5a694f5b15e10fb9338b255dd2896527b38dd6e7a31d4aa2357956a9a9
"storage/resource-library/previews/e54a6208865f754f296cdb134cbc4aa6a950f70ec0a83dab47b7a3a1c62f04a3/223.jpg",140017,c0623f40394dfbaf0530abfccfabc7cc6357c0f13ccec14fc8ac8581b513f5e4
"storage/resource-library/previews/e54a6208865f754f296cdb134cbc4aa6a950f70ec0a83dab47b7a3a1c62f04a3/224.jpg",137922,57144369fb4d2f5d98dd14affeabb5c992e2f85d204b563e135e185f75dffd0f
"storage/resource-library/previews/e54a6208865f754f296cdb134cbc4aa6a950f70ec0a83dab47b7a3a1c62f04a3/225.jpg",146610,b8480a33c8b70e36919ff621d5a83f53499a2d221894957694a255e729bf98a9
"storage/resource-library/previews/e54a6208865f754f296cdb134cbc4aa6a950f70ec0a83dab47b7a3a1c62f04a3/226.jpg",133252,1ca57d3a094f51901ebbaf07def0f0ffefc15f75f47d1caa87915cae692e9374
"storage/resource-library/previews/e54a6208865f754f296cdb134cbc4aa6a950f70ec0a83dab47b7a3a1c62f04a3/227.jpg",135566,64b8a4fa4c1155271ad5ec6720d8c170893d0d29cde832fedc5ccd7ef2995c28
"storage/resource-library/previews/e54a6208865f754f296cdb134cbc4aa6a950f70ec0a83dab47b7a3a1c62f04a3/228.jpg",142406,c20b1b25361cecd2b066620347af5818cd17352311cac93ed5efa6a83dd70b2e
"storage/resource-library/previews/e54a6208865f754f296cdb134cbc4aa6a950f70ec0a83dab47b7a3a1c62f04a3/229.jpg",136422,8348968d2864fc20e07f61b7167cb5afda23205913925ccbe9b2828788dda92a
"storage/resource-library/previews/e54a6208865f754f296cdb134cbc4aa6a950f70ec0a83dab47b7a3a1c62f04a3/23.jpg",129504,c8828f6bb204d013a36a2bdfee62b0e2e9f4bbc0e791060f94f72cab05742a1d
"storage/resource-library/previews/e54a6208865f754f296cdb134cbc4aa6a950f70ec0a83dab47b7a3a1c62f04a3/230.jpg",140282,e8aa59cdfccf71d47d55bbb7ced73ff549d6add721518856bc4c0075701dcc6d
"storage/resource-library/previews/e54a6208865f754f296cdb134cbc4aa6a950f70ec0a83dab47b7a3a1c62f04a3/231.jpg",144430,6fa5b420441f01818a276b5de8e2d92776903ae4d877cfac85bfc47ab2c510f3
"storage/resource-library/previews/e54a6208865f754f296cdb134cbc4aa6a950f70ec0a83dab47b7a3a1c62f04a3/232.jpg",141193,5615262ca66174c04a87574c883b9d4223031769b3ffcd340bb7f8109e726781
"storage/resource-library/previews/e54a6208865f754f296cdb134cbc4aa6a950f70ec0a83dab47b7a3a1c62f04a3/233.jpg",141927,dac32cccfc9fca8d5e26871a146ed81a7c80858054fbd7e7e49fe33c8cfa2245
"storage/resource-library/previews/e54a6208865f754f296cdb134cbc4aa6a950f70ec0a83dab47b7a3a1c62f04a3/234.jpg",140457,5a060497c58986aae56637fd104baf64e8ff62cb601c14bfefffc7ba520978a1
"storage/resource-library/previews/e54a6208865f754f296cdb134cbc4aa6a950f70ec0a83dab47b7a3a1c62f04a3/235.jpg",132984,173269714023cb07d74d7a822e2e8e1146b756f68b37ef9703b2bc234c7253aa
"storage/resource-library/previews/e54a6208865f754f296cdb134cbc4aa6a950f70ec0a83dab47b7a3a1c62f04a3/236.jpg",136131,e33709da2bbb905253bbb28584fc40cdd97ebb37fdcb150714e457b21e5a845a
"storage/resource-library/previews/e54a6208865f754f296cdb134cbc4aa6a950f70ec0a83dab47b7a3a1c62f04a3/237.jpg",138083,2e7da8934e15574aca2cd865aca2aed4022ef33d6e724460ade4c84bbcdc75e0
"storage/resource-library/previews/e54a6208865f754f296cdb134cbc4aa6a950f70ec0a83dab47b7a3a1c62f04a3/238.jpg",142741,f8c843f2e7cf27cb23bd052e0c0b875f170d903981ee9b88757f2736a342f53d
"storage/resource-library/previews/e54a6208865f754f296cdb134cbc4aa6a950f70ec0a83dab47b7a3a1c62f04a3/239.jpg",140198,98264cfda9e01e940a5bfce3b5b4a61408ec232f464e29129f21f775acb9f047
"storage/resource-library/previews/e54a6208865f754f296cdb134cbc4aa6a950f70ec0a83dab47b7a3a1c62f04a3/24.jpg",143150,93136ec48a11ab717c7bc493e59bed9efe0bc100aa65b709512d9418a1d9436d
"storage/resource-library/previews/e54a6208865f754f296cdb134cbc4aa6a950f70ec0a83dab47b7a3a1c62f04a3/240.jpg",134030,0787de6a2a784718a857facf68136bb3c99fac67910831460a666f09023e01b3
"storage/resource-library/previews/e54a6208865f754f296cdb134cbc4aa6a950f70ec0a83dab47b7a3a1c62f04a3/241.jpg",141360,e9f0b2dde1f50e31ca5dd48dd221a6969e626c2c4b51a1d3598f258b2f3a2829
"storage/resource-library/previews/e54a6208865f754f296cdb134cbc4aa6a950f70ec0a83dab47b7a3a1c62f04a3/242.jpg",136320,60ff12cd80fa0f76d9eefd5bf415e50159040b64e54c8d9bf79a7d35bf591cfc
"storage/resource-library/previews/e54a6208865f754f296cdb134cbc4aa6a950f70ec0a83dab47b7a3a1c62f04a3/243.jpg",137782,aa982bd716c3b912a293976a8140d36aa87bd8b8d2869953999111d203eb8543
"storage/resource-library/previews/e54a6208865f754f296cdb134cbc4aa6a950f70ec0a83dab47b7a3a1c62f04a3/244.jpg",138152,a127f83e91838c98cebdc1e4fed010e227bbf81b6c35ea432f95dbbf5bd7d98e
"storage/resource-library/previews/e54a6208865f754f296cdb134cbc4aa6a950f70ec0a83dab47b7a3a1c62f04a3/245.jpg",137755,008be7b59cdf4cf7de59029872e623257afe39337dc9a0702c73e4efc8ef3484
"storage/resource-library/previews/e54a6208865f754f296cdb134cbc4aa6a950f70ec0a83dab47b7a3a1c62f04a3/246.jpg",128101,0e810f565980b06aa7e1258ccd1d089aa34b34147550f0c7e6736f812c500738
"storage/resource-library/previews/e54a6208865f754f296cdb134cbc4aa6a950f70ec0a83dab47b7a3a1c62f04a3/247.jpg",142688,dafcce7908bcaba7d7e1e6e06d6fc5acc187df44915141c683a4f9dde8ddf041
"storage/resource-library/previews/e54a6208865f754f296cdb134cbc4aa6a950f70ec0a83dab47b7a3a1c62f04a3/248.jpg",124843,4e8f8dcbc0f3d8ee68842f4b2046c2c12f928a68c7f8d38912d0d4787abef4cc
"storage/resource-library/previews/e54a6208865f754f296cdb134cbc4aa6a950f70ec0a83dab47b7a3a1c62f04a3/249.jpg",132148,6b797d2dc3ea4b4c419236f59cedb414261b43acf29ff1cd3700067e8f2037ae
"storage/resource-library/previews/e54a6208865f754f296cdb134cbc4aa6a950f70ec0a83dab47b7a3a1c62f04a3/25.jpg",144600,6ae0d60c68debdcd6d02cc503d8b44a757a49aff90838c03c649c571fa8c94ca
"storage/resource-library/previews/e54a6208865f754f296cdb134cbc4aa6a950f70ec0a83dab47b7a3a1c62f04a3/250.jpg",132308,c503afcb8b11edd267578cb9ca08353644814a320c2cf583db165cb0130aea13
"storage/resource-library/previews/e54a6208865f754f296cdb134cbc4aa6a950f70ec0a83dab47b7a3a1c62f04a3/251.jpg",140472,25a0f413eddd2262806783391ebaa55f805b9e59cfac389430d921b742ab8157
"storage/resource-library/previews/e54a6208865f754f296cdb134cbc4aa6a950f70ec0a83dab47b7a3a1c62f04a3/252.jpg",133134,f06586af866ea5bf44865df940fe715478daba2a92f6638beaf80d55ec04c2d4
"storage/resource-library/previews/e54a6208865f754f296cdb134cbc4aa6a950f70ec0a83dab47b7a3a1c62f04a3/253.jpg",142245,337a23045812a5b17e1035d470909c30a0f0cf57837cc1db7bea5513b2653862
"storage/resource-library/previews/e54a6208865f754f296cdb134cbc4aa6a950f70ec0a83dab47b7a3a1c62f04a3/254.jpg",142203,7ecf0c0d405f62ca66df0366a6fa3affa5abedb1828ba66678f0d0999e3c4479
"storage/resource-library/previews/e54a6208865f754f296cdb134cbc4aa6a950f70ec0a83dab47b7a3a1c62f04a3/255.jpg",137927,a4b4ddfa06c9a84cbc0421341879c29e8d155ce63e3cac18efc920f261f20cf6
"storage/resource-library/previews/e54a6208865f754f296cdb134cbc4aa6a950f70ec0a83dab47b7a3a1c62f04a3/256.jpg",148880,e528cd9c80bf4cfbcef63748ac2581f716ecad51e4a28066a02025d2013dc96f
"storage/resource-library/previews/e54a6208865f754f296cdb134cbc4aa6a950f70ec0a83dab47b7a3a1c62f04a3/257.jpg",129310,3350fb40466898440eb65b2c3e27f616806dbd515fd873658e269fdf85cd3d14
"storage/resource-library/previews/e54a6208865f754f296cdb134cbc4aa6a950f70ec0a83dab47b7a3a1c62f04a3/258.jpg",128371,2c2f4b7321b6b88fcf0990ce68fa705e7deb745e692a2362f35427cc56c43bd7
"storage/resource-library/previews/e54a6208865f754f296cdb134cbc4aa6a950f70ec0a83dab47b7a3a1c62f04a3/26.jpg",128191,771fabe8433a994e9d0c08b138b773b972755a58fdc07a679004b6c14342aa9d
"storage/resource-library/previews/e54a6208865f754f296cdb134cbc4aa6a950f70ec0a83dab47b7a3a1c62f04a3/27.jpg",134260,40e9c6a9e4fabaa3a0322d2583d033ec7b464a566f1ed6a75bceeaa54924eb3b
"storage/resource-library/previews/e54a6208865f754f296cdb134cbc4aa6a950f70ec0a83dab47b7a3a1c62f04a3/28.jpg",127631,82210400afba5d3c308abeb6cbd2354f9e15f7d23cd73585e894adb0552d37ee
"storage/resource-library/previews/e54a6208865f754f296cdb134cbc4aa6a950f70ec0a83dab47b7a3a1c62f04a3/29.jpg",141179,e9d8c93cfecd04e1473260410235ee3286ddedf76b70ad33831fcc8b2d23ca6e
"storage/resource-library/previews/e54a6208865f754f296cdb134cbc4aa6a950f70ec0a83dab47b7a3a1c62f04a3/3.jpg",132924,acf58e2593e92873ae5e1e37d1a2736c685facb77085aafadb75216a0a07446f
"storage/resource-library/previews/e54a6208865f754f296cdb134cbc4aa6a950f70ec0a83dab47b7a3a1c62f04a3/30.jpg",124402,aaf573fc746259b3fb18b7744dbc2dc74799e13a8a05bce9b43003dee3a33c59
"storage/resource-library/previews/e54a6208865f754f296cdb134cbc4aa6a950f70ec0a83dab47b7a3a1c62f04a3/31.jpg",127442,70eb903c5ebcd468fff0995092d28a6c9ef11c9ca613e3e039fcdeef0be36836
"storage/resource-library/previews/e54a6208865f754f296cdb134cbc4aa6a950f70ec0a83dab47b7a3a1c62f04a3/32.jpg",121282,4238d9ef5dc46c0799f042cee28a520b8dff16818fb06e4ce38cc1f85a76c8b9
"storage/resource-library/previews/e54a6208865f754f296cdb134cbc4aa6a950f70ec0a83dab47b7a3a1c62f04a3/33.jpg",118118,2eee42f3bd4c3168ebdac516798771f17140a9fc5d1134e2a1bc110abdaec28a
"storage/resource-library/previews/e54a6208865f754f296cdb134cbc4aa6a950f70ec0a83dab47b7a3a1c62f04a3/34.jpg",131261,9bd9b39b59c4ad7e61a879995c9a864c0d2b248e17c44ea036ef2d18e5f64c26
"storage/resource-library/previews/e54a6208865f754f296cdb134cbc4aa6a950f70ec0a83dab47b7a3a1c62f04a3/35.jpg",112990,ea78839b4a9613de728e9005cab5a684654cdd5b236f210857bae1fd26d0dc77
"storage/resource-library/previews/e54a6208865f754f296cdb134cbc4aa6a950f70ec0a83dab47b7a3a1c62f04a3/36.jpg",125476,255dde3dc0346be1d6b04a2793258b7e84107f647f7eb5f781180030423546a8
"storage/resource-library/previews/e54a6208865f754f296cdb134cbc4aa6a950f70ec0a83dab47b7a3a1c62f04a3/37.jpg",121537,219ca99ff41592048602a118f3650addeed04e73048df0dc9f019db8a68ea17c
"storage/resource-library/previews/e54a6208865f754f296cdb134cbc4aa6a950f70ec0a83dab47b7a3a1c62f04a3/38.jpg",115376,283e0121e3680146b85ece15fbc59c367eae27294b87a7411dd6b4707761e61d
"storage/resource-library/previews/e54a6208865f754f296cdb134cbc4aa6a950f70ec0a83dab47b7a3a1c62f04a3/39.jpg",119654,81f2f6f5d7b7471e3ffc3a38159494d61a254d630d6ac48d9abafaf1f2ef1c40
"storage/resource-library/previews/e54a6208865f754f296cdb134cbc4aa6a950f70ec0a83dab47b7a3a1c62f04a3/4.jpg",129156,690873de2be00f74f7ad292733338882ca37bcad8d34cdaad8c66c2d3f5e7d61
"storage/resource-library/previews/e54a6208865f754f296cdb134cbc4aa6a950f70ec0a83dab47b7a3a1c62f04a3/40.jpg",109150,3cda79095b14dba9b1fdfe25d37dd85725c1845d0aedb74d2f410c8dffc5776a
"storage/resource-library/previews/e54a6208865f754f296cdb134cbc4aa6a950f70ec0a83dab47b7a3a1c62f04a3/41.jpg",111071,487dca9e93abf2ddc88e905d3f1ec44307d3a143cd308a4614b7e5917f985ba4
"storage/resource-library/previews/e54a6208865f754f296cdb134cbc4aa6a950f70ec0a83dab47b7a3a1c62f04a3/42.jpg",115738,df63358748620cd7d772e6f9f76cbee702ab158c8bdae2a1ddd42f6ba49a7f08
"storage/resource-library/previews/e54a6208865f754f296cdb134cbc4aa6a950f70ec0a83dab47b7a3a1c62f04a3/43.jpg",108011,40209ef20053288763c5107d2a01f589aed5322a5031c4887e81fc3ea0402d5b
"storage/resource-library/previews/e54a6208865f754f296cdb134cbc4aa6a950f70ec0a83dab47b7a3a1c62f04a3/44.jpg",119835,86050e14e819367c1672b571e51b0149d68c34ad83ae5e3822ab68026defdcea
"storage/resource-library/previews/e54a6208865f754f296cdb134cbc4aa6a950f70ec0a83dab47b7a3a1c62f04a3/45.jpg",116470,a81a394331f77d516cf7a553f2a2e10a268af450e4ce278afb1df591807daae5
"storage/resource-library/previews/e54a6208865f754f296cdb134cbc4aa6a950f70ec0a83dab47b7a3a1c62f04a3/46.jpg",119492,382df4500ecb03c7c9936a44a652b2a7048326cdb0737094d40d676a5b802e80
"storage/resource-library/previews/e54a6208865f754f296cdb134cbc4aa6a950f70ec0a83dab47b7a3a1c62f04a3/47.jpg",93231,0a9924e9d0a3e9fcef8378a01fdd11f88dae45d92b7478849fa4f4282a7a5257
"storage/resource-library/previews/e54a6208865f754f296cdb134cbc4aa6a950f70ec0a83dab47b7a3a1c62f04a3/48.jpg",105918,76dc19e812a41c6f359679ffa938ee9a5868ef2716ac8231a70cb3ea555fa7fe
"storage/resource-library/previews/e54a6208865f754f296cdb134cbc4aa6a950f70ec0a83dab47b7a3a1c62f04a3/49.jpg",112639,b5933dcf6171f79a02790582cd225ebc3d9dbe05dbec70342b86c9c33e08d6a1
"storage/resource-library/previews/e54a6208865f754f296cdb134cbc4aa6a950f70ec0a83dab47b7a3a1c62f04a3/5.jpg",127236,827ca9e4e28affdfa840f6790b1bc7021f99980c064f3571782f2dea9b0c946d
"storage/resource-library/previews/e54a6208865f754f296cdb134cbc4aa6a950f70ec0a83dab47b7a3a1c62f04a3/50.jpg",115197,09d737d93169b64579f087715a30934988263c621bc0da97f59fbed3d60a5e53
"storage/resource-library/previews/e54a6208865f754f296cdb134cbc4aa6a950f70ec0a83dab47b7a3a1c62f04a3/51.jpg",110850,9fa7b2ed9666f4e46191e4bb0eea4c418296738c29043758cf25a7ad85f10109
"storage/resource-library/previews/e54a6208865f754f296cdb134cbc4aa6a950f70ec0a83dab47b7a3a1c62f04a3/52.jpg",109101,0c4a21a2a97fa503597c709de0094da3f0df66fe8dc03b4ab4f639dacecc772b
"storage/resource-library/previews/e54a6208865f754f296cdb134cbc4aa6a950f70ec0a83dab47b7a3a1c62f04a3/53.jpg",116417,b74cc3622d89a942128dcc43f7539d6103bdc416c7476882f9eb0af013500bd1
"storage/resource-library/previews/e54a6208865f754f296cdb134cbc4aa6a950f70ec0a83dab47b7a3a1c62f04a3/54.jpg",123063,e6cd57a8a507173295beae2ad5fdd582e8b2dd6a17e04d59db012cbec7d2881e
"storage/resource-library/previews/e54a6208865f754f296cdb134cbc4aa6a950f70ec0a83dab47b7a3a1c62f04a3/55.jpg",122083,264bb1fb8e1ac04595a4ae868e1c092e50bb6124d76326b94f24580a0d8bf17f
"storage/resource-library/previews/e54a6208865f754f296cdb134cbc4aa6a950f70ec0a83dab47b7a3a1c62f04a3/56.jpg",104137,579e7d07555f0de0e03ef5c00d9f27122fb0dcad69d7e96999d3b75c16649d4d
"storage/resource-library/previews/e54a6208865f754f296cdb134cbc4aa6a950f70ec0a83dab47b7a3a1c62f04a3/57.jpg",119473,ae3d5acf0294447a5060376a85586b1024fc0a72e381d5343b42ec4d51ef155b
"storage/resource-library/previews/e54a6208865f754f296cdb134cbc4aa6a950f70ec0a83dab47b7a3a1c62f04a3/58.jpg",119653,3e3bd1825db97db4b357babe0277266321ceb822c93f399e5cb26e9df5118193
"storage/resource-library/previews/e54a6208865f754f296cdb134cbc4aa6a950f70ec0a83dab47b7a3a1c62f04a3/59.jpg",93298,6bbfa8498a5c4a47ffb9185446867cb2369955485c8461fd19d3c9e1228a17d1
"storage/resource-library/previews/e54a6208865f754f296cdb134cbc4aa6a950f70ec0a83dab47b7a3a1c62f04a3/6.jpg",134154,0832e6b56778ea34cfc67c4c9d89199f600ab94cb05e80eca5558f4b0765226c
"storage/resource-library/previews/e54a6208865f754f296cdb134cbc4aa6a950f70ec0a83dab47b7a3a1c62f04a3/60.jpg",123562,299feebd8ba1851f97446237463ef725e8994dec5ef0098aeaa99108e01e6010
"storage/resource-library/previews/e54a6208865f754f296cdb134cbc4aa6a950f70ec0a83dab47b7a3a1c62f04a3/61.jpg",105705,8f8099c468e2a9d92f6e768a0d9f4522a9225d6cdd11e5de59628f6a57dadb4c
"storage/resource-library/previews/e54a6208865f754f296cdb134cbc4aa6a950f70ec0a83dab47b7a3a1c62f04a3/62.jpg",103727,44a2ce21ec11e98c0421dd26d7b8ac77043c0ba564f313a52ec7050b71e985f9
"storage/resource-library/previews/e54a6208865f754f296cdb134cbc4aa6a950f70ec0a83dab47b7a3a1c62f04a3/63.jpg",109679,3babdf4714c26bb4f8805a71d4a32267c55b68b18da817344ea12bb52d62c5fa
"storage/resource-library/previews/e54a6208865f754f296cdb134cbc4aa6a950f70ec0a83dab47b7a3a1c62f04a3/64.jpg",115989,8dbef41fc9fb9021890d99554ca25e9066c899643db4c57a826e8ae2f964ba1f
"storage/resource-library/previews/e54a6208865f754f296cdb134cbc4aa6a950f70ec0a83dab47b7a3a1c62f04a3/65.jpg",117603,2c247fe75914c254e67dde6da96031ab05c699d8bfaaaacd72a6d61503aa55c5
"storage/resource-library/previews/e54a6208865f754f296cdb134cbc4aa6a950f70ec0a83dab47b7a3a1c62f04a3/66.jpg",126811,2de68ff8db9830cfdd82721cdbecf42ae00ad766315845bff3e3955bd69e4fde
"storage/resource-library/previews/e54a6208865f754f296cdb134cbc4aa6a950f70ec0a83dab47b7a3a1c62f04a3/67.jpg",118242,5e8cd6b78717d4fc9d904cdbcec7a657db0cfe1bdd2d75a0b59c99e5a4f44403
"storage/resource-library/previews/e54a6208865f754f296cdb134cbc4aa6a950f70ec0a83dab47b7a3a1c62f04a3/68.jpg",99496,bd06d26558e9727b71df5a26732fae27d442a07b3d9ea4d1e8948351ca536a2e
"storage/resource-library/previews/e54a6208865f754f296cdb134cbc4aa6a950f70ec0a83dab47b7a3a1c62f04a3/69.jpg",117720,0bd0a938c799161a7039c03b734bb9b6ddd63acac79499fb4e2250e089d0f29b
"storage/resource-library/previews/e54a6208865f754f296cdb134cbc4aa6a950f70ec0a83dab47b7a3a1c62f04a3/7.jpg",119377,2be1a8503db052d4695788783bfe7be52d84f3ef6478d6dac877b920e8769ade
"storage/resource-library/previews/e54a6208865f754f296cdb134cbc4aa6a950f70ec0a83dab47b7a3a1c62f04a3/70.jpg",116490,ed917ff9ff5a6b55243ae7b7edf8258b5c6d2aa293cb7b376652f8e782417931
"storage/resource-library/previews/e54a6208865f754f296cdb134cbc4aa6a950f70ec0a83dab47b7a3a1c62f04a3/71.jpg",115427,1aad9dbbef5413c698c67903a68b1bbee909d3582d6dd3c555d14e2e1cf9f18e
"storage/resource-library/previews/e54a6208865f754f296cdb134cbc4aa6a950f70ec0a83dab47b7a3a1c62f04a3/72.jpg",88037,67a6888fb5748ce451cb44d680ff1cafd1386db326d85b445e0703489e2c4adb
"storage/resource-library/previews/e54a6208865f754f296cdb134cbc4aa6a950f70ec0a83dab47b7a3a1c62f04a3/73.jpg",120632,d2cef5463ded4a5f5410ea70a50ace54351810147f0ec34b17acbf6aa7c974e1
"storage/resource-library/previews/e54a6208865f754f296cdb134cbc4aa6a950f70ec0a83dab47b7a3a1c62f04a3/74.jpg",126362,ef70404ea48e77e533fd5be02620992ff3ca8ea0bb21ef7f3d181f926c33977a
"storage/resource-library/previews/e54a6208865f754f296cdb134cbc4aa6a950f70ec0a83dab47b7a3a1c62f04a3/75.jpg",144693,0ae6bdc0b16f7771726b093175a4dc19a3ef6d541ea886cc7d44ad973ca21b3e
"storage/resource-library/previews/e54a6208865f754f296cdb134cbc4aa6a950f70ec0a83dab47b7a3a1c62f04a3/76.jpg",123310,af3de12e8227811ad15a315a6a35ffeddd3282b3c186c6e8271c7921787de0d3
"storage/resource-library/previews/e54a6208865f754f296cdb134cbc4aa6a950f70ec0a83dab47b7a3a1c62f04a3/77.jpg",120848,923503a514774df85f632eea745546b066a6abae8be0673620732a398a00a86a
"storage/resource-library/previews/e54a6208865f754f296cdb134cbc4aa6a950f70ec0a83dab47b7a3a1c62f04a3/78.jpg",125169,3b3d145ab5def6653e53ac4a1b63868e2f1ab03e478c73c26e4194cc989f7b58
"storage/resource-library/previews/e54a6208865f754f296cdb134cbc4aa6a950f70ec0a83dab47b7a3a1c62f04a3/79.jpg",116439,5696b157d7cfafc287243945bc0c1090c94e850becbace2a3594a8aab9a58452
"storage/resource-library/previews/e54a6208865f754f296cdb134cbc4aa6a950f70ec0a83dab47b7a3a1c62f04a3/8.jpg",120683,9c22ab8cc960c464f165058fa18971a999c6b0ddf2e40bc14b5f761b0cc22dba
"storage/resource-library/previews/e54a6208865f754f296cdb134cbc4aa6a950f70ec0a83dab47b7a3a1c62f04a3/80.jpg",108067,5eb815ab2f9ac1ed193827dc36bd7d027e228c10d8365a8848e62fb396aa1cd3
"storage/resource-library/previews/e54a6208865f754f296cdb134cbc4aa6a950f70ec0a83dab47b7a3a1c62f04a3/81.jpg",120847,d6da9e72d76247d9f76f926d07ec6d9c006a26d9e4c1f4b7b6bb9a196eea6685
"storage/resource-library/previews/e54a6208865f754f296cdb134cbc4aa6a950f70ec0a83dab47b7a3a1c62f04a3/82.jpg",117158,0293589ceb920b9eb6e4a4978ed717d30a6f150a0731d7fbc664457e66988b2a
"storage/resource-library/previews/e54a6208865f754f296cdb134cbc4aa6a950f70ec0a83dab47b7a3a1c62f04a3/83.jpg",118483,2d03d8e23b993ca729f829e8976b8a89ece1d67f1fba5e259a253e3e051d5d0e
"storage/resource-library/previews/e54a6208865f754f296cdb134cbc4aa6a950f70ec0a83dab47b7a3a1c62f04a3/84.jpg",133120,0c728a9cbd11ac74aa31ec4b9ed648549a147e3eeeabb3017facade00a82fb7b
"storage/resource-library/previews/e54a6208865f754f296cdb134cbc4aa6a950f70ec0a83dab47b7a3a1c62f04a3/85.jpg",110624,6def1293c999bb2499f1e06c67a2522665c6d5f1c5673a1b9da45fc9e34b92f5
"storage/resource-library/previews/e54a6208865f754f296cdb134cbc4aa6a950f70ec0a83dab47b7a3a1c62f04a3/86.jpg",132020,edaf7f123e5fd8fe3d40b49f08c5b09e8b715ab22d7fbc8b9577917a30dba96a
"storage/resource-library/previews/e54a6208865f754f296cdb134cbc4aa6a950f70ec0a83dab47b7a3a1c62f04a3/87.jpg",124848,1a7ed54fd904a73e52e2150983874869568955f5ec215f0ba5cfac7e3f420db2
"storage/resource-library/previews/e54a6208865f754f296cdb134cbc4aa6a950f70ec0a83dab47b7a3a1c62f04a3/88.jpg",126615,e1ba87e33603ce2a4d2637c9dc6c38a250b1eea318069432aac3f1d41a9a8efb
"storage/resource-library/previews/e54a6208865f754f296cdb134cbc4aa6a950f70ec0a83dab47b7a3a1c62f04a3/89.jpg",108245,b8e1136ceb4030db24475d59449d40a958f1b1a8b32776dbfb57e2c3443fca5d
"storage/resource-library/previews/e54a6208865f754f296cdb134cbc4aa6a950f70ec0a83dab47b7a3a1c62f04a3/9.jpg",142528,bf5c4550f7670071120d6334c06fcaec24805939efbfd46c80dc5ab5b5cca60c
"storage/resource-library/previews/e54a6208865f754f296cdb134cbc4aa6a950f70ec0a83dab47b7a3a1c62f04a3/90.jpg",123054,122f035138c0e8d2c891aae296311a98b08d72d1522a82c67ab39e5415120251
"storage/resource-library/previews/e54a6208865f754f296cdb134cbc4aa6a950f70ec0a83dab47b7a3a1c62f04a3/91.jpg",117371,776534fc84f8f69043050a41b02d04132b486c88d92f28fce8495be0fbacfd62
"storage/resource-library/previews/e54a6208865f754f296cdb134cbc4aa6a950f70ec0a83dab47b7a3a1c62f04a3/92.jpg",120307,48c7cc47ad2c545afb951029974a04706c1cb04b5a1f3a4e8a8d796b9a6ec8bf
"storage/resource-library/previews/e54a6208865f754f296cdb134cbc4aa6a950f70ec0a83dab47b7a3a1c62f04a3/93.jpg",128973,b598f3a4fb82a6bde7f0bc328e6337d5848b73a526afbc7518faf195b0c651ec
"storage/resource-library/previews/e54a6208865f754f296cdb134cbc4aa6a950f70ec0a83dab47b7a3a1c62f04a3/94.jpg",106961,b29c941e4ce5d06e61bb4997a21f511f3a44d1c99488bddb36723d09eef3b307
"storage/resource-library/previews/e54a6208865f754f296cdb134cbc4aa6a950f70ec0a83dab47b7a3a1c62f04a3/95.jpg",117326,c646a586fe48202b6fe6c32302d2245c458f7a58dca89c93d185b25b5abf8205
"storage/resource-library/previews/e54a6208865f754f296cdb134cbc4aa6a950f70ec0a83dab47b7a3a1c62f04a3/96.jpg",109886,e27378596ff92fa220245b6f556d8e679ad9e78e42a5a66a9547603c1f95adb3
"storage/resource-library/previews/e54a6208865f754f296cdb134cbc4aa6a950f70ec0a83dab47b7a3a1c62f04a3/97.jpg",123167,8c2c0d6e0ec6bb843ba51bea001cf428d031ce5f511780997301fd5908257a9c
"storage/resource-library/previews/e54a6208865f754f296cdb134cbc4aa6a950f70ec0a83dab47b7a3a1c62f04a3/98.jpg",126209,497d807b2b82c98115a0f85e0c39090bbccbbfd4d00b341f5dca3d7ff755bb42
"storage/resource-library/previews/e54a6208865f754f296cdb134cbc4aa6a950f70ec0a83dab47b7a3a1c62f04a3/99.jpg",123194,2b399f69c7294d865c0fcab2512bc2cd1d63dc7c393a395f4bd444efd88b3b33
"storage/resource-library/previews/e54a6208865f754f296cdb134cbc4aa6a950f70ec0a83dab47b7a3a1c62f04a3/manifest.json",14,f84b62b4fcd8b4ee9d6fe1319d9799450fdb0443b4dd4e77cfaed48f747377b9
"storage/resource-library/previews/eb7aa7885cffc04a47fce4c2932f5c2596d1ba769afc8a2690c6b8bce03ee452/1.jpg",174947,58cd6a69d4a17ecb1290649063f49e74366af8446495f9a1dcb146676517d46d
"storage/resource-library/previews/eb7aa7885cffc04a47fce4c2932f5c2596d1ba769afc8a2690c6b8bce03ee452/10.jpg",130891,d281dd566e3e7d45ec446daff6f7f566ed08834ad8c83f273e1a4b23d8dacfa6
"storage/resource-library/previews/eb7aa7885cffc04a47fce4c2932f5c2596d1ba769afc8a2690c6b8bce03ee452/100.jpg",236654,e7aba85b88bd2481aaca07ea34c6135901c0ad4e28f0a7d92fb7cb6539b92c1e
"storage/resource-library/previews/eb7aa7885cffc04a47fce4c2932f5c2596d1ba769afc8a2690c6b8bce03ee452/101.jpg",244204,7876524430b963a2ff733c5d6ba3012e343331837ea0fd55ee6c88fa4dc0ecc9
"storage/resource-library/previews/eb7aa7885cffc04a47fce4c2932f5c2596d1ba769afc8a2690c6b8bce03ee452/102.jpg",168827,8b5a15464c6a5726db73c4fbaa384fb9334fd6a135ee5310df71a6855c94e42a
"storage/resource-library/previews/eb7aa7885cffc04a47fce4c2932f5c2596d1ba769afc8a2690c6b8bce03ee452/103.jpg",189013,b46c218ff77129f2c1fba3012c2360a38185ecd97d8e1b2e7fa68baf85f81cf6
"storage/resource-library/previews/eb7aa7885cffc04a47fce4c2932f5c2596d1ba769afc8a2690c6b8bce03ee452/104.jpg",170731,ec546d9a5dd89b752a6eb59f053cfc701600d7ca1e4ff6ae7a862c9772869189
"storage/resource-library/previews/eb7aa7885cffc04a47fce4c2932f5c2596d1ba769afc8a2690c6b8bce03ee452/105.jpg",171339,836fbafe2539a0356c92129664a3e01a6d97817c3341eabe29c0d2568a93090e
"storage/resource-library/previews/eb7aa7885cffc04a47fce4c2932f5c2596d1ba769afc8a2690c6b8bce03ee452/106.jpg",177119,56ec13dbcba879e09b4a50e66b85bd089cc2d90ed95455e4a39e6f62a7a850c3
"storage/resource-library/previews/eb7aa7885cffc04a47fce4c2932f5c2596d1ba769afc8a2690c6b8bce03ee452/107.jpg",142978,eeeb526cd8ebeaf1a38166b316c8e65233be097a109a1c3a94867d159f5e8b9a
"storage/resource-library/previews/eb7aa7885cffc04a47fce4c2932f5c2596d1ba769afc8a2690c6b8bce03ee452/108.jpg",212044,945c06e3f724747a855c676364110c43d594913537a87e241fd5bd832e9cdb36
"storage/resource-library/previews/eb7aa7885cffc04a47fce4c2932f5c2596d1ba769afc8a2690c6b8bce03ee452/11.jpg",149836,41380a9a0983e90a174c26db3dd9b136022f13e6b583aca40cb0f1d9f6af29a6
"storage/resource-library/previews/eb7aa7885cffc04a47fce4c2932f5c2596d1ba769afc8a2690c6b8bce03ee452/12.jpg",260952,2c260735cad99229bca9c8bc9b8741192cb90a4e1ffe5ea7fe7b661b54f5a349
"storage/resource-library/previews/eb7aa7885cffc04a47fce4c2932f5c2596d1ba769afc8a2690c6b8bce03ee452/13.jpg",290945,996a494874725b82fa3c79184128ff71e1fd3bfe741365511dfb5846e9fd6af7
"storage/resource-library/previews/eb7aa7885cffc04a47fce4c2932f5c2596d1ba769afc8a2690c6b8bce03ee452/14.jpg",239756,3ae1374633cb8571b5394f397b8d59b0c283e8e30b8dff4e25a4890b3e77a1bb
"storage/resource-library/previews/eb7aa7885cffc04a47fce4c2932f5c2596d1ba769afc8a2690c6b8bce03ee452/15.jpg",212044,945c06e3f724747a855c676364110c43d594913537a87e241fd5bd832e9cdb36
"storage/resource-library/previews/eb7aa7885cffc04a47fce4c2932f5c2596d1ba769afc8a2690c6b8bce03ee452/16.jpg",178628,70b99ffd3c0bd898b5d8bd5cc953df3ff70cf18e4edced6aba6e9c1593a79ce5
"storage/resource-library/previews/eb7aa7885cffc04a47fce4c2932f5c2596d1ba769afc8a2690c6b8bce03ee452/17.jpg",194390,eaed1ba4b035359dffedd117a9637a5d58753cf2a3c5d8f8662fc6ad7bf4a4dc
"storage/resource-library/previews/eb7aa7885cffc04a47fce4c2932f5c2596d1ba769afc8a2690c6b8bce03ee452/18.jpg",173684,2a6af50e5da9df19d6c27e347f1fa457bb1253113042bc56578a81feb8640fb6
"storage/resource-library/previews/eb7aa7885cffc04a47fce4c2932f5c2596d1ba769afc8a2690c6b8bce03ee452/19.jpg",149261,8c98239bd27206bc3ed5d4042c790d4b2b4b32effcae6c5fb8b2e89b98bdfa4c
"storage/resource-library/previews/eb7aa7885cffc04a47fce4c2932f5c2596d1ba769afc8a2690c6b8bce03ee452/2.jpg",143653,b4bd10f07d04dd662e34c073982dec770134d593c3741a41a25a32a79a80f1ef
"storage/resource-library/previews/eb7aa7885cffc04a47fce4c2932f5c2596d1ba769afc8a2690c6b8bce03ee452/20.jpg",164093,0d10802ef15057610d1e3549046ecd0a33d3c46fed759f528bef59ac4756ccc4
"storage/resource-library/previews/eb7aa7885cffc04a47fce4c2932f5c2596d1ba769afc8a2690c6b8bce03ee452/21.jpg",147078,00746fa53200ff6ab82c673eaf8d1a61627ed52528598833cf0b3d837c3729a6
"storage/resource-library/previews/eb7aa7885cffc04a47fce4c2932f5c2596d1ba769afc8a2690c6b8bce03ee452/22.jpg",155951,10e9b3dfd3c5227cfd40ff4b5d1bb7bf46c4ff6515555b68ce92a2b3bdf5619f
"storage/resource-library/previews/eb7aa7885cffc04a47fce4c2932f5c2596d1ba769afc8a2690c6b8bce03ee452/23.jpg",240487,4040735b71ee8d8fdf10982815fa71975b1927242f0646887727e76122460ffa
"storage/resource-library/previews/eb7aa7885cffc04a47fce4c2932f5c2596d1ba769afc8a2690c6b8bce03ee452/24.jpg",117535,754ad659f784561606e2520fffe06965d2a02675cfef40a68dcdca29f18a8e68
"storage/resource-library/previews/eb7aa7885cffc04a47fce4c2932f5c2596d1ba769afc8a2690c6b8bce03ee452/25.jpg",177961,86dd31c8c6d31cf9d007b2dbd110012d7c35220bf4c3fcc98a6e936ae8b1cf5a
"storage/resource-library/previews/eb7aa7885cffc04a47fce4c2932f5c2596d1ba769afc8a2690c6b8bce03ee452/26.jpg",196163,9e79f8d833dbd4cfb4c4b8013185b54db1e7f38e358ab0f75b34c7afeca71fdd
"storage/resource-library/previews/eb7aa7885cffc04a47fce4c2932f5c2596d1ba769afc8a2690c6b8bce03ee452/27.jpg",172490,39c82a52323c158d50795534c6b1eeb8ca5bbf2eb1bc7b17b932c1a963fa9d49
"storage/resource-library/previews/eb7aa7885cffc04a47fce4c2932f5c2596d1ba769afc8a2690c6b8bce03ee452/28.jpg",168221,f9a738a87cdf74e1d40cb88a2a279be9552b253ecd41b8a6eb056d93766643cc
"storage/resource-library/previews/eb7aa7885cffc04a47fce4c2932f5c2596d1ba769afc8a2690c6b8bce03ee452/29.jpg",185395,27c075042b9eac1cd6a20c74c3864aa2607423062137a83e62585fd4f5e16597
"storage/resource-library/previews/eb7aa7885cffc04a47fce4c2932f5c2596d1ba769afc8a2690c6b8bce03ee452/3.jpg",164328,af998a1124bce032ccf42ce4102967aa69b800bc09a4ed048642626491c74c8e
"storage/resource-library/previews/eb7aa7885cffc04a47fce4c2932f5c2596d1ba769afc8a2690c6b8bce03ee452/30.jpg",212044,945c06e3f724747a855c676364110c43d594913537a87e241fd5bd832e9cdb36
"storage/resource-library/previews/eb7aa7885cffc04a47fce4c2932f5c2596d1ba769afc8a2690c6b8bce03ee452/31.jpg",173954,cd264c13a4fe97e7d38dd4e6cfaef54b790b4d33b83f788da35fdb65788d6df4
"storage/resource-library/previews/eb7aa7885cffc04a47fce4c2932f5c2596d1ba769afc8a2690c6b8bce03ee452/32.jpg",187737,e9f8c568928f9ee083314baf7d8e2a0171d0ba03932b923ed00ff705d5686632
"storage/resource-library/previews/eb7aa7885cffc04a47fce4c2932f5c2596d1ba769afc8a2690c6b8bce03ee452/33.jpg",181380,3c80bfb2c4bfaa3a3df7f0831ead38ee674f8394b8e0f68d60c0ca0412bf8958
"storage/resource-library/previews/eb7aa7885cffc04a47fce4c2932f5c2596d1ba769afc8a2690c6b8bce03ee452/34.jpg",149437,7aa70a0bd3ba9aff9a231a26c2decd2f845c801bcb3be87951d06dda9ccd0410
"storage/resource-library/previews/eb7aa7885cffc04a47fce4c2932f5c2596d1ba769afc8a2690c6b8bce03ee452/35.jpg",168589,90945a9ee53efe171590cf7b22802e1573dcf588fa6d9d051bceeea21a69f257
"storage/resource-library/previews/eb7aa7885cffc04a47fce4c2932f5c2596d1ba769afc8a2690c6b8bce03ee452/36.jpg",196212,29dfa8489c2eca92c7c902db3d828fe1f507a2493f2708bac4b2003050ca507e
"storage/resource-library/previews/eb7aa7885cffc04a47fce4c2932f5c2596d1ba769afc8a2690c6b8bce03ee452/37.jpg",113501,a93814550fcdd9f1cbaf809f2ba990071192632e7a3b4b39b07d84ef27f650b9
"storage/resource-library/previews/eb7aa7885cffc04a47fce4c2932f5c2596d1ba769afc8a2690c6b8bce03ee452/38.jpg",134597,e2023cd28559855e2d68e5922ca256683e89edf7728010065bb3b4418a8a56a9
"storage/resource-library/previews/eb7aa7885cffc04a47fce4c2932f5c2596d1ba769afc8a2690c6b8bce03ee452/39.jpg",132289,d1125498007d9ed317425217d4bfd50f7143b6773e73057ba8fdb0d8342a9387
"storage/resource-library/previews/eb7aa7885cffc04a47fce4c2932f5c2596d1ba769afc8a2690c6b8bce03ee452/4.jpg",248309,7901ee622debf858173e638c4cea436f0bba38d86dde68ee756c7e4a23bc3428
"storage/resource-library/previews/eb7aa7885cffc04a47fce4c2932f5c2596d1ba769afc8a2690c6b8bce03ee452/40.jpg",159692,41251748c832fe46da085b27fcae5d3dd3605d428df65d8d059753c2a6aa18ab
"storage/resource-library/previews/eb7aa7885cffc04a47fce4c2932f5c2596d1ba769afc8a2690c6b8bce03ee452/41.jpg",170792,5d9cbcf2772c14728a5866fad107f54def4927c32e672e0ede7cc5b38af469aa
"storage/resource-library/previews/eb7aa7885cffc04a47fce4c2932f5c2596d1ba769afc8a2690c6b8bce03ee452/42.jpg",174457,9a6621a4eee3c7cb6cdd38a53305dd734fec37120db3512ed8558561980111bb
"storage/resource-library/previews/eb7aa7885cffc04a47fce4c2932f5c2596d1ba769afc8a2690c6b8bce03ee452/43.jpg",175849,4a3e6bd08b5123b0610661f6a85154f87f2a97cc91634f62c55d0f8a50ae0edf
"storage/resource-library/previews/eb7aa7885cffc04a47fce4c2932f5c2596d1ba769afc8a2690c6b8bce03ee452/44.jpg",163306,4feb58a394f652df0e42405ce0f6ebaf52fac7f099c830e0ef5352036b283eda
"storage/resource-library/previews/eb7aa7885cffc04a47fce4c2932f5c2596d1ba769afc8a2690c6b8bce03ee452/45.jpg",212044,945c06e3f724747a855c676364110c43d594913537a87e241fd5bd832e9cdb36
"storage/resource-library/previews/eb7aa7885cffc04a47fce4c2932f5c2596d1ba769afc8a2690c6b8bce03ee452/46.jpg",172199,cd42d8fce686cdc01e6eed46cb847a91f3e844f3c31a6b2293c6284425c20569
"storage/resource-library/previews/eb7aa7885cffc04a47fce4c2932f5c2596d1ba769afc8a2690c6b8bce03ee452/47.jpg",117917,787dcd703481e52f1f60358184e991ce3fb0a0ce5f1f6d158fb558fdef47bb0f
"storage/resource-library/previews/eb7aa7885cffc04a47fce4c2932f5c2596d1ba769afc8a2690c6b8bce03ee452/48.jpg",134234,327cee7c6742be4b8a21139e2a32d6ead6b1595abad51759fba18d01cc3bd5db
"storage/resource-library/previews/eb7aa7885cffc04a47fce4c2932f5c2596d1ba769afc8a2690c6b8bce03ee452/49.jpg",125928,e79bf40c3c88bbc2f7befb243f1a9266f28fa11fedb10b75962c548d859221a0
"storage/resource-library/previews/eb7aa7885cffc04a47fce4c2932f5c2596d1ba769afc8a2690c6b8bce03ee452/5.jpg",307591,8dcc6e9f09c5033e35f73eba52713c59d635c84bc076ef63557daa104a74fe69
"storage/resource-library/previews/eb7aa7885cffc04a47fce4c2932f5c2596d1ba769afc8a2690c6b8bce03ee452/50.jpg",144165,dab96195ef7360578ad897445ae7c282b1a5b74ce3798c1a7eed9cfcdfa65539
"storage/resource-library/previews/eb7aa7885cffc04a47fce4c2932f5c2596d1ba769afc8a2690c6b8bce03ee452/51.jpg",116209,4f4cff81a84758fdbba8347e6757f15df2e38ac57703159ec5431af869bafda4
"storage/resource-library/previews/eb7aa7885cffc04a47fce4c2932f5c2596d1ba769afc8a2690c6b8bce03ee452/52.jpg",100210,9b977e5852f47d196d95a5d1773f7a373660ed195dab68848f96961b50ad8437
"storage/resource-library/previews/eb7aa7885cffc04a47fce4c2932f5c2596d1ba769afc8a2690c6b8bce03ee452/53.jpg",123995,4db6f8e4ba18e0db215ccb8bed495daac9e6b5571da106a952a87412d2a47a57
"storage/resource-library/previews/eb7aa7885cffc04a47fce4c2932f5c2596d1ba769afc8a2690c6b8bce03ee452/54.jpg",58086,4db9db44cb077b249c45444bcbd1b158372684821ad6681c7bcf0252b84c5897
"storage/resource-library/previews/eb7aa7885cffc04a47fce4c2932f5c2596d1ba769afc8a2690c6b8bce03ee452/55.jpg",140411,d317d60ef3208ad523f41997f144bdb5742d3323d5c0a0622473154caa377ca9
"storage/resource-library/previews/eb7aa7885cffc04a47fce4c2932f5c2596d1ba769afc8a2690c6b8bce03ee452/56.jpg",157595,6ad4922118f4e113673daa6e3cd552ec879bdd7bda87ce1522234786fc5481db
"storage/resource-library/previews/eb7aa7885cffc04a47fce4c2932f5c2596d1ba769afc8a2690c6b8bce03ee452/57.jpg",85506,634a9fecb6f5e5bab84106cbe6350dea5aa75371d931c9995231e8fe059d863b
"storage/resource-library/previews/eb7aa7885cffc04a47fce4c2932f5c2596d1ba769afc8a2690c6b8bce03ee452/58.jpg",134476,d52c86718c56e039a11586d8d74023c140a1b6cda3fc7bb8296e6cafd8a246e1
"storage/resource-library/previews/eb7aa7885cffc04a47fce4c2932f5c2596d1ba769afc8a2690c6b8bce03ee452/59.jpg",126540,e10a6c6b9d2412d8cb63e19619ab2c41dbbd0c0b3bf261b1bb9dd6a3ba6c2344
"storage/resource-library/previews/eb7aa7885cffc04a47fce4c2932f5c2596d1ba769afc8a2690c6b8bce03ee452/6.jpg",290288,e677193c843c69bb18e85622f7e62594f969d8b206eb2972d8cc12ee8a490eb4
"storage/resource-library/previews/eb7aa7885cffc04a47fce4c2932f5c2596d1ba769afc8a2690c6b8bce03ee452/60.jpg",212044,945c06e3f724747a855c676364110c43d594913537a87e241fd5bd832e9cdb36
"storage/resource-library/previews/eb7aa7885cffc04a47fce4c2932f5c2596d1ba769afc8a2690c6b8bce03ee452/61.jpg",156695,ff34f9e53682fc1f2bdc8f16d841a94d30dde61fa6f73eed5c4d3e63623e37e1
"storage/resource-library/previews/eb7aa7885cffc04a47fce4c2932f5c2596d1ba769afc8a2690c6b8bce03ee452/62.jpg",118612,30d4142a2b8271c770bf413768166696809c6af47dacef5a188bc87ea8e61f37
"storage/resource-library/previews/eb7aa7885cffc04a47fce4c2932f5c2596d1ba769afc8a2690c6b8bce03ee452/63.jpg",148147,b8418c384caa584d47cda89aabd821f926647f1a9161e5f303de0bc941ccc9a0
"storage/resource-library/previews/eb7aa7885cffc04a47fce4c2932f5c2596d1ba769afc8a2690c6b8bce03ee452/64.jpg",141912,66566f96cf1ba21a1668275e77c84710ba21926f0152410a8fab6ab7652d288d
"storage/resource-library/previews/eb7aa7885cffc04a47fce4c2932f5c2596d1ba769afc8a2690c6b8bce03ee452/65.jpg",136193,46ba0967f5281f92c524ea6f9ee29c7e703fd93dc8c695062f90fa81299360f2
"storage/resource-library/previews/eb7aa7885cffc04a47fce4c2932f5c2596d1ba769afc8a2690c6b8bce03ee452/66.jpg",125890,6bda8b94fd1a4e592b2ef69b42d12c1afc343ef32086247c7c52e167a0fa268a
"storage/resource-library/previews/eb7aa7885cffc04a47fce4c2932f5c2596d1ba769afc8a2690c6b8bce03ee452/67.jpg",103918,a26d2182cf6a5ac124756471820a61c1dcc66abccac42f9aee8862068d0829c2
"storage/resource-library/previews/eb7aa7885cffc04a47fce4c2932f5c2596d1ba769afc8a2690c6b8bce03ee452/68.jpg",171498,0e6b04da855324a16a5fc5ba19966f7a5464f4829be82551e27c705d315b2580
"storage/resource-library/previews/eb7aa7885cffc04a47fce4c2932f5c2596d1ba769afc8a2690c6b8bce03ee452/69.jpg",213686,b8d29d741d7772a3a9b2483474361dcd5deced949f11540c0df231b7bc235dfe
"storage/resource-library/previews/eb7aa7885cffc04a47fce4c2932f5c2596d1ba769afc8a2690c6b8bce03ee452/7.jpg",243254,3dd1b53a9a6b4a540ab433c0afdc89077f441428d5d5b61232b6654ef02e3641
"storage/resource-library/previews/eb7aa7885cffc04a47fce4c2932f5c2596d1ba769afc8a2690c6b8bce03ee452/70.jpg",206642,f2ac849dc3be64e1b793c6f74cb5aff638f2d307130a3585e850ebc43274dff6
"storage/resource-library/previews/eb7aa7885cffc04a47fce4c2932f5c2596d1ba769afc8a2690c6b8bce03ee452/71.jpg",165582,f0230962dfc8d863797b2366fc3b876ec5a96a8bb6e9837cad8527521283d960
"storage/resource-library/previews/eb7aa7885cffc04a47fce4c2932f5c2596d1ba769afc8a2690c6b8bce03ee452/72.jpg",154375,c2cbcd9969f42afc70185e794d07b0dd830ad96a0e5c50898f35bce86b0eb479
"storage/resource-library/previews/eb7aa7885cffc04a47fce4c2932f5c2596d1ba769afc8a2690c6b8bce03ee452/73.jpg",146751,d037a9785ce55aaa8400f06ba81cbbaeb63ea7425f7cfa6ed2bfab15d625b12c
"storage/resource-library/previews/eb7aa7885cffc04a47fce4c2932f5c2596d1ba769afc8a2690c6b8bce03ee452/74.jpg",212044,945c06e3f724747a855c676364110c43d594913537a87e241fd5bd832e9cdb36
"storage/resource-library/previews/eb7aa7885cffc04a47fce4c2932f5c2596d1ba769afc8a2690c6b8bce03ee452/75.jpg",130129,758beb6490a8210439ecc59bea5623123f9b9778a122c3a04b8343441bde6092
"storage/resource-library/previews/eb7aa7885cffc04a47fce4c2932f5c2596d1ba769afc8a2690c6b8bce03ee452/76.jpg",205054,d050e270a75f4b0a4c2bd1eae028652b6d9f639538eb4d24a5345773d0750037
"storage/resource-library/previews/eb7aa7885cffc04a47fce4c2932f5c2596d1ba769afc8a2690c6b8bce03ee452/77.jpg",173561,e78e2c0854d2b7b80ece5f86a15b31bbff638fc1160f47faa4c24ef05ffed62e
"storage/resource-library/previews/eb7aa7885cffc04a47fce4c2932f5c2596d1ba769afc8a2690c6b8bce03ee452/78.jpg",217813,03a312e3e86a5635c4cb17b945a07082cbd5d317ebb4d94ac95ee75f5807f708
"storage/resource-library/previews/eb7aa7885cffc04a47fce4c2932f5c2596d1ba769afc8a2690c6b8bce03ee452/79.jpg",231281,e5d0d40c230619402ab4ec3ffc5e4162b972355484daa1d5d75e3c3b2d324ee4
"storage/resource-library/previews/eb7aa7885cffc04a47fce4c2932f5c2596d1ba769afc8a2690c6b8bce03ee452/8.jpg",189431,9ac7ce91fee5f09df5c45a5453d560e41b147a4f4ff912b48aa3516d20fb322d
"storage/resource-library/previews/eb7aa7885cffc04a47fce4c2932f5c2596d1ba769afc8a2690c6b8bce03ee452/80.jpg",115604,88482116b82f1bfd2679bf4566fda8689236af6f8bb7ba2d4d9be38e8cba5166
"storage/resource-library/previews/eb7aa7885cffc04a47fce4c2932f5c2596d1ba769afc8a2690c6b8bce03ee452/81.jpg",171978,0e64da8e83de72dd03f85312163258d3902ee5f38b1626782f235d9563c36b4f
"storage/resource-library/previews/eb7aa7885cffc04a47fce4c2932f5c2596d1ba769afc8a2690c6b8bce03ee452/82.jpg",139388,7c7e86cd8f8f259c710e5af4ead4da88d55641701e84105e0876b7591becea07
"storage/resource-library/previews/eb7aa7885cffc04a47fce4c2932f5c2596d1ba769afc8a2690c6b8bce03ee452/83.jpg",122804,e826cc933e4b573095b09edceb4edb9bffae298afa61de54c60da0a7e0d488fd
"storage/resource-library/previews/eb7aa7885cffc04a47fce4c2932f5c2596d1ba769afc8a2690c6b8bce03ee452/84.jpg",179367,42e85197f25e0ade6bdca207d154737b51aaeb2dad4f1096e457ff7f1f46014c
"storage/resource-library/previews/eb7aa7885cffc04a47fce4c2932f5c2596d1ba769afc8a2690c6b8bce03ee452/85.jpg",149128,cf41312f356edbc7376ecb7ee94cb12a103afe78b839f73c1bfd9dccb6296ff8
"storage/resource-library/previews/eb7aa7885cffc04a47fce4c2932f5c2596d1ba769afc8a2690c6b8bce03ee452/86.jpg",132863,6ba8e51ca083665a785a8f9271741e4ab252f4bec12d96face849aedeeadfc42
"storage/resource-library/previews/eb7aa7885cffc04a47fce4c2932f5c2596d1ba769afc8a2690c6b8bce03ee452/87.jpg",143763,4b31f0673bda8e6f737205034632067f885050bacc7d4f2c59df74842d10292f
"storage/resource-library/previews/eb7aa7885cffc04a47fce4c2932f5c2596d1ba769afc8a2690c6b8bce03ee452/88.jpg",156461,a8f40ecec9d7c87f1e350e8af0510a4dd44d46056a9bc1e7a269ffd41c8a5dd3
"storage/resource-library/previews/eb7aa7885cffc04a47fce4c2932f5c2596d1ba769afc8a2690c6b8bce03ee452/89.jpg",163712,af6a260d745f81cf9e67e9b183eea86d5a36d093dcc42beab68f2656935870f8
"storage/resource-library/previews/eb7aa7885cffc04a47fce4c2932f5c2596d1ba769afc8a2690c6b8bce03ee452/9.jpg",245631,0ecf79d904f229ebc91665a741bd4a2c3537d357939372f0eb54107cf78c4b6d
"storage/resource-library/previews/eb7aa7885cffc04a47fce4c2932f5c2596d1ba769afc8a2690c6b8bce03ee452/90.jpg",212044,945c06e3f724747a855c676364110c43d594913537a87e241fd5bd832e9cdb36
"storage/resource-library/previews/eb7aa7885cffc04a47fce4c2932f5c2596d1ba769afc8a2690c6b8bce03ee452/91.jpg",157257,906e8a8c673de26e18f707ddadeaebd2d21d85b1cf09bd3abc27a570018b219d
"storage/resource-library/previews/eb7aa7885cffc04a47fce4c2932f5c2596d1ba769afc8a2690c6b8bce03ee452/92.jpg",219168,7041bf4c5d68b63b4685416ae9ef93f9490dd669ed44593a97900b1d019cf153
"storage/resource-library/previews/eb7aa7885cffc04a47fce4c2932f5c2596d1ba769afc8a2690c6b8bce03ee452/93.jpg",209716,f9c852a0230c867da075ef027199ea18d7ae0aeadf1e4f7e35ae6a1f0ae4876c
"storage/resource-library/previews/eb7aa7885cffc04a47fce4c2932f5c2596d1ba769afc8a2690c6b8bce03ee452/94.jpg",210170,75dc718d3524e2511868641fb0acbc25231180cb6133928148f0d829d010e9ab
"storage/resource-library/previews/eb7aa7885cffc04a47fce4c2932f5c2596d1ba769afc8a2690c6b8bce03ee452/95.jpg",201336,84af112ad02cdc40f722952ba75cbe8899a0d173c6b36fbbc9e7b763ead59b4f
"storage/resource-library/previews/eb7aa7885cffc04a47fce4c2932f5c2596d1ba769afc8a2690c6b8bce03ee452/96.jpg",263031,1106267bc857db1c5bb263f948fb16f5fb3e95d40a8ebbbd72394128f915ee8b
"storage/resource-library/previews/eb7aa7885cffc04a47fce4c2932f5c2596d1ba769afc8a2690c6b8bce03ee452/97.jpg",220251,68465c8864525597b5097bf5d22b1c7a706a7c6bc146288bb339a29ce7ccdaa9
"storage/resource-library/previews/eb7aa7885cffc04a47fce4c2932f5c2596d1ba769afc8a2690c6b8bce03ee452/98.jpg",193383,bd5e6c2f74524d7505a52984f972c777ecebcea337fb2203397fde7b1cac79b8
"storage/resource-library/previews/eb7aa7885cffc04a47fce4c2932f5c2596d1ba769afc8a2690c6b8bce03ee452/99.jpg",188828,d6a54c5f47c4f24b7ba4ab6f1c885244350caa42aab548ce283a7388acf1c3f2
"storage/resource-library/previews/eb7aa7885cffc04a47fce4c2932f5c2596d1ba769afc8a2690c6b8bce03ee452/manifest.json",14,f2173ebc6da4a229e9356d92c6a05f0282bd96547240c047eac2a95168b5af66
"storage/resource-library/previews/eb8fff45f4d4ff2b515c5545d17a282c8a8d40dab2e42affff103e4fe45c574b/1.jpg",93313,a2377809c517e69698c15882864b47876a21ccdee8f6a23ca5643c2005e943cc
"storage/resource-library/previews/eb8fff45f4d4ff2b515c5545d17a282c8a8d40dab2e42affff103e4fe45c574b/10.jpg",177783,466536cc1557d049e4acb7eff7ab4df23eb497d91b3a75e9cf8ee76d291e5033
"storage/resource-library/previews/eb8fff45f4d4ff2b515c5545d17a282c8a8d40dab2e42affff103e4fe45c574b/100.jpg",171272,9dc4ee7dfc9f39a05bfcb14401653c9ac17637dcf1250bdc8da8db47e5c694fc
"storage/resource-library/previews/eb8fff45f4d4ff2b515c5545d17a282c8a8d40dab2e42affff103e4fe45c574b/101.jpg",165186,566b541632795bd7e2f569072bb81c33f14d2e7b125eb5f94dfa69f2f3140b99
"storage/resource-library/previews/eb8fff45f4d4ff2b515c5545d17a282c8a8d40dab2e42affff103e4fe45c574b/102.jpg",157130,b88fcf4e09b1ea0ecce2992c01c77f1958bd1cd69711eaa86b58007e3ca7b2fd
"storage/resource-library/previews/eb8fff45f4d4ff2b515c5545d17a282c8a8d40dab2e42affff103e4fe45c574b/103.jpg",151972,353de8ca066c5df14bc5b31f8a23fc62a99953dcbaeeeb0917db532bef4f06d2
"storage/resource-library/previews/eb8fff45f4d4ff2b515c5545d17a282c8a8d40dab2e42affff103e4fe45c574b/104.jpg",172210,c5378f852e492280133d305a91a13ba6f7619755c3356af373ce4bb249f140b0
"storage/resource-library/previews/eb8fff45f4d4ff2b515c5545d17a282c8a8d40dab2e42affff103e4fe45c574b/105.jpg",190419,ea0b5a10fd6b753196522401467b1c1e34b5bbf2942a2a52aab8bd3983906ddf
"storage/resource-library/previews/eb8fff45f4d4ff2b515c5545d17a282c8a8d40dab2e42affff103e4fe45c574b/106.jpg",135285,c6c53c0f8894758bed817858b4501a124e4b6316890e222d9ac36ed6980b47d1
"storage/resource-library/previews/eb8fff45f4d4ff2b515c5545d17a282c8a8d40dab2e42affff103e4fe45c574b/107.jpg",110156,cffb380a68d832f64c52865b4a8c9696192e5c1c34d01d645afa605889989a54
"storage/resource-library/previews/eb8fff45f4d4ff2b515c5545d17a282c8a8d40dab2e42affff103e4fe45c574b/108.jpg",114031,31be99164dd4dfd354595ded775d8950ff10001e6ab8bff9a528640e825decc8
"storage/resource-library/previews/eb8fff45f4d4ff2b515c5545d17a282c8a8d40dab2e42affff103e4fe45c574b/109.jpg",220637,8417ad9190fee4efcfd9e012e760062433abd05f94608e3aca014c178ad68ae5
"storage/resource-library/previews/eb8fff45f4d4ff2b515c5545d17a282c8a8d40dab2e42affff103e4fe45c574b/11.jpg",152621,d881bbc1b3aac71bace4e500e3d523233d8f72a6a674883e27f9058c63272072
"storage/resource-library/previews/eb8fff45f4d4ff2b515c5545d17a282c8a8d40dab2e42affff103e4fe45c574b/110.jpg",152723,70eae7d59828486a7be184ba5d76a9ec418a01eedb9c041990314d1592cd7008
"storage/resource-library/previews/eb8fff45f4d4ff2b515c5545d17a282c8a8d40dab2e42affff103e4fe45c574b/111.jpg",85449,be7949234e0205c4d75bb206c6d11c988fd793704435636be6407365494f4a5b
"storage/resource-library/previews/eb8fff45f4d4ff2b515c5545d17a282c8a8d40dab2e42affff103e4fe45c574b/112.jpg",137209,9103a47ec998ae8b990b5e35039f5bbdaba7fe2f20ad81d886ecbd3aaf0da7fd
"storage/resource-library/previews/eb8fff45f4d4ff2b515c5545d17a282c8a8d40dab2e42affff103e4fe45c574b/113.jpg",132761,c7d5d8b7fc82afb8ec1904aee417dae79b8e512746d9f7edea306cccc01badec
"storage/resource-library/previews/eb8fff45f4d4ff2b515c5545d17a282c8a8d40dab2e42affff103e4fe45c574b/114.jpg",168334,c486f074a4ee907301245f0ca87dd949666bb26a6e7b832645036a870a786141
"storage/resource-library/previews/eb8fff45f4d4ff2b515c5545d17a282c8a8d40dab2e42affff103e4fe45c574b/115.jpg",147333,59f28a9f3e57dc82433d046efd3a7c9d3b3ce3b201566fb2aa364543ba30bec4
"storage/resource-library/previews/eb8fff45f4d4ff2b515c5545d17a282c8a8d40dab2e42affff103e4fe45c574b/116.jpg",158834,1226ce28c364e382e94ec0e418f279b1ab14403c2ba7a51023b4cfa88abcc82f
"storage/resource-library/previews/eb8fff45f4d4ff2b515c5545d17a282c8a8d40dab2e42affff103e4fe45c574b/117.jpg",111744,77ded34150f31c1d6bd7a8bf06b73193960612412318b1a5710e754cdebccc9e
"storage/resource-library/previews/eb8fff45f4d4ff2b515c5545d17a282c8a8d40dab2e42affff103e4fe45c574b/118.jpg",129814,b77f9c1307e6d83d126c24263330312048c648b0887adadb1a9d733f7ca5abe2
"storage/resource-library/previews/eb8fff45f4d4ff2b515c5545d17a282c8a8d40dab2e42affff103e4fe45c574b/119.jpg",130664,83cc53307facb20caa05fbf25891752a3116df740997dd96ebeda2249bd13efb
"storage/resource-library/previews/eb8fff45f4d4ff2b515c5545d17a282c8a8d40dab2e42affff103e4fe45c574b/12.jpg",80719,5e5bd008338a99ce79b5c49df87493b1e066d240b802f08e2e4537a569e023e9
"storage/resource-library/previews/eb8fff45f4d4ff2b515c5545d17a282c8a8d40dab2e42affff103e4fe45c574b/120.jpg",139385,3f1315766cd9c83fc54f7a2c2d2662ae204ae32180c0a87910570ef1ce3bc8ec
"storage/resource-library/previews/eb8fff45f4d4ff2b515c5545d17a282c8a8d40dab2e42affff103e4fe45c574b/121.jpg",125638,d749ec780546d9252a61ef84ca19c9fefe0c403aba8bec111d0e6e94c69b4957
"storage/resource-library/previews/eb8fff45f4d4ff2b515c5545d17a282c8a8d40dab2e42affff103e4fe45c574b/122.jpg",125216,4747183e98207d64f6f880ddb7d8b2dc73ba9ab0340c37eae139511efa9d9e12
"storage/resource-library/previews/eb8fff45f4d4ff2b515c5545d17a282c8a8d40dab2e42affff103e4fe45c574b/123.jpg",149219,981e0e64d53efc5cfeb2bfa0d1ab74851396c385d8dcce5f41913af87a7fdf77
"storage/resource-library/previews/eb8fff45f4d4ff2b515c5545d17a282c8a8d40dab2e42affff103e4fe45c574b/124.jpg",116704,7fc9d334bc86617ea6455d309b3053cc9789b6b75054c8106163cd718f3890f3
"storage/resource-library/previews/eb8fff45f4d4ff2b515c5545d17a282c8a8d40dab2e42affff103e4fe45c574b/125.jpg",141636,db7fdb10350b586c672f12ba0d72241a23f051f0ab074dd3a3d3ae67faa93164
"storage/resource-library/previews/eb8fff45f4d4ff2b515c5545d17a282c8a8d40dab2e42affff103e4fe45c574b/126.jpg",106113,9b97d5d3ea2908847a5b89d19359c12e95d05f466dd0d4b52ed5b9b3b954388e
"storage/resource-library/previews/eb8fff45f4d4ff2b515c5545d17a282c8a8d40dab2e42affff103e4fe45c574b/127.jpg",161714,9a80b7a5544fc533dc9ab14f3c7b245b146a2b0239658ee37242112c5e1d8f28
"storage/resource-library/previews/eb8fff45f4d4ff2b515c5545d17a282c8a8d40dab2e42affff103e4fe45c574b/128.jpg",156961,a4b96f7c7170e1a100e51266fbd0ab2eab1307c834298c2b767c55f7eca379c1
"storage/resource-library/previews/eb8fff45f4d4ff2b515c5545d17a282c8a8d40dab2e42affff103e4fe45c574b/129.jpg",156064,7e7eb15a4590b2646b8e0ed139ec949dd01176adbc14bf09bd95cce51551330a
"storage/resource-library/previews/eb8fff45f4d4ff2b515c5545d17a282c8a8d40dab2e42affff103e4fe45c574b/13.jpg",146180,62152e4bc5121b092fcb35a0bd9401530baa2c0e6e50a60f1c6895caaa755100
"storage/resource-library/previews/eb8fff45f4d4ff2b515c5545d17a282c8a8d40dab2e42affff103e4fe45c574b/130.jpg",103456,38fd9c47c33cf1088e4bcbf32ee615375cbdfbc28df4877656a10d4c52d353f9
"storage/resource-library/previews/eb8fff45f4d4ff2b515c5545d17a282c8a8d40dab2e42affff103e4fe45c574b/131.jpg",117622,3eb8ef49de351ea3fb1b3ed0109334957fd7817b86c9f92e94b9ea7f0e916eb9
"storage/resource-library/previews/eb8fff45f4d4ff2b515c5545d17a282c8a8d40dab2e42affff103e4fe45c574b/132.jpg",96987,f94539a75fcf8205c84430cddabaa99cc4568dec1e2aee149808709a5ac11398
"storage/resource-library/previews/eb8fff45f4d4ff2b515c5545d17a282c8a8d40dab2e42affff103e4fe45c574b/133.jpg",165313,6d4ffd4364ff83182cfc0637c2a97c0b727e2e64ffce6859275c2b169addaa9e
"storage/resource-library/previews/eb8fff45f4d4ff2b515c5545d17a282c8a8d40dab2e42affff103e4fe45c574b/134.jpg",119569,493815adc7f42bc8eb3ea82eb508abedd3ec95f869cfb3c30f10dedc078d0905
"storage/resource-library/previews/eb8fff45f4d4ff2b515c5545d17a282c8a8d40dab2e42affff103e4fe45c574b/135.jpg",223330,22da7aa6bb2de4b82742a2b5c23f26532074e23385cb2789cda4ab8ea434f3b9
"storage/resource-library/previews/eb8fff45f4d4ff2b515c5545d17a282c8a8d40dab2e42affff103e4fe45c574b/136.jpg",161669,df6edf878de167f324dff153587bea4dd30a6fb6402f23b0a0a77ea49016d667
"storage/resource-library/previews/eb8fff45f4d4ff2b515c5545d17a282c8a8d40dab2e42affff103e4fe45c574b/137.jpg",170820,83b1de6fca21e7cfc0f005a843ddc2cfc991cb1a44bc13bbeb158d8178ca6a45
"storage/resource-library/previews/eb8fff45f4d4ff2b515c5545d17a282c8a8d40dab2e42affff103e4fe45c574b/138.jpg",110349,efd322b21836e2db968a2c8c37036ca86a89e6a35654a3f6a447f6c1f8b4a763
"storage/resource-library/previews/eb8fff45f4d4ff2b515c5545d17a282c8a8d40dab2e42affff103e4fe45c574b/139.jpg",170020,eea4458bdb879e4aa4eff3e58b9b47f3a4a4188ec27eccb37310aac5a91ee68b
"storage/resource-library/previews/eb8fff45f4d4ff2b515c5545d17a282c8a8d40dab2e42affff103e4fe45c574b/14.jpg",149445,d5f18a8d342afc34bd363c8438588179f438d8ac8c502840054bd58e031824be
"storage/resource-library/previews/eb8fff45f4d4ff2b515c5545d17a282c8a8d40dab2e42affff103e4fe45c574b/140.jpg",140572,98ae2624fbfd9e27a7d5dcd84d13aa166980c8ce14eae7154099dc421625ff63
"storage/resource-library/previews/eb8fff45f4d4ff2b515c5545d17a282c8a8d40dab2e42affff103e4fe45c574b/141.jpg",130075,a5645f1bd73f861e421b9212e0da4aaab6b9a68ee555bf7c2cb47c319bca09a3
"storage/resource-library/previews/eb8fff45f4d4ff2b515c5545d17a282c8a8d40dab2e42affff103e4fe45c574b/142.jpg",202988,c7e7dfdc5bc594dd14aff559375d261cfb71fd855514368e576f4f587981a743
"storage/resource-library/previews/eb8fff45f4d4ff2b515c5545d17a282c8a8d40dab2e42affff103e4fe45c574b/143.jpg",92936,149741184fff701e30aad3edd5273d7e4a2437e97575fb6c34c347de19027eec
"storage/resource-library/previews/eb8fff45f4d4ff2b515c5545d17a282c8a8d40dab2e42affff103e4fe45c574b/144.jpg",166535,d7322f2228ddc50e7e24cce9d87ce1ac2f8ba7e7bdfdb636d9d459429815287d
"storage/resource-library/previews/eb8fff45f4d4ff2b515c5545d17a282c8a8d40dab2e42affff103e4fe45c574b/145.jpg",150966,acb3c135a60bcdb969526c635e5bc4a2b29fa2841faf77595506ae11911dd5b0
"storage/resource-library/previews/eb8fff45f4d4ff2b515c5545d17a282c8a8d40dab2e42affff103e4fe45c574b/146.jpg",111609,fba4a27f01691d115386ba37cff79448197c2b98acc1f6280281f233e24956d9
"storage/resource-library/previews/eb8fff45f4d4ff2b515c5545d17a282c8a8d40dab2e42affff103e4fe45c574b/147.jpg",201973,cc6448788b91e80bbe3382c2fb24e00dae7ed2f26ff84cb554ab6277578b9bf0
"storage/resource-library/previews/eb8fff45f4d4ff2b515c5545d17a282c8a8d40dab2e42affff103e4fe45c574b/148.jpg",167045,d78d178cbc970ee0ba3dd4c1c43502e2355f855fc7dda57cace7d77cf2bc6606
"storage/resource-library/previews/eb8fff45f4d4ff2b515c5545d17a282c8a8d40dab2e42affff103e4fe45c574b/149.jpg",219597,db51738b1de549ff19ee87ec62f21c4b27ac876a794a87a2717222444812f75d
"storage/resource-library/previews/eb8fff45f4d4ff2b515c5545d17a282c8a8d40dab2e42affff103e4fe45c574b/15.jpg",171955,337dde89087689e142e6dc7a081904ee7d49e0fec3dfc811e24efea220e9de18
"storage/resource-library/previews/eb8fff45f4d4ff2b515c5545d17a282c8a8d40dab2e42affff103e4fe45c574b/150.jpg",148465,c2ae0c13cc2ce45d86a1d3ab4420b85f51571d486f7926a4c211ad7423c7a28b
"storage/resource-library/previews/eb8fff45f4d4ff2b515c5545d17a282c8a8d40dab2e42affff103e4fe45c574b/151.jpg",171283,d8a9e8689a6e85ad9f43de86b539b9ceda667ab18c2524ca898d7ca4b43bc724
"storage/resource-library/previews/eb8fff45f4d4ff2b515c5545d17a282c8a8d40dab2e42affff103e4fe45c574b/152.jpg",127063,2e1936511ec318234aba6aa8dbd40e9e700661a32d99f26ee1670e5bb3c88ebd
"storage/resource-library/previews/eb8fff45f4d4ff2b515c5545d17a282c8a8d40dab2e42affff103e4fe45c574b/153.jpg",148404,3d3c53192b231cc4cc7fe8183f7ff3b5c7c7d6e9fdd85ea264a54b698ce64923
"storage/resource-library/previews/eb8fff45f4d4ff2b515c5545d17a282c8a8d40dab2e42affff103e4fe45c574b/154.jpg",101400,33c754758cd112fec320672729e8a2df1f1cc495b521c02b73f9755a7c34964d
"storage/resource-library/previews/eb8fff45f4d4ff2b515c5545d17a282c8a8d40dab2e42affff103e4fe45c574b/155.jpg",117752,f9ec4cd52d30c42bd107af01382a2db9dba3aa947994672590741d088069b39b
"storage/resource-library/previews/eb8fff45f4d4ff2b515c5545d17a282c8a8d40dab2e42affff103e4fe45c574b/156.jpg",69533,6ea5bf13e243c5b05ec2e1d3a36ab46ee0a56f880b60bfde92bf8c7ef56b1259
"storage/resource-library/previews/eb8fff45f4d4ff2b515c5545d17a282c8a8d40dab2e42affff103e4fe45c574b/16.jpg",158341,bb946834a5f23ef38944ff22141d084ff0470ca256966b1e36670c4771d78259
"storage/resource-library/previews/eb8fff45f4d4ff2b515c5545d17a282c8a8d40dab2e42affff103e4fe45c574b/17.jpg",107752,492a1a4153e73537096879307952cd164d111c1127b359598bbfcd826bfe88d4
"storage/resource-library/previews/eb8fff45f4d4ff2b515c5545d17a282c8a8d40dab2e42affff103e4fe45c574b/18.jpg",90232,fcb9a3f6ac2b7b939e199b9f07e6d2985ce33a87694e2b98bff1e8552237ac06
"storage/resource-library/previews/eb8fff45f4d4ff2b515c5545d17a282c8a8d40dab2e42affff103e4fe45c574b/19.jpg",115051,1365766a8813c7d7d4cac027da3d8da04a87e5cdd0caa7cb6ecbd6a11aa67dc2
"storage/resource-library/previews/eb8fff45f4d4ff2b515c5545d17a282c8a8d40dab2e42affff103e4fe45c574b/2.jpg",207144,6bb16f4309177e56b4217ec7a2aa80d43fef8f0a241ccc8da2d687fca7503b3c
"storage/resource-library/previews/eb8fff45f4d4ff2b515c5545d17a282c8a8d40dab2e42affff103e4fe45c574b/20.jpg",125586,59507c59f551e7a042c7d7dc5cf993e5a99492c52e2203c1a8b0400ac0679de0
"storage/resource-library/previews/eb8fff45f4d4ff2b515c5545d17a282c8a8d40dab2e42affff103e4fe45c574b/21.jpg",40800,56e7cf5ba3b3f98d09ea81195aeea1af22232c1f6c94a0cc0b742972f7a3d087
"storage/resource-library/previews/eb8fff45f4d4ff2b515c5545d17a282c8a8d40dab2e42affff103e4fe45c574b/22.jpg",146830,a83f8aec8eabd2f7b6b471c50b920df7c013222206719ab07b20de640935f657
"storage/resource-library/previews/eb8fff45f4d4ff2b515c5545d17a282c8a8d40dab2e42affff103e4fe45c574b/23.jpg",148364,d5d69b6d132b28e0179c2270054785e716fdf3f7b18acb1db7c5ade54d8e5c8d
"storage/resource-library/previews/eb8fff45f4d4ff2b515c5545d17a282c8a8d40dab2e42affff103e4fe45c574b/24.jpg",136169,9341c1159aac20227aa0e61afe6e99a9212eed9e8ad01fe9ad4a657e8bb83064
"storage/resource-library/previews/eb8fff45f4d4ff2b515c5545d17a282c8a8d40dab2e42affff103e4fe45c574b/25.jpg",172888,57ddfb34bcfb3bc2fae51da0e6f700a105bb3f80341ffcba41d3d9501d4073df
"storage/resource-library/previews/eb8fff45f4d4ff2b515c5545d17a282c8a8d40dab2e42affff103e4fe45c574b/26.jpg",121252,4898d3df6b4a523317fd20dd0f4e09f09a0e224e9df2dd4405833865fab2f694
"storage/resource-library/previews/eb8fff45f4d4ff2b515c5545d17a282c8a8d40dab2e42affff103e4fe45c574b/27.jpg",70172,91d4f4377be6e988ac2c9ec5b7222472452d6d643a4ca635faedbde4cc2fdfbf
"storage/resource-library/previews/eb8fff45f4d4ff2b515c5545d17a282c8a8d40dab2e42affff103e4fe45c574b/28.jpg",133956,9ade331be37ae631c98f308731ee9e89157f45f260e6c19ee4a5d90d15a0ca9e
"storage/resource-library/previews/eb8fff45f4d4ff2b515c5545d17a282c8a8d40dab2e42affff103e4fe45c574b/29.jpg",132070,a20ca585af6af72e01bded34c8403b4ae6722c39643913d27e36936249f7025a
"storage/resource-library/previews/eb8fff45f4d4ff2b515c5545d17a282c8a8d40dab2e42affff103e4fe45c574b/3.jpg",71222,636a6c52270220fdd0291cfdf4b66cd35055486ae925079b19809304e087dd3a
"storage/resource-library/previews/eb8fff45f4d4ff2b515c5545d17a282c8a8d40dab2e42affff103e4fe45c574b/30.jpg",111815,77290536843f1fa753552a86cd7a2c8ab61f76df0a1a9781422145a46b387e2d
"storage/resource-library/previews/eb8fff45f4d4ff2b515c5545d17a282c8a8d40dab2e42affff103e4fe45c574b/31.jpg",146535,afa82400a42580b8ca54e451406f6da7b8b8083dc2e8373f9dc1316076d97cf9
"storage/resource-library/previews/eb8fff45f4d4ff2b515c5545d17a282c8a8d40dab2e42affff103e4fe45c574b/32.jpg",123654,ba15f5d04a932e98d38820d1291ddba9e589addb06e7c399b336c194e031f529
"storage/resource-library/previews/eb8fff45f4d4ff2b515c5545d17a282c8a8d40dab2e42affff103e4fe45c574b/33.jpg",157106,213d26d2aa96524a408a6e179b2d250876753854b9a5e1a6298c14650f754609
"storage/resource-library/previews/eb8fff45f4d4ff2b515c5545d17a282c8a8d40dab2e42affff103e4fe45c574b/34.jpg",169168,10327a10a1fc6e69e770e93dd6df511c7fd4891d4ed3ff1d2eb2ff34760664af
"storage/resource-library/previews/eb8fff45f4d4ff2b515c5545d17a282c8a8d40dab2e42affff103e4fe45c574b/35.jpg",92514,213b5a8563454f0e80a7e415e44d7676e85e57c81887a37955cec96d18bc7aeb
"storage/resource-library/previews/eb8fff45f4d4ff2b515c5545d17a282c8a8d40dab2e42affff103e4fe45c574b/36.jpg",99559,c50b5aa0f1a348bf8a006335b8cfbbf534ea7a14c5cd873499f03e2a851f58af
"storage/resource-library/previews/eb8fff45f4d4ff2b515c5545d17a282c8a8d40dab2e42affff103e4fe45c574b/37.jpg",103650,65f863d0900e6cfa3a4d5fe50474eb52e68b2cc44a280368089b5cabd077c5b6
"storage/resource-library/previews/eb8fff45f4d4ff2b515c5545d17a282c8a8d40dab2e42affff103e4fe45c574b/38.jpg",90101,c517da9dd553171cfd6b609df438c4ece6015e156358cb77b6307752fc24159e
"storage/resource-library/previews/eb8fff45f4d4ff2b515c5545d17a282c8a8d40dab2e42affff103e4fe45c574b/39.jpg",131361,f869cbf243c4f6a7cfa23882785e5a9902d61de945715218383910d031e78a2b
"storage/resource-library/previews/eb8fff45f4d4ff2b515c5545d17a282c8a8d40dab2e42affff103e4fe45c574b/4.jpg",69586,472306c5e9d7ce6a12bf1059ab9d456c5ceca3d60811cf24774b4636abcee3ed
"storage/resource-library/previews/eb8fff45f4d4ff2b515c5545d17a282c8a8d40dab2e42affff103e4fe45c574b/40.jpg",170670,7d1a8597797415d7f1a2914e159c4c53e786ed8531a3912d555ffcd8c8dca666
"storage/resource-library/previews/eb8fff45f4d4ff2b515c5545d17a282c8a8d40dab2e42affff103e4fe45c574b/41.jpg",107495,acf6a2a5b618427dfb32224033feec41b928ae67bcab7ea817ea5da0c97a5040
"storage/resource-library/previews/eb8fff45f4d4ff2b515c5545d17a282c8a8d40dab2e42affff103e4fe45c574b/42.jpg",134644,57bac4e04574108f292b4312181c27194494ab3a36106cd4fe9573fb7d4ebe86
"storage/resource-library/previews/eb8fff45f4d4ff2b515c5545d17a282c8a8d40dab2e42affff103e4fe45c574b/43.jpg",149786,8158dc6cd45ef5ba2437236b14c12478c407fa6d99b40b46156df6fcc4acc465
"storage/resource-library/previews/eb8fff45f4d4ff2b515c5545d17a282c8a8d40dab2e42affff103e4fe45c574b/44.jpg",109763,fbcbe63dcf4da5ce592393e24433387460cd022d3836d19fde82bdbe9759c3a1
"storage/resource-library/previews/eb8fff45f4d4ff2b515c5545d17a282c8a8d40dab2e42affff103e4fe45c574b/45.jpg",139954,db4b2e58f631166cf635a13c909f016c9347509ab21caff4bb51d267fbf316e7
"storage/resource-library/previews/eb8fff45f4d4ff2b515c5545d17a282c8a8d40dab2e42affff103e4fe45c574b/46.jpg",142061,a2c78416a9cad8b46f45f959696f24454e361a8618255e03e101edb80d765f77
"storage/resource-library/previews/eb8fff45f4d4ff2b515c5545d17a282c8a8d40dab2e42affff103e4fe45c574b/47.jpg",110143,e5edd7ed618a0d20e8d52d0d6e93e0fe2e7ecad104f51d23ea30f3ecc5ce6581
"storage/resource-library/previews/eb8fff45f4d4ff2b515c5545d17a282c8a8d40dab2e42affff103e4fe45c574b/48.jpg",113869,0dfa1b51cf69205e558feb1b7a3cc931ff146f0b7614039be3f2c60d8472825b
"storage/resource-library/previews/eb8fff45f4d4ff2b515c5545d17a282c8a8d40dab2e42affff103e4fe45c574b/49.jpg",89613,cc88807c05d7b6574cacff0762da62f4bdcca6c3adc29b721bd686ffe50ac9b6
"storage/resource-library/previews/eb8fff45f4d4ff2b515c5545d17a282c8a8d40dab2e42affff103e4fe45c574b/5.jpg",142857,0c4f49f7c3158de088f771021530c0bd79281f5dfbc3d9859b48c43805397c4a
"storage/resource-library/previews/eb8fff45f4d4ff2b515c5545d17a282c8a8d40dab2e42affff103e4fe45c574b/50.jpg",82231,e5c43e59d8f409dabb0c7fd1abe6a0be505995b9b90cfb49e0b4a62b8672a2ea
"storage/resource-library/previews/eb8fff45f4d4ff2b515c5545d17a282c8a8d40dab2e42affff103e4fe45c574b/51.jpg",112709,27a76fb6d46582308860e793eee850345da36f79d7a58314ce6c9a12108be316
"storage/resource-library/previews/eb8fff45f4d4ff2b515c5545d17a282c8a8d40dab2e42affff103e4fe45c574b/52.jpg",110128,d6fb39b1c0a6e76fd55d4277ad4c94f8b22930d919738647734a9a4b69d1fda1
"storage/resource-library/previews/eb8fff45f4d4ff2b515c5545d17a282c8a8d40dab2e42affff103e4fe45c574b/53.jpg",92869,c5574ff2e91d5aa6edbdd17f93e012b4a9c05bf092f71a6d4ad4722889a157f6
"storage/resource-library/previews/eb8fff45f4d4ff2b515c5545d17a282c8a8d40dab2e42affff103e4fe45c574b/54.jpg",99669,5f800ca1ee3187b33eb591be7dd31f7215f8efe292f49519a50553240a18e3bf
"storage/resource-library/previews/eb8fff45f4d4ff2b515c5545d17a282c8a8d40dab2e42affff103e4fe45c574b/55.jpg",106168,544b03ee4c3ce6557ade732508652c856a1f670f0056aed502523dc489aa00f1
"storage/resource-library/previews/eb8fff45f4d4ff2b515c5545d17a282c8a8d40dab2e42affff103e4fe45c574b/56.jpg",77516,08acfa24c54e267f06d0f62e1e65cf8f97521aaa7fc3915d68d6b29960cba06f
"storage/resource-library/previews/eb8fff45f4d4ff2b515c5545d17a282c8a8d40dab2e42affff103e4fe45c574b/57.jpg",97455,e0edc5e060648a165d3a8ccf155680f9da95f757f3b7ec89f1e306b5b0a6ba99
"storage/resource-library/previews/eb8fff45f4d4ff2b515c5545d17a282c8a8d40dab2e42affff103e4fe45c574b/58.jpg",134112,a3e17482f3c28005bbe47eb7e3c602a23d6451b8a54656b3b0cda9d4a1461c44
"storage/resource-library/previews/eb8fff45f4d4ff2b515c5545d17a282c8a8d40dab2e42affff103e4fe45c574b/59.jpg",105482,c19e1b821b78626ef652723db6b08c05f12983180e8a6dd9aada84adac07e2c1
"storage/resource-library/previews/eb8fff45f4d4ff2b515c5545d17a282c8a8d40dab2e42affff103e4fe45c574b/6.jpg",176945,f61aa425915cf8f350819ea77be517488c92e085c09d2e63fa216fbd06e4c992
"storage/resource-library/previews/eb8fff45f4d4ff2b515c5545d17a282c8a8d40dab2e42affff103e4fe45c574b/60.jpg",102177,0a81dc232849b2a4546d057697bd8912e0eac806a6323faadd205a5852d03744
"storage/resource-library/previews/eb8fff45f4d4ff2b515c5545d17a282c8a8d40dab2e42affff103e4fe45c574b/61.jpg",124560,eca5bbd390bde2b4b3ff04ccccc0ebad2ac573c28cf90527c2caf027b516c2eb
"storage/resource-library/previews/eb8fff45f4d4ff2b515c5545d17a282c8a8d40dab2e42affff103e4fe45c574b/62.jpg",141509,1ed1e76ae69f8c2a1d651223202089746d6021265032263febdb3f909c5d0992
"storage/resource-library/previews/eb8fff45f4d4ff2b515c5545d17a282c8a8d40dab2e42affff103e4fe45c574b/63.jpg",108197,4afb14aacdbff26d10012d4b55d91933b548cda52ee4ec97c715a8393456345d
"storage/resource-library/previews/eb8fff45f4d4ff2b515c5545d17a282c8a8d40dab2e42affff103e4fe45c574b/64.jpg",120507,e76a288881f739e8df31b165d0e3eed184570e42e4c7eefa3cf4ad53e9f3b273
"storage/resource-library/previews/eb8fff45f4d4ff2b515c5545d17a282c8a8d40dab2e42affff103e4fe45c574b/65.jpg",123777,e7be9661da880b0e71a0ef8c3ba5976dc2b919881ccb0ba6cd181c90c5a46cd6
"storage/resource-library/previews/eb8fff45f4d4ff2b515c5545d17a282c8a8d40dab2e42affff103e4fe45c574b/66.jpg",154613,0e9a95cf69dc7853a2e4e06787a035250548855ca6193007920b38e06af7d360
"storage/resource-library/previews/eb8fff45f4d4ff2b515c5545d17a282c8a8d40dab2e42affff103e4fe45c574b/67.jpg",176006,a7abe2e82c330913f2f7f64225af7ba0f58eaeb5391aac3e15b2ec2f79dfa429
"storage/resource-library/previews/eb8fff45f4d4ff2b515c5545d17a282c8a8d40dab2e42affff103e4fe45c574b/68.jpg",171291,c51ca9fc90a34af9f7ac1a5ba3ede2f49b05301631508100b0a8a35dc6c85e95
"storage/resource-library/previews/eb8fff45f4d4ff2b515c5545d17a282c8a8d40dab2e42affff103e4fe45c574b/69.jpg",193877,ca4a9cd787391bb9cea358d2112154fbe78783527a04383457999b6dd90aa9af
"storage/resource-library/previews/eb8fff45f4d4ff2b515c5545d17a282c8a8d40dab2e42affff103e4fe45c574b/7.jpg",128706,e727964df79af84dd10b2a91e438d524630c2024dc8bd842c5bdd85e31ab1881
"storage/resource-library/previews/eb8fff45f4d4ff2b515c5545d17a282c8a8d40dab2e42affff103e4fe45c574b/70.jpg",114887,256072fe1274ce74ea0a78400e2f8908ef2a83d1bcae8893f71768d0d2569207
"storage/resource-library/previews/eb8fff45f4d4ff2b515c5545d17a282c8a8d40dab2e42affff103e4fe45c574b/71.jpg",192736,0dc37a1606db186a9426ccb806f7b87795e297e5d06feba5f563bc194de793d3
"storage/resource-library/previews/eb8fff45f4d4ff2b515c5545d17a282c8a8d40dab2e42affff103e4fe45c574b/72.jpg",162769,df597d3bf912a3686426fb491d68c389cae39cf8a7d1186d9a9e72a88cf072de
"storage/resource-library/previews/eb8fff45f4d4ff2b515c5545d17a282c8a8d40dab2e42affff103e4fe45c574b/73.jpg",134499,e634974c305f5cc74f19b12bfe9276760378d56805e30b8e0cbb7e65b2a04640
"storage/resource-library/previews/eb8fff45f4d4ff2b515c5545d17a282c8a8d40dab2e42affff103e4fe45c574b/74.jpg",152135,d887ecd376ede27d8b4db05b99e5e653c62ba67b55fe300feb9dd8a238a60934
"storage/resource-library/previews/eb8fff45f4d4ff2b515c5545d17a282c8a8d40dab2e42affff103e4fe45c574b/75.jpg",156964,acf84c8ac38884fb8f626d286a18589f4ef206913abad5bc4b357893872752c7
"storage/resource-library/previews/eb8fff45f4d4ff2b515c5545d17a282c8a8d40dab2e42affff103e4fe45c574b/76.jpg",108239,e89f1067757ca957e52921286c2fbd2c951d6fb689bd7e949d12f80196a1e73a
"storage/resource-library/previews/eb8fff45f4d4ff2b515c5545d17a282c8a8d40dab2e42affff103e4fe45c574b/77.jpg",95485,586bd2221c87921997149441fc1e9c0abfd10a0cdc3c655bb05d3f796121c418
"storage/resource-library/previews/eb8fff45f4d4ff2b515c5545d17a282c8a8d40dab2e42affff103e4fe45c574b/78.jpg",145617,44a77ed925143551862e67d76eea5787042bb9a2736002f5bd2f440d07fd2f5f
"storage/resource-library/previews/eb8fff45f4d4ff2b515c5545d17a282c8a8d40dab2e42affff103e4fe45c574b/79.jpg",114327,b0f061ce821f7f58ab1c8103a244e851aea536f8263416117d5005076eaee28d
"storage/resource-library/previews/eb8fff45f4d4ff2b515c5545d17a282c8a8d40dab2e42affff103e4fe45c574b/8.jpg",177617,b6db7477440347ed307eb06a1e49d7c7f00b65559dd65555cf013c7d481a663e
"storage/resource-library/previews/eb8fff45f4d4ff2b515c5545d17a282c8a8d40dab2e42affff103e4fe45c574b/80.jpg",101571,ee9389df3b1c9c7b7834926a7df17029037696c5f04c10c3bee187e4827ebf66
"storage/resource-library/previews/eb8fff45f4d4ff2b515c5545d17a282c8a8d40dab2e42affff103e4fe45c574b/81.jpg",114510,782924bedb22797ab993e38e98986b4879738a30f82f2ac882f1b485f83072a6
"storage/resource-library/previews/eb8fff45f4d4ff2b515c5545d17a282c8a8d40dab2e42affff103e4fe45c574b/82.jpg",88127,7802173f249a2024398013c504ab38ea20c5d194f5ac4bc9a9cbd90d9de33bfc
"storage/resource-library/previews/eb8fff45f4d4ff2b515c5545d17a282c8a8d40dab2e42affff103e4fe45c574b/83.jpg",106101,0f22b0f52f41c234e40bbaf94811d893dc5c289ef52afa402e05c378d7683ae7
"storage/resource-library/previews/eb8fff45f4d4ff2b515c5545d17a282c8a8d40dab2e42affff103e4fe45c574b/84.jpg",121518,123501efa949d8afe938e792208821dd6b7fcd87559ac7a491e998fb24ae4e86
"storage/resource-library/previews/eb8fff45f4d4ff2b515c5545d17a282c8a8d40dab2e42affff103e4fe45c574b/85.jpg",150595,3bc8449a5553415b3b1b06e6936ed55eb264a43029279788774a33ddd5af819f
"storage/resource-library/previews/eb8fff45f4d4ff2b515c5545d17a282c8a8d40dab2e42affff103e4fe45c574b/86.jpg",122306,fb05599d5c22cca1ba4b27c1f7b6580522ab4139fc4ae689c59b7e8a3fb53d80
"storage/resource-library/previews/eb8fff45f4d4ff2b515c5545d17a282c8a8d40dab2e42affff103e4fe45c574b/87.jpg",189509,4a35820e11166b48111fbb083c9ceb616577332ada20349c0ca1afe1a6c85ffc
"storage/resource-library/previews/eb8fff45f4d4ff2b515c5545d17a282c8a8d40dab2e42affff103e4fe45c574b/88.jpg",137953,4b37d4e07b71ae92c572a07709b0b0be4dcb290d74089ed6ea6a89b3d00feabf
"storage/resource-library/previews/eb8fff45f4d4ff2b515c5545d17a282c8a8d40dab2e42affff103e4fe45c574b/89.jpg",159852,0b59f3ba7ac3d3b799a67fe081d3032b53f722050d7af8abf774efd721322596
"storage/resource-library/previews/eb8fff45f4d4ff2b515c5545d17a282c8a8d40dab2e42affff103e4fe45c574b/9.jpg",113679,a59d081caa9e9d15689b5dc43d50390badd6ab5b6b5e634adb295218d61ff485
"storage/resource-library/previews/eb8fff45f4d4ff2b515c5545d17a282c8a8d40dab2e42affff103e4fe45c574b/90.jpg",159002,5136ee10d6042b4cb20dcebf52dfae70d5491717078f2d1e0ba1ce5a8f8f63df
"storage/resource-library/previews/eb8fff45f4d4ff2b515c5545d17a282c8a8d40dab2e42affff103e4fe45c574b/91.jpg",127642,8f3f75196e5ad456ec54a488eca34bd4c03fa931f07f3cdb5f9f71bf89f099b3
"storage/resource-library/previews/eb8fff45f4d4ff2b515c5545d17a282c8a8d40dab2e42affff103e4fe45c574b/92.jpg",126993,d3181cc11ff0c6c6046d576286074dad3d69c9060938b8603edf339be3c584fd
"storage/resource-library/previews/eb8fff45f4d4ff2b515c5545d17a282c8a8d40dab2e42affff103e4fe45c574b/93.jpg",123475,21359e4b78c796d86c88c45a7404e91329bff7f6b53d3379d505f352bcdab21e
"storage/resource-library/previews/eb8fff45f4d4ff2b515c5545d17a282c8a8d40dab2e42affff103e4fe45c574b/94.jpg",135116,064e8ae1933c6dc4c96e417c459fc96b96612ffc454824444cabe9376a67ae37
"storage/resource-library/previews/eb8fff45f4d4ff2b515c5545d17a282c8a8d40dab2e42affff103e4fe45c574b/95.jpg",49267,3db2c9076427e810b797ebaa266fa34510ccd88d6248863d3eac0807347d2178
"storage/resource-library/previews/eb8fff45f4d4ff2b515c5545d17a282c8a8d40dab2e42affff103e4fe45c574b/96.jpg",71261,ab95065d3c738a21f920b8f803a8fbcd7232fcadb38126b2ed7190d64df7abb2
"storage/resource-library/previews/eb8fff45f4d4ff2b515c5545d17a282c8a8d40dab2e42affff103e4fe45c574b/97.jpg",197352,c2b5f4ea3869e1b8f40a3c80278dc96fa5af43bb31c618156f8b5a7efc10dc82
"storage/resource-library/previews/eb8fff45f4d4ff2b515c5545d17a282c8a8d40dab2e42affff103e4fe45c574b/98.jpg",198561,90917eabf154932bf5dced5b4c44534348ec598dbf1c03ace77ae12ee0fe9ec8
"storage/resource-library/previews/eb8fff45f4d4ff2b515c5545d17a282c8a8d40dab2e42affff103e4fe45c574b/99.jpg",175800,042f0f0e8c4d0d4becc7f9370ac4a1d899a4d704c8a225cdae41b4937894638f
"storage/resource-library/previews/eb8fff45f4d4ff2b515c5545d17a282c8a8d40dab2e42affff103e4fe45c574b/manifest.json",14,7e02dce575cf3729b0f4868e44dafc93c010275bdb3c4e744895d9da138431d4
"storage/resource-library/previews/f24b64986e41ba5aa8c3910eee81f7b073fee892327ae8a4161046fd35fe5f7e/1.jpg",310366,3eb7ac05679fb65bf30794d267f0ad6cb312a8651a5172472ff670bcf464824e
"storage/resource-library/previews/f24b64986e41ba5aa8c3910eee81f7b073fee892327ae8a4161046fd35fe5f7e/10.jpg",85740,8d1a88c29570b4d0278c7fee96354d432601890c09b470045c270b451fea568d
"storage/resource-library/previews/f24b64986e41ba5aa8c3910eee81f7b073fee892327ae8a4161046fd35fe5f7e/100.jpg",161151,163bd08506b4cb8f4892c01eeac9dad740d9110fd7b7eec77cfaf5489362c16e
"storage/resource-library/previews/f24b64986e41ba5aa8c3910eee81f7b073fee892327ae8a4161046fd35fe5f7e/101.jpg",170331,a1cf09cd4b398077f2c4660d5dd55d9fe2da506dc06b4457ca0d200496885c9b
"storage/resource-library/previews/f24b64986e41ba5aa8c3910eee81f7b073fee892327ae8a4161046fd35fe5f7e/102.jpg",181529,ebb8a7768207bcfa57ad50bf7c3e30b7f2b52fa785476855e38bebb0e4b0336e
"storage/resource-library/previews/f24b64986e41ba5aa8c3910eee81f7b073fee892327ae8a4161046fd35fe5f7e/103.jpg",142023,3e6958123a9c61770f0d034aea40748203e8b82896ca47eaaf01179d749761ae
"storage/resource-library/previews/f24b64986e41ba5aa8c3910eee81f7b073fee892327ae8a4161046fd35fe5f7e/104.jpg",136941,96144c2d5bb1fd28cff415aece5550d23cbedad5ae611e012c0cee645a4d2a65
"storage/resource-library/previews/f24b64986e41ba5aa8c3910eee81f7b073fee892327ae8a4161046fd35fe5f7e/105.jpg",165272,e0ff3ea9dcd9ad3a4581949e67246efc76944fedab1ee97f19e9b0e31b13cb23
"storage/resource-library/previews/f24b64986e41ba5aa8c3910eee81f7b073fee892327ae8a4161046fd35fe5f7e/106.jpg",171769,8a4ea781fd9cab2859bdae51a68aa9a06c3f002884d07ecfa7e0b00b24aafdc0
"storage/resource-library/previews/f24b64986e41ba5aa8c3910eee81f7b073fee892327ae8a4161046fd35fe5f7e/107.jpg",206478,2b11ac2f273262fc0d8a12489db9ff086e09fb946a18a52ef6c9e635dc9f2a5a
"storage/resource-library/previews/f24b64986e41ba5aa8c3910eee81f7b073fee892327ae8a4161046fd35fe5f7e/108.jpg",187382,0578f0e30bca0f041c8b0e99001d5249f389bcdf83aec17e900dc3a56db8fb8b
"storage/resource-library/previews/f24b64986e41ba5aa8c3910eee81f7b073fee892327ae8a4161046fd35fe5f7e/11.jpg",202467,be53256ccf3e15097189db296be2f5df1202186a5743f834dda32b51e57c9f4c
"storage/resource-library/previews/f24b64986e41ba5aa8c3910eee81f7b073fee892327ae8a4161046fd35fe5f7e/12.jpg",149212,cc6febf19a941505deb802cbe97cdf899e7ead281277d1651caf139f1eec8ada
"storage/resource-library/previews/f24b64986e41ba5aa8c3910eee81f7b073fee892327ae8a4161046fd35fe5f7e/13.jpg",146605,33cf4bf9bdf0a16f5eedaa3f9c66c294f0f08872bba8349c3c092b5fab164b09
"storage/resource-library/previews/f24b64986e41ba5aa8c3910eee81f7b073fee892327ae8a4161046fd35fe5f7e/14.jpg",149472,cfd5fd0177b1da7807355876e054c759e3191b462a80b15def64c8adf8526893
"storage/resource-library/previews/f24b64986e41ba5aa8c3910eee81f7b073fee892327ae8a4161046fd35fe5f7e/15.jpg",103040,8f72ee6433f7c27cb9b36cd74ff062b8b15e8b8c468424e84453b67ed23fda15
"storage/resource-library/previews/f24b64986e41ba5aa8c3910eee81f7b073fee892327ae8a4161046fd35fe5f7e/16.jpg",154528,1eceb8a36a9df36798d50739fd2b736ebfd0414e418c2c9f0022d7ae2d842a0f
"storage/resource-library/previews/f24b64986e41ba5aa8c3910eee81f7b073fee892327ae8a4161046fd35fe5f7e/17.jpg",124868,5de618907667205617a3ce0da6f90226e0b62b67fc16c2485ff1aba14b37fb1b
"storage/resource-library/previews/f24b64986e41ba5aa8c3910eee81f7b073fee892327ae8a4161046fd35fe5f7e/18.jpg",193775,31f32fbef129328cf2e331e07efbfafad50555b63fb12346450cca0a14d1e3a4
"storage/resource-library/previews/f24b64986e41ba5aa8c3910eee81f7b073fee892327ae8a4161046fd35fe5f7e/19.jpg",160093,523797db2dd3ce0ea6c3d33b564789018777d4a59f4995a8960a972eeda09b9e
"storage/resource-library/previews/f24b64986e41ba5aa8c3910eee81f7b073fee892327ae8a4161046fd35fe5f7e/2.jpg",211002,b33a62bb2797e8605bd4ff9de2a780ecf07caf0237e4a27895fbf77c73cfe77b
"storage/resource-library/previews/f24b64986e41ba5aa8c3910eee81f7b073fee892327ae8a4161046fd35fe5f7e/20.jpg",197506,cf1b76a585bbe1955f6f72d3e6f4c6349eeb15caf0e40efa018ed966b4a9997a
"storage/resource-library/previews/f24b64986e41ba5aa8c3910eee81f7b073fee892327ae8a4161046fd35fe5f7e/21.jpg",201565,e1473c8a41c1ffd836fa8d454720ff5c9f8f5db3faa39a2f6ab54e30dd1c385e
"storage/resource-library/previews/f24b64986e41ba5aa8c3910eee81f7b073fee892327ae8a4161046fd35fe5f7e/22.jpg",160454,9fbc6e039f74f354220ef64b4679be3d64dd4bedc1ee91d7ae5bace30f7c3e94
"storage/resource-library/previews/f24b64986e41ba5aa8c3910eee81f7b073fee892327ae8a4161046fd35fe5f7e/23.jpg",166574,5ac1dc2a9fe8313135562a60538a4cca7e93976dd8fd4c3d3197e2d975cc1d14
"storage/resource-library/previews/f24b64986e41ba5aa8c3910eee81f7b073fee892327ae8a4161046fd35fe5f7e/24.jpg",186964,745697071c81c211115223eef02b08260a2c179b594fbf46f303624757db4393
"storage/resource-library/previews/f24b64986e41ba5aa8c3910eee81f7b073fee892327ae8a4161046fd35fe5f7e/25.jpg",221119,a07043bb14286ba6b3551e550e9e864f71706f1132f5b8bad20f45e9c8785b53
"storage/resource-library/previews/f24b64986e41ba5aa8c3910eee81f7b073fee892327ae8a4161046fd35fe5f7e/26.jpg",156003,f58a653b1425d13f4582120d97a964daa3b1a37b1b165ba83be69e5427ad2b36
"storage/resource-library/previews/f24b64986e41ba5aa8c3910eee81f7b073fee892327ae8a4161046fd35fe5f7e/27.jpg",138873,b96cc209975a780d9d7cd46da698f48555ba7f8da204be1114f8f29942482824
"storage/resource-library/previews/f24b64986e41ba5aa8c3910eee81f7b073fee892327ae8a4161046fd35fe5f7e/28.jpg",142977,76222ca674a099c2d0cb106c6b98f5cc9200a1dcadec855a8979148e330cce05
"storage/resource-library/previews/f24b64986e41ba5aa8c3910eee81f7b073fee892327ae8a4161046fd35fe5f7e/29.jpg",147219,72ae213ea94c7e5bb3ed2cbefec38f31996c6ee5c7ec385ba7f0f381142129e8
"storage/resource-library/previews/f24b64986e41ba5aa8c3910eee81f7b073fee892327ae8a4161046fd35fe5f7e/3.jpg",198325,27d20a7077860c437a51268502cfc51168a8e5c8728d12a82b735e482915cbcb
"storage/resource-library/previews/f24b64986e41ba5aa8c3910eee81f7b073fee892327ae8a4161046fd35fe5f7e/30.jpg",131441,c32d4bcfe4561dd3c78b3d49d5edad9218ce2d6026946ede57fce586f813a7ba
"storage/resource-library/previews/f24b64986e41ba5aa8c3910eee81f7b073fee892327ae8a4161046fd35fe5f7e/31.jpg",163485,ddafa4e077adc20bad46c23510c49f24dd16219215a48977d5dfc4053c535fd9
"storage/resource-library/previews/f24b64986e41ba5aa8c3910eee81f7b073fee892327ae8a4161046fd35fe5f7e/32.jpg",151882,dfb492ffd4272c1fa6b1032c00ff54fee6b2adc5a62818b1e815f9728a0f3114
"storage/resource-library/previews/f24b64986e41ba5aa8c3910eee81f7b073fee892327ae8a4161046fd35fe5f7e/33.jpg",122406,4f9af2e03770bd458f0ff507142b54b9a9397f01ae51f5ad6b7bb9fb7e40de97
"storage/resource-library/previews/f24b64986e41ba5aa8c3910eee81f7b073fee892327ae8a4161046fd35fe5f7e/34.jpg",139447,d591d6ddca584829abee59abfa420bdae5f9935aef574c4c00c7aae233d44202
"storage/resource-library/previews/f24b64986e41ba5aa8c3910eee81f7b073fee892327ae8a4161046fd35fe5f7e/35.jpg",111756,619d14c4cbd2a4c3299569ca4ed729b9808552a77c451b5ed5e4c736d0fa7eb3
"storage/resource-library/previews/f24b64986e41ba5aa8c3910eee81f7b073fee892327ae8a4161046fd35fe5f7e/36.jpg",150585,bde77a4e4191635da90d9bb0048a509b4b2de1157f4b9dd11e87ccd141b1f138
"storage/resource-library/previews/f24b64986e41ba5aa8c3910eee81f7b073fee892327ae8a4161046fd35fe5f7e/37.jpg",184397,42d830febebbdf611d2865a43a33a9ae6afffb8b824b284d0a1827a5d51e3619
"storage/resource-library/previews/f24b64986e41ba5aa8c3910eee81f7b073fee892327ae8a4161046fd35fe5f7e/38.jpg",95906,cc7d840c569007b82fc8753715729f3c4f500283cd41d2be2b891ede2b7f89a8
"storage/resource-library/previews/f24b64986e41ba5aa8c3910eee81f7b073fee892327ae8a4161046fd35fe5f7e/39.jpg",147520,59e934f07e7204e158d5597334a27d407747210691fa73b55bd896867389039a
"storage/resource-library/previews/f24b64986e41ba5aa8c3910eee81f7b073fee892327ae8a4161046fd35fe5f7e/4.jpg",220692,b2edaab930eeca090222232905d7ecc83194c7effb0c81a2e6f1557d45520f83
"storage/resource-library/previews/f24b64986e41ba5aa8c3910eee81f7b073fee892327ae8a4161046fd35fe5f7e/40.jpg",159518,b81a8eeb55da8c6027c0ae61e1f637512f2477ada21a433de207bb375bccfb59
"storage/resource-library/previews/f24b64986e41ba5aa8c3910eee81f7b073fee892327ae8a4161046fd35fe5f7e/41.jpg",180764,098756a0c9ea59df1ff4fa0edfcf15868ce8e09f5baaba6c27a80140e918edf1
"storage/resource-library/previews/f24b64986e41ba5aa8c3910eee81f7b073fee892327ae8a4161046fd35fe5f7e/42.jpg",157904,8d2843f3f22414104ab8f03340e8d8c444ff44cb41bc8dffe74636f106011a6c
"storage/resource-library/previews/f24b64986e41ba5aa8c3910eee81f7b073fee892327ae8a4161046fd35fe5f7e/43.jpg",161007,e13728497e5a700bc9da21333ab77d22260ec64e98e2d515bbda5c45e5190eda
"storage/resource-library/previews/f24b64986e41ba5aa8c3910eee81f7b073fee892327ae8a4161046fd35fe5f7e/44.jpg",151172,82758dff034fa7bfe5ec2a8f0218387f594318decbd9ce066056b7faaa83a42d
"storage/resource-library/previews/f24b64986e41ba5aa8c3910eee81f7b073fee892327ae8a4161046fd35fe5f7e/45.jpg",147275,be65583030265eee9e426d02249a67e6d3b083d09996a7c42faaa94e2e53c306
"storage/resource-library/previews/f24b64986e41ba5aa8c3910eee81f7b073fee892327ae8a4161046fd35fe5f7e/46.jpg",107088,205ee48040ae443c74108d1686267543f589d06a071a51fc32511d4cc78524e4
"storage/resource-library/previews/f24b64986e41ba5aa8c3910eee81f7b073fee892327ae8a4161046fd35fe5f7e/47.jpg",145466,0eec09f1674bc4fd21546b7729b0be9e544d7ad91b977521775b5f9868e62a28
"storage/resource-library/previews/f24b64986e41ba5aa8c3910eee81f7b073fee892327ae8a4161046fd35fe5f7e/48.jpg",78945,8e668e7e82aed8ae11892f0f75ed95b8852823dafb9a7046f22cbc6fd6a43359
"storage/resource-library/previews/f24b64986e41ba5aa8c3910eee81f7b073fee892327ae8a4161046fd35fe5f7e/49.jpg",133156,9e5dc5a62f9eb7f1ad023ff008d2c2a096b07a3a0bb561e30d611634fa7bf8a2
"storage/resource-library/previews/f24b64986e41ba5aa8c3910eee81f7b073fee892327ae8a4161046fd35fe5f7e/5.jpg",238564,9117e163dc05f3cc0f42f53de6673216721f206ee3bfe6d66b563376b8bc8b86
"storage/resource-library/previews/f24b64986e41ba5aa8c3910eee81f7b073fee892327ae8a4161046fd35fe5f7e/50.jpg",180052,fc03a3e24c1e1cf5ac674fb498b21b19608698e3c10f3cefd6ac123e3a7461d6
"storage/resource-library/previews/f24b64986e41ba5aa8c3910eee81f7b073fee892327ae8a4161046fd35fe5f7e/51.jpg",146854,62c67a1f8024a649ee95cc8ada533be839138af8871ff37a1c25634672e0a916
"storage/resource-library/previews/f24b64986e41ba5aa8c3910eee81f7b073fee892327ae8a4161046fd35fe5f7e/52.jpg",145677,dea4444b835dd59c2cc314f29c6f97e18e7c6bd34052801aaef702c5e4428025
"storage/resource-library/previews/f24b64986e41ba5aa8c3910eee81f7b073fee892327ae8a4161046fd35fe5f7e/53.jpg",171578,95a36f74a3933292f2d5f7c7940e25dfd34240d29aa9da708a177761123dbec8
"storage/resource-library/previews/f24b64986e41ba5aa8c3910eee81f7b073fee892327ae8a4161046fd35fe5f7e/54.jpg",156374,90524859769f032167a67ef1cda75de68b00dded8149fe5ce7211df00ea66b00
"storage/resource-library/previews/f24b64986e41ba5aa8c3910eee81f7b073fee892327ae8a4161046fd35fe5f7e/55.jpg",162814,2b549e405eefd4875b55d8fc36a7ab31ae4c55760563bf58bbd797b9ce68c166
"storage/resource-library/previews/f24b64986e41ba5aa8c3910eee81f7b073fee892327ae8a4161046fd35fe5f7e/56.jpg",100102,5d84ed0b58d82f57a2a9bfdb1f33a832a8a73b4f448ad4ba613d452874994a08
"storage/resource-library/previews/f24b64986e41ba5aa8c3910eee81f7b073fee892327ae8a4161046fd35fe5f7e/57.jpg",145204,c7d2dbe45daf60e4943f82caed57a964dd138365550da9a165f60fa241f5aea8
"storage/resource-library/previews/f24b64986e41ba5aa8c3910eee81f7b073fee892327ae8a4161046fd35fe5f7e/58.jpg",119508,7782af43f9b60d7779311a19147048b956ee448695d3ce4cdb6baca522880187
"storage/resource-library/previews/f24b64986e41ba5aa8c3910eee81f7b073fee892327ae8a4161046fd35fe5f7e/59.jpg",141376,e2ce0672990d8648b052ed235d3abda4dd39439ef67a2afc9c8926731f7b4204
"storage/resource-library/previews/f24b64986e41ba5aa8c3910eee81f7b073fee892327ae8a4161046fd35fe5f7e/6.jpg",196478,e9f676ae2064882859344d820eaa4e7198c809314b21b8a9c1833df8770ecfbb
"storage/resource-library/previews/f24b64986e41ba5aa8c3910eee81f7b073fee892327ae8a4161046fd35fe5f7e/60.jpg",174449,1789a22058555319a667d76dce5192f010626cd010c3133ca9b36258bf5d0501
"storage/resource-library/previews/f24b64986e41ba5aa8c3910eee81f7b073fee892327ae8a4161046fd35fe5f7e/61.jpg",151419,1e9d6887d767663c58c9e2092ae879b3dc0333271bcc5b6ac03ecbb6e4ebffec
"storage/resource-library/previews/f24b64986e41ba5aa8c3910eee81f7b073fee892327ae8a4161046fd35fe5f7e/62.jpg",170741,612643b8a5b602aa31befebad7d4327ad92536c6d7efd4c6899867549e6170d3
"storage/resource-library/previews/f24b64986e41ba5aa8c3910eee81f7b073fee892327ae8a4161046fd35fe5f7e/63.jpg",120829,23102f456e18beeb686a3ce0e05d4b0637b55c9322a308ee5162f38655d61e13
"storage/resource-library/previews/f24b64986e41ba5aa8c3910eee81f7b073fee892327ae8a4161046fd35fe5f7e/64.jpg",100958,9efe3a8ce257e28c13554540d01f29404860a10fddf9d5354ea0109946190e41
"storage/resource-library/previews/f24b64986e41ba5aa8c3910eee81f7b073fee892327ae8a4161046fd35fe5f7e/65.jpg",116844,cfd7849b2615a38bbc874f29fc71707c0522d77f6c3b377e516a8714be4880c0
"storage/resource-library/previews/f24b64986e41ba5aa8c3910eee81f7b073fee892327ae8a4161046fd35fe5f7e/66.jpg",118289,a25b2d972a5be05ee8b049f26ecf9f242a2a06415c5adabb04076747cf984ad4
"storage/resource-library/previews/f24b64986e41ba5aa8c3910eee81f7b073fee892327ae8a4161046fd35fe5f7e/67.jpg",128445,abef84bab0c756eb8eec28e5344f2e0fd0bfb33bea2868ad450cc55fb4d41502
"storage/resource-library/previews/f24b64986e41ba5aa8c3910eee81f7b073fee892327ae8a4161046fd35fe5f7e/68.jpg",128545,4d88f8b19313e26942ab9f88cfb15213ef012c6fef3c844c950b870a421039a3
"storage/resource-library/previews/f24b64986e41ba5aa8c3910eee81f7b073fee892327ae8a4161046fd35fe5f7e/69.jpg",126327,6b4be0491673ec5ee8a977f6d51ff9a7e769591dd9c1197afc02c04bba187bc3
"storage/resource-library/previews/f24b64986e41ba5aa8c3910eee81f7b073fee892327ae8a4161046fd35fe5f7e/7.jpg",339263,500a3212e2dd389817e6161374c4f67e4f02366b4bf8d5ca6311f9df57faa222
"storage/resource-library/previews/f24b64986e41ba5aa8c3910eee81f7b073fee892327ae8a4161046fd35fe5f7e/70.jpg",81024,e2ec0447956896727e082c2452c13b1cf557f6787c814b8e36e8f51243f1c3d8
"storage/resource-library/previews/f24b64986e41ba5aa8c3910eee81f7b073fee892327ae8a4161046fd35fe5f7e/71.jpg",128671,6f89859e37adbd7aebf9e42384b29025c8b1a4b3e5d464b64f033588ebdb3b29
"storage/resource-library/previews/f24b64986e41ba5aa8c3910eee81f7b073fee892327ae8a4161046fd35fe5f7e/72.jpg",102489,9f03c61c65e03126ba40efb84630ebcd218f891339e29679cc4d3d45fd1fe95c
"storage/resource-library/previews/f24b64986e41ba5aa8c3910eee81f7b073fee892327ae8a4161046fd35fe5f7e/73.jpg",162032,627f6d5fdd393810f5597b1ee420a797cbf0f19cf34ea4ce29280e302eaa337f
"storage/resource-library/previews/f24b64986e41ba5aa8c3910eee81f7b073fee892327ae8a4161046fd35fe5f7e/74.jpg",193009,1302e30606299df5c37e60de54407669486a16b23bcd751999d2b0e21076e576
"storage/resource-library/previews/f24b64986e41ba5aa8c3910eee81f7b073fee892327ae8a4161046fd35fe5f7e/75.jpg",211052,107d0bfec418aa64ea60c9f4d87e3369dd16f04e2520be635a0a13ee29fd1760
"storage/resource-library/previews/f24b64986e41ba5aa8c3910eee81f7b073fee892327ae8a4161046fd35fe5f7e/76.jpg",94277,f330085e179acecb9d614410b6d29a0cf8087c500fb5603582a59902b9510b6c
"storage/resource-library/previews/f24b64986e41ba5aa8c3910eee81f7b073fee892327ae8a4161046fd35fe5f7e/77.jpg",228673,1a818e0e2a0d987ffd0d4b8ac4c01815f51b50873d88a7c2b4551cfcb0af00f4
"storage/resource-library/previews/f24b64986e41ba5aa8c3910eee81f7b073fee892327ae8a4161046fd35fe5f7e/78.jpg",192338,84a7b497c7bdb51d0c51839c51b8c12fd7b554965181425d315c8483489fd67f
"storage/resource-library/previews/f24b64986e41ba5aa8c3910eee81f7b073fee892327ae8a4161046fd35fe5f7e/79.jpg",69395,23d7936a46158d14b5575780ac34ef63baed4c8f78ce73487084ebee6b2eb976
"storage/resource-library/previews/f24b64986e41ba5aa8c3910eee81f7b073fee892327ae8a4161046fd35fe5f7e/8.jpg",222013,a5572de7d7a520e171534b1cf420e376ffd8df097ba8395ba6e2802ab928f54c
"storage/resource-library/previews/f24b64986e41ba5aa8c3910eee81f7b073fee892327ae8a4161046fd35fe5f7e/80.jpg",199581,409cf3565cb9be172a7cbe3af23cba05945cf43554bd75debc8781680463cb99
"storage/resource-library/previews/f24b64986e41ba5aa8c3910eee81f7b073fee892327ae8a4161046fd35fe5f7e/81.jpg",235053,fffd1c4d7671f549493fe55cbd6a9ce5352ae71ce2fd09568e1a90b3dbc70ec6
"storage/resource-library/previews/f24b64986e41ba5aa8c3910eee81f7b073fee892327ae8a4161046fd35fe5f7e/82.jpg",189267,0e526243cac6c26110d7276f04605ba0ba784dfe0dc2a8f02952424036fb094f
"storage/resource-library/previews/f24b64986e41ba5aa8c3910eee81f7b073fee892327ae8a4161046fd35fe5f7e/83.jpg",215143,9a7faabab5ee9957e36e0742ba5514750dec7c9f436924c5ae28202f9803b663
"storage/resource-library/previews/f24b64986e41ba5aa8c3910eee81f7b073fee892327ae8a4161046fd35fe5f7e/84.jpg",203970,5db3f9f0ed3ca33b13582256caa7276773c43bd145442f6b27cad52f522861f1
"storage/resource-library/previews/f24b64986e41ba5aa8c3910eee81f7b073fee892327ae8a4161046fd35fe5f7e/85.jpg",188900,a33caaabbe72f763cebc151456144c25f8ef7edadccfe9e402934b4a10a77670
"storage/resource-library/previews/f24b64986e41ba5aa8c3910eee81f7b073fee892327ae8a4161046fd35fe5f7e/86.jpg",241822,670d8739cd9ec5e0ed08a2887c7eaabd7cd6c4da7606d89c37232e061ecf9d6d
"storage/resource-library/previews/f24b64986e41ba5aa8c3910eee81f7b073fee892327ae8a4161046fd35fe5f7e/87.jpg",178192,7f4cce2bb5e2cee518533a199491ba0b1ac0da691529f6323498fde8e0fe5b8a
"storage/resource-library/previews/f24b64986e41ba5aa8c3910eee81f7b073fee892327ae8a4161046fd35fe5f7e/88.jpg",152768,da382302d611bc19d64fce31b86d430da9c4af3c476a9acfde0fa2a3da31f548
"storage/resource-library/previews/f24b64986e41ba5aa8c3910eee81f7b073fee892327ae8a4161046fd35fe5f7e/89.jpg",173174,282469e86722b6930785a7d3fbf5c713846707e1eda25bf3b0e0924753f84259
"storage/resource-library/previews/f24b64986e41ba5aa8c3910eee81f7b073fee892327ae8a4161046fd35fe5f7e/9.jpg",83206,dd9707e38ceca2d6b56d84d88445284441a7e1be2ca2971801cbbeb2656ea0bf
"storage/resource-library/previews/f24b64986e41ba5aa8c3910eee81f7b073fee892327ae8a4161046fd35fe5f7e/90.jpg",215843,da8ac6d17b89667fef8b0d87d2ef9116ae5036ed1849bd980655c1115ffa6eae
"storage/resource-library/previews/f24b64986e41ba5aa8c3910eee81f7b073fee892327ae8a4161046fd35fe5f7e/91.jpg",186687,732959ee73357ad54dcb8ad3c95f0a2f14d08b44534888e07224bde38e7b77fc
"storage/resource-library/previews/f24b64986e41ba5aa8c3910eee81f7b073fee892327ae8a4161046fd35fe5f7e/92.jpg",193011,549bf1b4896d24f3d7653e9a6f06082797b73439c978d7c00925960606fbda03
"storage/resource-library/previews/f24b64986e41ba5aa8c3910eee81f7b073fee892327ae8a4161046fd35fe5f7e/93.jpg",224832,8e6b22657cf6bfeae449fe2f131b3b6964c07aafae6a0b72e7d8c8b82af2ad38
"storage/resource-library/previews/f24b64986e41ba5aa8c3910eee81f7b073fee892327ae8a4161046fd35fe5f7e/94.jpg",178005,6a514600a7437e7a37b9e906c395ad9a1d9baf5f11ef16b9c0908772681190eb
"storage/resource-library/previews/f24b64986e41ba5aa8c3910eee81f7b073fee892327ae8a4161046fd35fe5f7e/95.jpg",230847,0b7caca7fe40e86e5f561b83cd88bd8ade6a90d2ad1655fd1da03cec10ec52d5
"storage/resource-library/previews/f24b64986e41ba5aa8c3910eee81f7b073fee892327ae8a4161046fd35fe5f7e/96.jpg",175537,4778699a8444cfbd353cf49d4a5fc736b53379c62378884d81038c326587ef57
"storage/resource-library/previews/f24b64986e41ba5aa8c3910eee81f7b073fee892327ae8a4161046fd35fe5f7e/97.jpg",164032,2e6935af139fff578803789f3c1ddf8c3e0d49b8d8c44150bdafb7141dd30c85
"storage/resource-library/previews/f24b64986e41ba5aa8c3910eee81f7b073fee892327ae8a4161046fd35fe5f7e/98.jpg",265745,4afb3d7a6de2674d24424eeded2f36051dc52931198a599a7ae5aa5df4abf2a0
"storage/resource-library/previews/f24b64986e41ba5aa8c3910eee81f7b073fee892327ae8a4161046fd35fe5f7e/99.jpg",186943,96a4f7e940a7daab6b2df3e15fe8674e03964ee945d85ddac7bbc49840efa750
"storage/resource-library/previews/f24b64986e41ba5aa8c3910eee81f7b073fee892327ae8a4161046fd35fe5f7e/manifest.json",14,f2173ebc6da4a229e9356d92c6a05f0282bd96547240c047eac2a95168b5af66
"storage/resource-library/quantum-computing-notes.pdf",6906378,8675a08c3912452710530e85b5fb664b41dc04e605855d165d12745bc1ad5a3d
"tests/.htaccess",19,fa28d421a28ed9b6f4b997d5119c2b8adbacff6e2dd119a179b71230f9664934
"tests/deployment.php",1309,ca5d761d5c5a8dbe64d9e91e66dd96bb41e861b4b084f0ed3ebf33c842610358
"uploads/.htaccess",125,4a14c05ba6832400f42e538e4dbbefb42d479546a6739a8a80dc3714cb388a4e
"uploads/avatars/.gitkeep",0,e3b0c44298fc1c149afbf4c8996fb92427ae41e4649b934ca495991b7852b855
